-- phpMyAdmin SQL Dump
-- version 4.4.15.5
-- http://www.phpmyadmin.net
--
-- Host: localhost
-- Generation Time: 2016-10-07 03:37:22
-- 服务器版本： 5.7.11
-- PHP Version: 5.4.35

SET SQL_MODE = "NO_AUTO_VALUE_ON_ZERO";
SET time_zone = "+00:00";


/*!40101 SET @OLD_CHARACTER_SET_CLIENT=@@CHARACTER_SET_CLIENT */;
/*!40101 SET @OLD_CHARACTER_SET_RESULTS=@@CHARACTER_SET_RESULTS */;
/*!40101 SET @OLD_COLLATION_CONNECTION=@@COLLATION_CONNECTION */;
/*!40101 SET NAMES utf8mb4 */;

--
-- Database: `bridge`
--

-- --------------------------------------------------------

--
-- 表的结构 `ci_sessions`
--

CREATE TABLE IF NOT EXISTS `ci_sessions` (
  `id` varchar(40) NOT NULL,
  `ip_address` varchar(45) NOT NULL,
  `timestamp` int(10) unsigned NOT NULL DEFAULT '0',
  `data` blob NOT NULL
) ENGINE=InnoDB DEFAULT CHARSET=utf8;

--
-- 转存表中的数据 `ci_sessions`
--

INSERT INTO `ci_sessions` (`id`, `ip_address`, `timestamp`, `data`) VALUES
('3b2bf2c784fcdb2d0c64acc271de9d5f026bcabf', '127.0.0.1', 1475488734, 0x5f5f63695f6c6173745f726567656e65726174657c693a313437353438383434363b6964656e746974797c733a373a2274656163686572223b757365726e616d657c733a373a2274656163686572223b656d61696c7c733a31373a22746561636865724061646d696e2e636f6d223b757365725f69647c733a313a2233223b6f6c645f6c6173745f6c6f67696e7c733a31303a2231343735343737323433223b),
('a9d6a4a025c6d6f1a4661d5fb69bee0644476841', '127.0.0.1', 1475488878, 0x5f5f63695f6c6173745f726567656e65726174657c693a313437353438383734383b6964656e746974797c733a373a2274656163686572223b757365726e616d657c733a373a2274656163686572223b656d61696c7c733a31373a22746561636865724061646d696e2e636f6d223b757365725f69647c733a313a2233223b6f6c645f6c6173745f6c6f67696e7c733a31303a2231343735343737323433223b),
('892dd1aa0f2716eece8219002a2c2d14b6444be3', '127.0.0.1', 1475496812, 0x5f5f63695f6c6173745f726567656e65726174657c693a313437353439363830343b6964656e746974797c733a373a2274656163686572223b757365726e616d657c733a373a2274656163686572223b656d61696c7c733a31373a22746561636865724061646d696e2e636f6d223b757365725f69647c733a313a2233223b6f6c645f6c6173745f6c6f67696e7c733a31303a2231343735343838343531223b),
('e3618e456f9104b9ca9361109ff2c75bf3e2eac7', '127.0.0.1', 1475498711, 0x5f5f63695f6c6173745f726567656e65726174657c693a313437353439383633393b6964656e746974797c733a363a227363686f6f6c223b757365726e616d657c733a363a227363686f6f6c223b656d61696c7c733a31363a227363686f6f6c4061646d696e2e636f6d223b757365725f69647c733a313a2232223b6f6c645f6c6173745f6c6f67696e7c733a31303a2231343735313931323036223b),
('983629d1d79d45cdfbea9b7d7cb3a4e1308ff935', '127.0.0.1', 1475499862, 0x5f5f63695f6c6173745f726567656e65726174657c693a313437353439393739383b6964656e746974797c733a363a227363686f6f6c223b757365726e616d657c733a363a227363686f6f6c223b656d61696c7c733a31363a227363686f6f6c4061646d696e2e636f6d223b757365725f69647c733a313a2232223b6f6c645f6c6173745f6c6f67696e7c733a31303a2231343735313931323036223b),
('3c9b79d78c7b1d55d16d253bd34ce4e467eee877', '127.0.0.1', 1475500504, 0x5f5f63695f6c6173745f726567656e65726174657c693a313437353530303530343b6964656e746974797c733a363a227363686f6f6c223b757365726e616d657c733a363a227363686f6f6c223b656d61696c7c733a31363a227363686f6f6c4061646d696e2e636f6d223b757365725f69647c733a313a2232223b6f6c645f6c6173745f6c6f67696e7c733a31303a2231343735313931323036223b),
('c2d507cbb992e791e983ef2eefd7e6a488cbfcba', '127.0.0.1', 1475548716, 0x5f5f63695f6c6173745f726567656e65726174657c693a313437353534383637363b6964656e746974797c733a363a227363686f6f6c223b757365726e616d657c733a363a227363686f6f6c223b656d61696c7c733a31363a227363686f6f6c4061646d696e2e636f6d223b757365725f69647c733a313a2232223b6f6c645f6c6173745f6c6f67696e7c733a31303a2231343735343938363439223b),
('5f338b8050122044d9151e891cd88db8efbaf8d7', '127.0.0.1', 1475549361, 0x5f5f63695f6c6173745f726567656e65726174657c693a313437353534393131383b6964656e746974797c733a363a227363686f6f6c223b757365726e616d657c733a363a227363686f6f6c223b656d61696c7c733a31363a227363686f6f6c4061646d696e2e636f6d223b757365725f69647c733a313a2232223b6f6c645f6c6173745f6c6f67696e7c733a31303a2231343735343938363439223b),
('671a8b868b5a6a62e9ea9ca19e33643b52ad3b19', '127.0.0.1', 1475549609, 0x5f5f63695f6c6173745f726567656e65726174657c693a313437353534393630393b6964656e746974797c733a363a227363686f6f6c223b757365726e616d657c733a363a227363686f6f6c223b656d61696c7c733a31363a227363686f6f6c4061646d696e2e636f6d223b757365725f69647c733a313a2232223b6f6c645f6c6173745f6c6f67696e7c733a31303a2231343735343938363439223b),
('3b61ca3921670d0f2882d045a11843eafcb80394', '127.0.0.1', 1475551084, 0x5f5f63695f6c6173745f726567656e65726174657c693a313437353535303834353b6964656e746974797c733a363a227363686f6f6c223b757365726e616d657c733a363a227363686f6f6c223b656d61696c7c733a31363a227363686f6f6c4061646d696e2e636f6d223b757365725f69647c733a313a2232223b6f6c645f6c6173745f6c6f67696e7c733a31303a2231343735343938363439223b),
('add65d1cf9c012c01e776ff09e74d33d6863c6ea', '127.0.0.1', 1475551166, 0x5f5f63695f6c6173745f726567656e65726174657c693a313437353535313135363b6964656e746974797c733a363a227363686f6f6c223b757365726e616d657c733a363a227363686f6f6c223b656d61696c7c733a31363a227363686f6f6c4061646d696e2e636f6d223b757365725f69647c733a313a2232223b6f6c645f6c6173745f6c6f67696e7c733a31303a2231343735343938363439223b),
('8ae80ab51c65fe04ce58861af911850a6b45dd20', '127.0.0.1', 1475551713, 0x5f5f63695f6c6173745f726567656e65726174657c693a313437353535313436343b6964656e746974797c733a363a227363686f6f6c223b757365726e616d657c733a363a227363686f6f6c223b656d61696c7c733a31363a227363686f6f6c4061646d696e2e636f6d223b757365725f69647c733a313a2232223b6f6c645f6c6173745f6c6f67696e7c733a31303a2231343735343938363439223b),
('aec170777ee78093a6d1560c8fe70e91a004eaff', '127.0.0.1', 1475552067, 0x5f5f63695f6c6173745f726567656e65726174657c693a313437353535313737313b6964656e746974797c733a363a227363686f6f6c223b757365726e616d657c733a363a227363686f6f6c223b656d61696c7c733a31363a227363686f6f6c4061646d696e2e636f6d223b757365725f69647c733a313a2232223b6f6c645f6c6173745f6c6f67696e7c733a31303a2231343735343938363439223b),
('115b9fd9c3a0a19b35e4c1a14dd865e28da4c283', '127.0.0.1', 1475552158, 0x5f5f63695f6c6173745f726567656e65726174657c693a313437353535323039373b6964656e746974797c733a363a227363686f6f6c223b757365726e616d657c733a363a227363686f6f6c223b656d61696c7c733a31363a227363686f6f6c4061646d696e2e636f6d223b757365725f69647c733a313a2232223b6f6c645f6c6173745f6c6f67696e7c733a31303a2231343735343938363439223b),
('e5d6578211a047432b62ded23a7d7d76e4d01092', '127.0.0.1', 1475552453, 0x5f5f63695f6c6173745f726567656e65726174657c693a313437353535323434343b6964656e746974797c733a363a227363686f6f6c223b757365726e616d657c733a363a227363686f6f6c223b656d61696c7c733a31363a227363686f6f6c4061646d696e2e636f6d223b757365725f69647c733a313a2232223b6f6c645f6c6173745f6c6f67696e7c733a31303a2231343735343938363439223b),
('cf565aab9a2c2326905afc1db1327cf612612d80', '127.0.0.1', 1475562471, 0x5f5f63695f6c6173745f726567656e65726174657c693a313437353536323433303b6964656e746974797c733a363a227363686f6f6c223b757365726e616d657c733a363a227363686f6f6c223b656d61696c7c733a31363a227363686f6f6c4061646d696e2e636f6d223b757365725f69647c733a313a2232223b6f6c645f6c6173745f6c6f67696e7c733a31303a2231343735353438363836223b),
('ae273c39486f80e2ca472c2166c95b4936615534', '127.0.0.1', 1475566445, 0x5f5f63695f6c6173745f726567656e65726174657c693a313437353536363238363b6964656e746974797c733a363a227363686f6f6c223b757365726e616d657c733a363a227363686f6f6c223b656d61696c7c733a31363a227363686f6f6c4061646d696e2e636f6d223b757365725f69647c733a313a2232223b6f6c645f6c6173745f6c6f67696e7c733a31303a2231343735353438363836223b),
('b7e6bacdd70a0b07e8e071d576350bfa2f2cc6af', '127.0.0.1', 1475567023, 0x5f5f63695f6c6173745f726567656e65726174657c693a313437353536363836343b6964656e746974797c733a363a227363686f6f6c223b757365726e616d657c733a363a227363686f6f6c223b656d61696c7c733a31363a227363686f6f6c4061646d696e2e636f6d223b757365725f69647c733a313a2232223b6f6c645f6c6173745f6c6f67696e7c733a31303a2231343735353438363836223b),
('27b8b6a9002359b11d865c9a75a1525189ec5d75', '127.0.0.1', 1475567758, 0x5f5f63695f6c6173745f726567656e65726174657c693a313437353536373731393b6964656e746974797c733a363a227363686f6f6c223b757365726e616d657c733a363a227363686f6f6c223b656d61696c7c733a31363a227363686f6f6c4061646d696e2e636f6d223b757365725f69647c733a313a2232223b6f6c645f6c6173745f6c6f67696e7c733a31303a2231343735353438363836223b),
('0865737f6bbfa8788c0f1551ed884651f74f7375', '127.0.0.1', 1475569392, 0x5f5f63695f6c6173745f726567656e65726174657c693a313437353536393231393b6964656e746974797c733a363a227363686f6f6c223b757365726e616d657c733a363a227363686f6f6c223b656d61696c7c733a31363a227363686f6f6c4061646d696e2e636f6d223b757365725f69647c733a313a2232223b6f6c645f6c6173745f6c6f67696e7c733a31303a2231343735353438363836223b),
('a22b8bbc906877f5739e5fc1039daa442514d32c', '127.0.0.1', 1475569807, 0x5f5f63695f6c6173745f726567656e65726174657c693a313437353536393533313b6964656e746974797c733a363a227363686f6f6c223b757365726e616d657c733a363a227363686f6f6c223b656d61696c7c733a31363a227363686f6f6c4061646d696e2e636f6d223b757365725f69647c733a313a2232223b6f6c645f6c6173745f6c6f67696e7c733a31303a2231343735353438363836223b),
('6216df5c0189212c5416420586c1139ba0a13eff', '127.0.0.1', 1475570117, 0x5f5f63695f6c6173745f726567656e65726174657c693a313437353536393836303b6964656e746974797c733a363a227363686f6f6c223b757365726e616d657c733a363a227363686f6f6c223b656d61696c7c733a31363a227363686f6f6c4061646d696e2e636f6d223b757365725f69647c733a313a2232223b6f6c645f6c6173745f6c6f67696e7c733a31303a2231343735353438363836223b),
('08e8c0ce959cb88a5c7136c25dce1a5670444961', '127.0.0.1', 1475570243, 0x5f5f63695f6c6173745f726567656e65726174657c693a313437353537303234333b6964656e746974797c733a363a227363686f6f6c223b757365726e616d657c733a363a227363686f6f6c223b656d61696c7c733a31363a227363686f6f6c4061646d696e2e636f6d223b757365725f69647c733a313a2232223b6f6c645f6c6173745f6c6f67696e7c733a31303a2231343735353438363836223b),
('8a95efdc85b17d898c2e159b17248ca68a88f422', '127.0.0.1', 1475570995, 0x5f5f63695f6c6173745f726567656e65726174657c693a313437353537303730363b6964656e746974797c733a363a227363686f6f6c223b757365726e616d657c733a363a227363686f6f6c223b656d61696c7c733a31363a227363686f6f6c4061646d696e2e636f6d223b757365725f69647c733a313a2232223b6f6c645f6c6173745f6c6f67696e7c733a31303a2231343735353438363836223b),
('ddb25239b77a333d77c76979d065e9b48964db6f', '127.0.0.1', 1475571293, 0x5f5f63695f6c6173745f726567656e65726174657c693a313437353537313030383b6964656e746974797c733a363a227363686f6f6c223b757365726e616d657c733a363a227363686f6f6c223b656d61696c7c733a31363a227363686f6f6c4061646d696e2e636f6d223b757365725f69647c733a313a2232223b6f6c645f6c6173745f6c6f67696e7c733a31303a2231343735353438363836223b),
('b82b9d5458b5ded5e5022d5ea07d693259ae8676', '127.0.0.1', 1475571606, 0x5f5f63695f6c6173745f726567656e65726174657c693a313437353537313338313b6964656e746974797c733a363a227363686f6f6c223b757365726e616d657c733a363a227363686f6f6c223b656d61696c7c733a31363a227363686f6f6c4061646d696e2e636f6d223b757365725f69647c733a313a2232223b6f6c645f6c6173745f6c6f67696e7c733a31303a2231343735353438363836223b),
('c22d3d57441af52c973e8dd52eceb1720770df02', '127.0.0.1', 1475577120, 0x5f5f63695f6c6173745f726567656e65726174657c693a313437353537363937313b6964656e746974797c733a363a227363686f6f6c223b757365726e616d657c733a363a227363686f6f6c223b656d61696c7c733a31363a227363686f6f6c4061646d696e2e636f6d223b757365725f69647c733a313a2232223b6f6c645f6c6173745f6c6f67696e7c733a31303a2231343735353438363836223b),
('43a116951a5718d6c4300cdcceebc15b36df5b29', '127.0.0.1', 1475583318, 0x5f5f63695f6c6173745f726567656e65726174657c693a313437353538333031393b6964656e746974797c733a363a227363686f6f6c223b757365726e616d657c733a363a227363686f6f6c223b656d61696c7c733a31363a227363686f6f6c4061646d696e2e636f6d223b757365725f69647c733a313a2232223b6f6c645f6c6173745f6c6f67696e7c733a31303a2231343735353438363836223b),
('b43b9253a2600984f42bd16c71a8885809c09777', '127.0.0.1', 1475583364, 0x5f5f63695f6c6173745f726567656e65726174657c693a313437353538333332303b6964656e746974797c733a363a227363686f6f6c223b757365726e616d657c733a363a227363686f6f6c223b656d61696c7c733a31363a227363686f6f6c4061646d696e2e636f6d223b757365725f69647c733a313a2232223b6f6c645f6c6173745f6c6f67696e7c733a31303a2231343735353438363836223b),
('47e984a5bf233a97da6466ef43f73a61ced71cf9', '127.0.0.1', 1475584496, 0x5f5f63695f6c6173745f726567656e65726174657c693a313437353538343237333b6964656e746974797c733a373a2274656163686572223b757365726e616d657c733a373a2274656163686572223b656d61696c7c733a31373a22746561636865724061646d696e2e636f6d223b757365725f69647c733a313a2233223b6f6c645f6c6173745f6c6f67696e7c733a31303a2231343735343936383039223b636c617373657349647c733a313a2235223b),
('980b8b8b54d3ed21216451f9a10b5c7c42db808b', '127.0.0.1', 1475586161, 0x5f5f63695f6c6173745f726567656e65726174657c693a313437353538353733373b6964656e746974797c733a373a2274656163686572223b757365726e616d657c733a373a2274656163686572223b656d61696c7c733a31373a22746561636865724061646d696e2e636f6d223b757365725f69647c733a313a2233223b6f6c645f6c6173745f6c6f67696e7c733a31303a2231343735343936383039223b636c617373657349647c733a313a2235223b),
('07d73577e759202d453099ed64dca29186723c03', '127.0.0.1', 1475586580, 0x5f5f63695f6c6173745f726567656e65726174657c693a313437353538363234313b6964656e746974797c733a373a2274656163686572223b757365726e616d657c733a373a2274656163686572223b656d61696c7c733a31373a22746561636865724061646d696e2e636f6d223b757365725f69647c733a313a2233223b6f6c645f6c6173745f6c6f67696e7c733a31303a2231343735353834323834223b),
('ded4fb511b258155f89bd4ee9daa4df3043d61cf', '127.0.0.1', 1475586774, 0x5f5f63695f6c6173745f726567656e65726174657c693a313437353538363630373b6964656e746974797c733a373a2274656163686572223b757365726e616d657c733a373a2274656163686572223b656d61696c7c733a31373a22746561636865724061646d696e2e636f6d223b757365725f69647c733a313a2233223b6f6c645f6c6173745f6c6f67696e7c733a31303a2231343735353834323834223b),
('5218de3a56c8d70cb31355f5f2d913323d5a11d7', '127.0.0.1', 1475588608, 0x5f5f63695f6c6173745f726567656e65726174657c693a313437353538373235393b6964656e746974797c733a373a2274656163686572223b757365726e616d657c733a373a2274656163686572223b656d61696c7c733a31373a22746561636865724061646d696e2e636f6d223b757365725f69647c733a313a2233223b6f6c645f6c6173745f6c6f67696e7c733a31303a2231343735353834323834223b),
('e3ca52e9c21c04393c11f5b5911b96be13799cff', '127.0.0.1', 1475588934, 0x5f5f63695f6c6173745f726567656e65726174657c693a313437353538383631373b6964656e746974797c733a373a2274656163686572223b757365726e616d657c733a373a2274656163686572223b656d61696c7c733a31373a22746561636865724061646d696e2e636f6d223b757365725f69647c733a313a2233223b6f6c645f6c6173745f6c6f67696e7c733a31303a2231343735353834323834223b),
('a1054689e67423aaeaf8908ba7035fd63d84ccdb', '127.0.0.1', 1475589264, 0x5f5f63695f6c6173745f726567656e65726174657c693a313437353538383934393b6964656e746974797c733a373a2274656163686572223b757365726e616d657c733a373a2274656163686572223b656d61696c7c733a31373a22746561636865724061646d696e2e636f6d223b757365725f69647c733a313a2233223b6f6c645f6c6173745f6c6f67696e7c733a31303a2231343735353834323834223b),
('83133b8fd1f4f49d683da95b93053e2261dbffd0', '127.0.0.1', 1475589447, 0x5f5f63695f6c6173745f726567656e65726174657c693a313437353538393237323b6964656e746974797c733a373a2274656163686572223b757365726e616d657c733a373a2274656163686572223b656d61696c7c733a31373a22746561636865724061646d696e2e636f6d223b757365725f69647c733a313a2233223b6f6c645f6c6173745f6c6f67696e7c733a31303a2231343735353834323834223b636c617373657349647c733a313a2232223b),
('da227031622dc92819933bdf364012b704fb8c6b', '127.0.0.1', 1475589662, 0x5f5f63695f6c6173745f726567656e65726174657c693a313437353538393537353b6964656e746974797c733a373a2274656163686572223b757365726e616d657c733a373a2274656163686572223b656d61696c7c733a31373a22746561636865724061646d696e2e636f6d223b757365725f69647c733a313a2233223b6f6c645f6c6173745f6c6f67696e7c733a31303a2231343735353834323834223b),
('59004135efc02765fc40e5a0b85a59232316d946', '127.0.0.1', 1475590631, 0x5f5f63695f6c6173745f726567656e65726174657c693a313437353539303433313b6964656e746974797c733a373a2274656163686572223b757365726e616d657c733a373a2274656163686572223b656d61696c7c733a31373a22746561636865724061646d696e2e636f6d223b757365725f69647c733a313a2233223b6f6c645f6c6173745f6c6f67696e7c733a31303a2231343735353834323834223b636c617373657349647c733a323a223130223b),
('4273d9abb59c794ff1feb908e007c0bae0abb36f', '127.0.0.1', 1475591014, 0x5f5f63695f6c6173745f726567656e65726174657c693a313437353539303736313b6964656e746974797c733a373a2274656163686572223b757365726e616d657c733a373a2274656163686572223b656d61696c7c733a31373a22746561636865724061646d696e2e636f6d223b757365725f69647c733a313a2233223b6f6c645f6c6173745f6c6f67696e7c733a31303a2231343735353834323834223b636c617373657349647c733a313a2233223b),
('bf03df541e3305486e4caaf3cb84a47d0186a6e2', '127.0.0.1', 1475591351, 0x5f5f63695f6c6173745f726567656e65726174657c693a313437353539313335313b),
('08d213f480886a233d2b8b0e60fc616bfe9e11ec', '127.0.0.1', 1475627928, 0x5f5f63695f6c6173745f726567656e65726174657c693a313437353632373837383b6964656e746974797c733a363a227363686f6f6c223b757365726e616d657c733a363a227363686f6f6c223b656d61696c7c733a31363a227363686f6f6c4061646d696e2e636f6d223b757365725f69647c733a313a2232223b6f6c645f6c6173745f6c6f67696e7c733a31303a2231343735353836323236223b),
('ebdfed8b61e85494205856f4822823777aa650c2', '127.0.0.1', 1475628416, 0x5f5f63695f6c6173745f726567656e65726174657c693a313437353632383431353b),
('99ef39f84afc35e87ec0047c455a42dbe0bd60d2', '127.0.0.1', 1475636436, 0x5f5f63695f6c6173745f726567656e65726174657c693a313437353633363433363b),
('54dcaf174eabb351bb00bee03ec3c1c1e6cedd20', '127.0.0.1', 1475636440, 0x5f5f63695f6c6173745f726567656e65726174657c693a313437353633363434303b),
('53404050c691ecd6461e1bfcd913a8ea2ae73b8b', '127.0.0.1', 1475811422, 0x5f5f63695f6c6173745f726567656e65726174657c693a313437353831313136343b6964656e746974797c733a373a2274656163686572223b757365726e616d657c733a373a2274656163686572223b656d61696c7c733a31373a22746561636865724061646d696e2e636f6d223b757365725f69647c733a313a2233223b6f6c645f6c6173745f6c6f67696e7c733a31303a2231343735383130393531223b);

-- --------------------------------------------------------

--
-- 表的结构 `classes`
--

CREATE TABLE IF NOT EXISTS `classes` (
  `id` int(11) NOT NULL,
  `name` varchar(45) NOT NULL,
  `class_number` int(11) NOT NULL,
  `grade_number` int(11) NOT NULL
) ENGINE=InnoDB AUTO_INCREMENT=25 DEFAULT CHARSET=utf8;

--
-- 转存表中的数据 `classes`
--

INSERT INTO `classes` (`id`, `name`, `class_number`, `grade_number`) VALUES
(1, '一甲', 1, 1),
(2, '一乙', 2, 1),
(3, '一丙', 3, 1),
(4, '一丁', 4, 1),
(5, '二甲', 1, 2),
(6, '二乙', 2, 2),
(7, '二丙', 3, 2),
(8, '二丁', 4, 2),
(9, '三甲', 1, 3),
(10, '三乙', 2, 3),
(11, '三丙', 3, 3),
(12, '三丁', 4, 3),
(13, '四甲', 1, 4),
(14, '四乙', 2, 4),
(15, '四丙', 3, 4),
(16, '四丁', 4, 4),
(17, '五甲', 1, 5),
(18, '五乙', 2, 5),
(19, '五丙', 3, 5),
(20, '五丁', 4, 5),
(21, '六甲', 1, 6),
(22, '六乙', 2, 6),
(23, '六丙', 3, 6),
(24, '六丁', 4, 6);

-- --------------------------------------------------------

--
-- 表的结构 `courses`
--

CREATE TABLE IF NOT EXISTS `courses` (
  `id` int(11) NOT NULL,
  `courses_number` int(11) NOT NULL,
  `name` varchar(45) NOT NULL
) ENGINE=InnoDB AUTO_INCREMENT=11 DEFAULT CHARSET=utf8;

--
-- 转存表中的数据 `courses`
--

INSERT INTO `courses` (`id`, `courses_number`, `name`) VALUES
(1, 1, '语文'),
(2, 2, '数学'),
(3, 3, '英语'),
(4, 4, '音乐'),
(5, 5, '体育'),
(6, 6, '美术'),
(7, 7, '科学'),
(8, 8, '信息'),
(9, 9, '综合'),
(10, 10, '校本');

-- --------------------------------------------------------

--
-- 表的结构 `courses_teachers`
--

CREATE TABLE IF NOT EXISTS `courses_teachers` (
  `id` int(11) NOT NULL,
  `courses_id` int(11) NOT NULL,
  `teachers_users_id` int(10) unsigned NOT NULL
) ENGINE=InnoDB AUTO_INCREMENT=3 DEFAULT CHARSET=utf8;

--
-- 转存表中的数据 `courses_teachers`
--

INSERT INTO `courses_teachers` (`id`, `courses_id`, `teachers_users_id`) VALUES
(1, 1, 3),
(2, 2, 3);

-- --------------------------------------------------------

--
-- 表的结构 `course_training_goal`
--

CREATE TABLE IF NOT EXISTS `course_training_goal` (
  `id` int(11) NOT NULL,
  `order_number` int(11) DEFAULT NULL,
  `description` varchar(45) NOT NULL,
  `courses_id` int(11) NOT NULL
) ENGINE=InnoDB DEFAULT CHARSET=utf8;

-- --------------------------------------------------------

--
-- 表的结构 `evaluation`
--

CREATE TABLE IF NOT EXISTS `evaluation` (
  `id` int(11) NOT NULL,
  `evaluate_date` datetime DEFAULT NULL,
  `courses_id` int(11) NOT NULL,
  `evaluation_indexs_id` int(11) NOT NULL,
  `evaluation_details_id` int(11) NOT NULL,
  `scores_id` int(11) NOT NULL,
  `teachers_users_id` int(10) unsigned NOT NULL,
  `students_users_id` int(10) unsigned NOT NULL
) ENGINE=InnoDB AUTO_INCREMENT=39 DEFAULT CHARSET=utf8;

-- --------------------------------------------------------

--
-- 表的结构 `evaluation_details`
--

CREATE TABLE IF NOT EXISTS `evaluation_details` (
  `id` int(11) NOT NULL,
  `description` varchar(100) NOT NULL,
  `last_update_date` datetime DEFAULT NULL,
  `last_updated_by` varchar(45) DEFAULT NULL,
  `evaluation_indexs_id` int(11) NOT NULL,
  `order_number` int(11) DEFAULT NULL
) ENGINE=InnoDB AUTO_INCREMENT=116 DEFAULT CHARSET=utf8;

--
-- 转存表中的数据 `evaluation_details`
--

INSERT INTO `evaluation_details` (`id`, `description`, `last_update_date`, `last_updated_by`, `evaluation_indexs_id`, `order_number`) VALUES
(1, '课堂认真参与', NULL, 'teacher', 1, NULL),
(3, '课堂积极参与', NULL, 'teacher', 1, NULL),
(9, '课堂纪律有进步', NULL, 'teacher', 3, NULL),
(10, '课堂参与有进步', NULL, 'teacher', 3, NULL),
(11, '课堂上学习不认真', NULL, 'teacher', 3, NULL),
(12, '课堂作业字迹工整，正确率高', NULL, 'teacher', 5, NULL),
(13, '家庭作业字迹工整，正确率高', NULL, 'teacher', 5, NULL),
(14, '作业完成差', NULL, 'teacher', 5, NULL),
(15, '参与市区各类数学比赛获奖', NULL, 'teacher', 6, NULL),
(16, '担任数学课代表和小组长', NULL, 'teacher', 6, NULL),
(17, '帮助同学提高数学学习能力', NULL, 'teacher', 6, NULL),
(18, '主动参与，精彩发言', NULL, 'teacher', 1, NULL),
(19, '书写工整，按时按量完成', NULL, 'teacher', 7, NULL),
(20, '有创造性', NULL, 'teacher', 7, NULL),
(21, '书写优美', NULL, 'teacher', 7, NULL),
(22, '课堂练习正确率高', NULL, 'teacher', 7, NULL),
(23, '每周坚持课外阅读5次及以上', NULL, 'teacher', 8, NULL),
(24, '坚持摘抄', NULL, 'teacher', 8, NULL),
(25, '坚持写读后感，有一定质量', NULL, 'teacher', 8, NULL),
(26, '积极参与研究学习', NULL, 'teacher', 9, NULL),
(27, '小组合作完成任务', NULL, 'teacher', 9, NULL),
(28, '担任组长组织活动', NULL, 'teacher', 9, NULL),
(29, '按要求提交汇报资料', NULL, 'teacher', 9, NULL),
(30, '汇报活动精彩', NULL, 'teacher', 9, NULL),
(31, '认真参与', NULL, 'teacher', 10, NULL),
(32, '积极参与，表现优秀', NULL, 'teacher', 10, NULL),
(33, '征文等比赛获奖或者发表', NULL, 'teacher', 10, NULL),
(34, '课堂纪律有进步', NULL, 'teacher', 11, NULL),
(35, '积极参与课堂活动', NULL, 'teacher', 11, NULL),
(36, '发言发音准确，流利', NULL, 'teacher', 11, NULL),
(37, '学期评定为优', NULL, 'teacher', 11, NULL),
(38, '听读作业按量完成', NULL, 'teacher', 12, NULL),
(39, '能够背诵课文', NULL, 'teacher', 12, NULL),
(40, '书写作业完成优秀', NULL, 'teacher', 12, NULL),
(41, '积极参与', NULL, 'teacher', 13, NULL),
(42, '评定为一般', NULL, 'teacher', 13, NULL),
(43, '评定为优秀', NULL, 'teacher', 13, NULL),
(44, '能够表演课文对话', NULL, 'teacher', 14, NULL),
(45, '能够脱稿表演课文对话', NULL, 'teacher', 14, NULL),
(46, '能够运用自己的话来表演课文的情境', NULL, 'teacher', 14, NULL),
(47, '课堂纪律有进步', NULL, 'teacher', 15, NULL),
(48, '课堂表现有进步', NULL, 'teacher', 15, NULL),
(49, '能主动帮助他人', NULL, 'teacher', 15, NULL),
(50, '课堂参与有进步', NULL, 'teacher', 15, NULL),
(51, '主动打扫新教室里卫生', NULL, 'teacher', 15, NULL),
(52, '学期评定为优', NULL, 'teacher', 15, NULL),
(53, '参加市区赛', NULL, 'teacher', 17, NULL),
(54, '担任班级音乐课代表', NULL, 'teacher', 17, NULL),
(55, '积极参与学校音乐学科活动', NULL, 'teacher', 17, NULL),
(56, '担任自愿者帮助老师完成学科活动', NULL, 'teacher', 17, NULL),
(57, '积极参与', NULL, 'teacher', 16, NULL),
(58, '评定为一般', NULL, 'teacher', 16, NULL),
(59, '评定为优秀', NULL, 'teacher', 16, NULL),
(60, '课堂纪律有进步', NULL, 'teacher', 18, NULL),
(61, '课堂积极参与锻炼', NULL, 'teacher', 18, NULL),
(62, '能主动帮助他人', NULL, 'teacher', 18, NULL),
(63, '课堂参与有进步', NULL, 'teacher', 18, NULL),
(64, '学期评定为优', NULL, 'teacher', 18, NULL),
(65, '积极参与锻炼身体', NULL, 'teacher', 19, NULL),
(66, '评定为良好', NULL, 'teacher', 19, NULL),
(67, '参加学校训练队', NULL, 'teacher', 19, NULL),
(68, '参加市区赛比赛', NULL, 'teacher', 20, NULL),
(69, '担任班级体育员小组长', NULL, 'teacher', 20, NULL),
(70, '课堂纪律有进步', NULL, 'teacher', 21, NULL),
(71, '积极参与', NULL, 'teacher', 22, NULL),
(72, '参加国家\\省级\\市级\\区级赛', NULL, 'teacher', 23, NULL),
(73, '摆好科学书和文具，安静伏好', NULL, 'teacher', 24, NULL),
(74, '积极发言、认真倾听、合作学习', NULL, 'teacher', 24, NULL),
(75, '有实验记录', NULL, 'teacher', 24, NULL),
(76, '有课后拓展研究', NULL, 'teacher', 24, NULL),
(77, '实验习惯', NULL, 'teacher', 25, NULL),
(78, '实验操作', NULL, 'teacher', 25, NULL),
(79, '期末科学知识考核卷', NULL, 'teacher', 26, NULL),
(80, '信息课上坐姿端正', NULL, 'teacher', 27, NULL),
(81, '完成老师布置的课堂操作练习', NULL, 'teacher', 27, NULL),
(82, '很热心，主动教会他人', NULL, 'teacher', 27, NULL),
(83, '爱思考，是一个善于提问题的孩子', NULL, 'teacher', 27, NULL),
(84, '积极思考，积极回答问题', NULL, 'teacher', 27, NULL),
(85, '积极参与', NULL, 'teacher', 28, NULL),
(86, '作品评定', NULL, 'teacher', 28, NULL),
(87, '参加市区赛', NULL, 'teacher', 29, NULL),
(88, '担任班级信息设备管理员', NULL, 'teacher', 29, NULL),
(89, '利用信息设备帮助老师或家长完成工作任务', NULL, 'teacher', 29, NULL),
(90, '课堂常规习惯好', NULL, 'teacher', 30, NULL),
(91, '课堂积极发言', NULL, 'teacher', 30, NULL),
(92, '作业已按要求完成', NULL, 'teacher', 30, NULL),
(93, '作业等级为优', NULL, 'teacher', 30, NULL),
(94, '小组内团结互助者', NULL, 'teacher', 31, NULL),
(95, '队员都积极参与', NULL, 'teacher', 31, NULL),
(96, '小组分工合作', NULL, 'teacher', 31, NULL),
(97, '小组活动结果评定', NULL, 'teacher', 31, NULL),
(98, '小组内组员互评均为优秀者', NULL, 'teacher', 31, NULL),
(99, '参加市区赛', NULL, 'teacher', 32, NULL),
(100, '科代表按时提交统计记录', NULL, 'teacher', 32, NULL),
(101, '科代表做事积极主动、有耐心', NULL, 'teacher', 32, NULL),
(102, '各小组长按时完成分内的工作', NULL, 'teacher', 32, NULL),
(103, '被评为优秀小组长', NULL, 'teacher', 32, NULL),
(104, '被评为优秀课代表', NULL, 'teacher', 32, NULL),
(105, '遵守课堂纪律', NULL, 'teacher', 33, NULL),
(106, '按要求带好了课堂材料', NULL, 'teacher', 33, NULL),
(107, '能主动帮助他人', NULL, 'teacher', 33, NULL),
(108, '按要求完成课堂作品', NULL, 'teacher', 33, NULL),
(109, '学期评定为优', NULL, 'teacher', 33, NULL),
(110, '积极参与', NULL, 'teacher', 34, NULL),
(111, '作品评定', NULL, 'teacher', 34, NULL),
(112, '参加校级比赛并评奖', NULL, 'teacher', 35, NULL),
(113, '参加市区比赛并评奖', NULL, 'teacher', 35, NULL),
(114, '担任班级校本课代表及组长', NULL, 'teacher', 35, NULL),
(115, '成果评优展示', NULL, 'teacher', 35, NULL);

-- --------------------------------------------------------

--
-- 表的结构 `evaluation_indexs`
--

CREATE TABLE IF NOT EXISTS `evaluation_indexs` (
  `id` int(11) NOT NULL,
  `description` varchar(100) NOT NULL,
  `last_update_date` datetime DEFAULT NULL,
  `last_updated_by` varchar(45) DEFAULT NULL,
  `courses_id` int(11) NOT NULL,
  `order_number` int(11) DEFAULT NULL
) ENGINE=InnoDB AUTO_INCREMENT=36 DEFAULT CHARSET=utf8;

--
-- 转存表中的数据 `evaluation_indexs`
--

INSERT INTO `evaluation_indexs` (`id`, `description`, `last_update_date`, `last_updated_by`, `courses_id`, `order_number`) VALUES
(1, '课堂表现', NULL, 'teacher', 1, NULL),
(3, '课堂教学', NULL, 'teacher', 2, NULL),
(5, '作业方面', '2016-10-04 00:00:00', 'teacher', 2, NULL),
(6, '活动方面', '2016-10-04 00:00:00', 'teacher', 2, NULL),
(7, '作业完成', '2016-10-04 00:00:00', 'teacher', 1, NULL),
(8, '课外阅读与积累', '2016-10-04 00:00:00', 'teacher', 1, NULL),
(9, '综合性学习', '2016-10-04 00:00:00', 'teacher', 1, NULL),
(10, '学科活动', '2016-10-04 00:00:00', 'teacher', 1, NULL),
(11, '课堂表现', '2016-10-04 00:00:00', 'teacher', 3, NULL),
(12, '作业完成', '2016-10-04 00:00:00', 'teacher', 3, NULL),
(13, '学科活动', '2016-10-04 00:00:00', 'teacher', 3, NULL),
(14, '拓展与提高', '2016-10-04 00:00:00', 'teacher', 3, NULL),
(15, '课堂教学', '2016-10-04 00:00:00', 'teacher', 4, NULL),
(16, '学科活动', '2016-10-04 00:00:00', 'teacher', 4, NULL),
(17, '音乐素养', '2016-10-04 00:00:00', 'teacher', 4, NULL),
(18, '课堂教学', '2016-10-04 00:00:00', 'teacher', 5, NULL),
(19, '参加校队训练活动', '2016-10-04 00:00:00', 'teacher', 5, NULL),
(20, '身体素养', '2016-10-04 00:00:00', 'teacher', 5, NULL),
(21, '按要求带好美术工具', '2016-10-04 00:00:00', 'teacher', 6, NULL),
(22, '学科活动', '2016-10-04 00:00:00', 'teacher', 6, NULL),
(23, '美术素养', '2016-10-04 00:00:00', 'teacher', 6, NULL),
(24, '平时成绩', '2016-10-04 00:00:00', 'teacher', 7, NULL),
(25, '实验操作考核', '2016-10-04 00:00:00', 'teacher', 7, NULL),
(26, '科学基础知识考核', '2016-10-04 00:00:00', 'teacher', 7, NULL),
(27, '课堂教学', '2016-10-04 00:00:00', 'teacher', 8, NULL),
(28, '学科活动', '2016-10-04 00:00:00', 'teacher', 8, NULL),
(29, '信息素养', '2016-10-04 00:00:00', 'teacher', 8, NULL),
(30, '课堂教学', '2016-10-04 00:00:00', 'teacher', 9, NULL),
(31, '小组活动评价', '2016-10-04 00:00:00', 'teacher', 9, NULL),
(32, '综合素养', '2016-10-04 00:00:00', 'teacher', 9, NULL),
(33, '课堂教学', '2016-10-04 00:00:00', 'teacher', 10, NULL),
(34, '学科活动', '2016-10-04 00:00:00', 'teacher', 10, NULL),
(35, '校本素养', '2016-10-04 00:00:00', 'teacher', 10, NULL);

-- --------------------------------------------------------

--
-- 表的结构 `grades`
--

CREATE TABLE IF NOT EXISTS `grades` (
  `id` int(11) NOT NULL,
  `name` varchar(45) NOT NULL,
  `grade_number` int(11) NOT NULL
) ENGINE=InnoDB AUTO_INCREMENT=7 DEFAULT CHARSET=utf8;

--
-- 转存表中的数据 `grades`
--

INSERT INTO `grades` (`id`, `name`, `grade_number`) VALUES
(1, '一', 1),
(2, '二', 2),
(3, '三', 3),
(4, '四', 4),
(5, '五', 5),
(6, '六', 6);

-- --------------------------------------------------------

--
-- 表的结构 `groups`
--

CREATE TABLE IF NOT EXISTS `groups` (
  `id` mediumint(8) unsigned NOT NULL,
  `name` varchar(20) NOT NULL,
  `description` varchar(100) NOT NULL
) ENGINE=InnoDB AUTO_INCREMENT=6 DEFAULT CHARSET=utf8;

--
-- 转存表中的数据 `groups`
--

INSERT INTO `groups` (`id`, `name`, `description`) VALUES
(1, 'admin', ''),
(2, 'school', ''),
(3, 'teacher', ''),
(4, 'student', ''),
(5, 'parent', '');

-- --------------------------------------------------------

--
-- 表的结构 `login_attempts`
--

CREATE TABLE IF NOT EXISTS `login_attempts` (
  `id` int(11) NOT NULL,
  `ip_address` varchar(15) NOT NULL,
  `login` varchar(100) NOT NULL,
  `time` int(11) DEFAULT NULL
) ENGINE=InnoDB DEFAULT CHARSET=utf8;

-- --------------------------------------------------------

--
-- 表的结构 `parents`
--

CREATE TABLE IF NOT EXISTS `parents` (
  `users_id` int(10) unsigned NOT NULL,
  `address` varchar(45) DEFAULT NULL
) ENGINE=InnoDB DEFAULT CHARSET=utf8;

--
-- 转存表中的数据 `parents`
--

INSERT INTO `parents` (`users_id`, `address`) VALUES
(5, NULL);

-- --------------------------------------------------------

--
-- 表的结构 `scores`
--

CREATE TABLE IF NOT EXISTS `scores` (
  `id` int(11) NOT NULL,
  `score` int(11) NOT NULL,
  `name` varchar(45) NOT NULL
) ENGINE=InnoDB AUTO_INCREMENT=4 DEFAULT CHARSET=utf8;

--
-- 转存表中的数据 `scores`
--

INSERT INTO `scores` (`id`, `score`, `name`) VALUES
(1, 2, '优'),
(2, 1, '良'),
(3, -1, '差');

-- --------------------------------------------------------

--
-- 表的结构 `students`
--

CREATE TABLE IF NOT EXISTS `students` (
  `users_id` int(10) unsigned NOT NULL,
  `edu_starting_year` int(11) NOT NULL,
  `city_student_number` varchar(19) DEFAULT NULL,
  `national_student_number` varchar(19) DEFAULT NULL,
  `gender` int(11) DEFAULT NULL,
  `birth_date` datetime DEFAULT NULL,
  `classes_id` int(11) NOT NULL,
  `parents_users_id` int(10) unsigned DEFAULT NULL
) ENGINE=InnoDB DEFAULT CHARSET=utf8;

--
-- 转存表中的数据 `students`
--

INSERT INTO `students` (`users_id`, `edu_starting_year`, `city_student_number`, `national_student_number`, `gender`, `birth_date`, `classes_id`, `parents_users_id`) VALUES
(4, 2011, NULL, NULL, 1, NULL, 2, 5),
(76, 2011, '430102001111100001', '', 1, '2005-10-01 00:00:00', 21, NULL),
(77, 2011, '430102001111100002', '', 1, '2005-05-26 00:00:00', 21, NULL),
(78, 2011, '430102001111100004', '', 1, '2005-10-29 00:00:00', 21, NULL),
(79, 2011, '430102001111100005', '', 1, '2005-01-11 00:00:00', 21, NULL),
(80, 2011, '430102001111100006', '', 1, '2005-06-30 00:00:00', 21, NULL),
(81, 2011, '430102001111100007', '', 1, '2005-08-09 00:00:00', 21, NULL),
(82, 2011, '430102001111100009', '', 1, '2005-03-08 00:00:00', 21, NULL),
(83, 2011, '430102001111100010', '', 1, '2005-11-13 00:00:00', 21, NULL),
(84, 2011, '430102001111100011', '', 1, '2005-01-21 00:00:00', 21, NULL),
(85, 2011, '430102001111100012', '', 1, '2005-05-05 00:00:00', 21, NULL),
(86, 2011, '430102001111100013', '', 1, '2005-05-16 00:00:00', 21, NULL),
(87, 2011, '430102001111100014', '', 1, '2005-05-01 00:00:00', 21, NULL),
(88, 2011, '430102001111100015', '', 1, '2005-06-28 00:00:00', 21, NULL),
(89, 2011, '430102001111100016', '', 1, '2005-04-08 00:00:00', 21, NULL),
(90, 2011, '430102001111100017', '', 1, '2004-11-01 00:00:00', 21, NULL),
(91, 2011, '430102001111100019', '', 1, '2004-10-27 00:00:00', 21, NULL),
(92, 2011, '430102001111100021', '', 1, '2005-08-06 00:00:00', 21, NULL),
(93, 2011, '430102001111100022', '', 1, '2005-03-25 00:00:00', 21, NULL),
(94, 2011, '430102001111100023', '', 1, '2005-03-26 00:00:00', 21, NULL),
(95, 2011, '430102001111100024', '', 1, '2005-02-23 00:00:00', 21, NULL),
(96, 2011, '430102001111100025', '', 0, '2005-08-20 00:00:00', 21, NULL),
(97, 2011, '430102001111100026', '', 0, '2005-08-16 00:00:00', 21, NULL),
(98, 2011, '430102001111100027', '', 0, '2005-05-15 00:00:00', 21, NULL),
(99, 2011, '430102001111100028', '', 0, '2005-12-29 00:00:00', 21, NULL),
(100, 2011, '430102001111100029', '', 0, '2005-03-30 00:00:00', 21, NULL),
(101, 2011, '430102001111100030', '', 0, '2005-06-10 00:00:00', 21, NULL),
(102, 2011, '430102001111100031', '', 0, '2005-03-31 00:00:00', 21, NULL),
(103, 2011, '430102001111100032', '', 0, '2005-01-30 00:00:00', 21, NULL),
(104, 2011, '430102001111100033', '', 0, '2005-02-09 00:00:00', 21, NULL),
(105, 2011, '430102001111100034', '', 0, '2005-07-19 00:00:00', 21, NULL),
(106, 2011, '430102001111100036', '', 0, '2005-08-18 00:00:00', 21, NULL),
(107, 2011, '430102001111100037', '', 0, '2005-11-28 00:00:00', 21, NULL),
(108, 2011, '430102001111100169', '', 1, '2006-02-09 00:00:00', 21, NULL),
(109, 2011, '430102001111100172', '', 0, '2005-08-05 00:00:00', 21, NULL),
(110, 2011, '430102001111100173', '', 1, '2005-01-06 00:00:00', 21, NULL),
(111, 2011, '430102001111100177', '', 0, '2005-12-17 00:00:00', 21, NULL),
(112, 2011, '430102001111100178', '', 1, '2005-08-04 00:00:00', 21, NULL),
(113, 2011, '430102001111100179', '', 0, '2004-07-29 00:00:00', 21, NULL),
(114, 2011, '430102001111100186', '', 0, '2005-09-13 00:00:00', 21, NULL),
(115, 2011, '430102001111100187', '', 0, '2005-06-03 00:00:00', 21, NULL),
(116, 2011, '430102001111100189', '', 1, '2004-05-12 00:00:00', 21, NULL),
(117, 2011, '430102001111100192', '', 1, '2005-02-02 00:00:00', 21, NULL),
(118, 2011, '430102001111100038', '', 1, '2005-10-06 00:00:00', 22, NULL),
(119, 2011, '430102001111100039', '', 0, '2005-08-03 00:00:00', 22, NULL),
(120, 2011, '430102001111100040', '', 1, '2005-06-15 00:00:00', 22, NULL),
(121, 2011, '430102001111100041', '', 0, '2005-08-24 00:00:00', 22, NULL),
(122, 2011, '430102001111100042', '', 1, '2005-03-22 00:00:00', 22, NULL),
(123, 2011, '430102001111100043', '', 1, '2006-01-03 00:00:00', 22, NULL),
(124, 2011, '430102001111100044', '', 1, '2005-08-19 00:00:00', 22, NULL),
(125, 2011, '430102001111100045', '', 1, '2005-11-12 00:00:00', 22, NULL),
(126, 2011, '430102001111100047', '', 0, '2005-06-13 00:00:00', 22, NULL),
(127, 2011, '430102001111100048', '', 1, '2005-07-15 00:00:00', 22, NULL),
(128, 2011, '430102001111100049', '', 1, '2005-11-21 00:00:00', 22, NULL),
(129, 2011, '430102001111100050', '', 0, '2005-03-14 00:00:00', 22, NULL),
(130, 2011, '430102001111100051', '', 1, '2004-08-28 00:00:00', 22, NULL),
(131, 2011, '430102001111100052', '', 0, '2004-11-23 00:00:00', 22, NULL),
(132, 2011, '430102001111100053', '', 0, '2006-02-05 00:00:00', 22, NULL),
(133, 2011, '430102001111100054', '', 0, '2005-12-25 00:00:00', 22, NULL),
(134, 2011, '430102001111100055', '', 1, '2005-04-07 00:00:00', 22, NULL),
(135, 2011, '430102001111100056', '', 0, '2005-07-09 00:00:00', 22, NULL),
(136, 2011, '430102001111100057', '', 1, '2005-05-28 00:00:00', 22, NULL),
(137, 2011, '430102001111100058', '', 1, '2005-08-22 00:00:00', 22, NULL),
(138, 2011, '430102001111100059', '', 0, '2005-12-12 00:00:00', 22, NULL),
(139, 2011, '430102001111100060', '', 1, '2005-08-06 00:00:00', 22, NULL),
(140, 2011, '430102001111100061', '', 0, '2005-03-01 00:00:00', 22, NULL),
(141, 2011, '430102001111100062', '', 0, '2005-01-16 00:00:00', 22, NULL),
(142, 2011, '430102001111100063', '', 0, '2004-12-27 00:00:00', 22, NULL),
(143, 2011, '430102001111100064', '', 0, '2005-07-23 00:00:00', 22, NULL),
(144, 2011, '430102001111100065', '', 1, '2005-02-05 00:00:00', 22, NULL),
(145, 2011, '430102001111100067', '', 1, '2005-08-24 00:00:00', 22, NULL),
(146, 2011, '430102001111100068', '', 1, '2005-08-14 00:00:00', 22, NULL),
(147, 2011, '430102001111100069', '', 1, '2004-06-28 00:00:00', 22, NULL),
(148, 2011, '430102001111100070', '', 0, '2005-08-03 00:00:00', 22, NULL),
(149, 2011, '430102001111100071', '', 0, '2005-04-18 00:00:00', 22, NULL),
(150, 2011, '430102001111100074', '', 1, '2005-08-07 00:00:00', 22, NULL),
(151, 2011, '430102001111100075', '', 1, '2004-09-13 00:00:00', 22, NULL),
(152, 2011, '430102001111100076', '', 1, '2005-11-29 00:00:00', 22, NULL),
(153, 2011, '430102001111100112', '', 1, '2005-02-15 00:00:00', 22, NULL),
(154, 2011, '430102001111100166', '', 1, '2003-08-15 00:00:00', 22, NULL),
(155, 2011, '430102001111100167', '', 1, '2005-08-03 00:00:00', 22, NULL),
(156, 2011, '430102001111100180', '', 0, '2005-06-10 00:00:00', 22, NULL),
(157, 2011, '430102001111100190', '', 1, '2004-04-21 00:00:00', 22, NULL),
(158, 2011, '430102001111100191', '', 1, '2005-09-17 00:00:00', 22, NULL),
(159, 2011, '430102001111100078', '', 0, '2005-09-01 00:00:00', 23, NULL),
(160, 2011, '430102001111100079', '', 1, '2005-04-27 00:00:00', 23, NULL),
(161, 2011, '430102001111100080', '', 1, '2005-01-11 00:00:00', 23, NULL),
(162, 2011, '430102001111100081', '', 1, '2005-01-22 00:00:00', 23, NULL),
(163, 2011, '430102001111100082', '', 0, '2005-04-28 00:00:00', 23, NULL),
(164, 2011, '430102001111100083', '', 1, '2005-02-01 00:00:00', 23, NULL),
(165, 2011, '430102001111100084', '', 1, '2005-09-29 00:00:00', 23, NULL),
(166, 2011, '430102001111100085', '', 0, '2005-08-01 00:00:00', 23, NULL),
(167, 2011, '430102001111100086', '', 1, '2005-02-26 00:00:00', 23, NULL),
(168, 2011, '430102001111100087', '', 0, '2005-01-25 00:00:00', 23, NULL),
(169, 2011, '430102001111100088', '', 1, '2005-06-27 00:00:00', 23, NULL),
(170, 2011, '430102001111100089', '', 0, '2005-08-04 00:00:00', 23, NULL),
(171, 2011, '430102001111100090', '', 1, '2005-05-04 00:00:00', 23, NULL),
(172, 2011, '430102001111100091', '', 1, '2005-04-15 00:00:00', 23, NULL),
(173, 2011, '430102001111100093', '', 1, '2004-05-03 00:00:00', 23, NULL),
(174, 2011, '430102001111100094', '', 0, '2005-02-26 00:00:00', 23, NULL),
(175, 2011, '430102001111100095', '', 0, '2005-04-04 00:00:00', 23, NULL),
(176, 2011, '430102001111100096', '', 1, '2005-09-17 00:00:00', 23, NULL),
(177, 2011, '430102001111100097', '', 1, '2005-08-02 00:00:00', 23, NULL),
(178, 2011, '430102001111100098', '', 1, '2005-08-26 00:00:00', 23, NULL),
(179, 2011, '430102001111100099', '', 1, '2005-08-01 00:00:00', 23, NULL),
(180, 2011, '430102001111100100', '', 0, '2005-08-15 00:00:00', 23, NULL),
(181, 2011, '430102001111100101', '', 1, '2005-03-22 00:00:00', 23, NULL),
(182, 2011, '430102001111100102', '', 1, '2005-08-20 00:00:00', 23, NULL),
(183, 2011, '430102001111100103', '', 1, '2005-06-26 00:00:00', 23, NULL),
(184, 2011, '430102001111100105', '', 1, '2005-04-24 00:00:00', 23, NULL),
(185, 2011, '430102001111100106', '', 0, '2005-09-16 00:00:00', 23, NULL),
(186, 2011, '430102001111100107', '', 0, '2005-10-12 00:00:00', 23, NULL),
(187, 2011, '430102001111100109', '', 0, '2005-08-08 00:00:00', 23, NULL),
(188, 2011, '430102001111100110', '', 1, '2004-11-11 00:00:00', 23, NULL),
(189, 2011, '430102001111100111', '', 1, '2005-06-07 00:00:00', 23, NULL),
(190, 2011, '430102001111100161', '', 0, '2005-03-31 00:00:00', 23, NULL),
(191, 2011, '430102001111100163', '', 1, '2004-12-24 00:00:00', 23, NULL),
(192, 2011, '430102001111100165', '', 0, '2005-05-29 00:00:00', 23, NULL),
(193, 2011, '430102001111100168', '', 1, '2005-05-31 00:00:00', 23, NULL),
(194, 2011, '430102001111100171', '', 1, '2004-10-26 00:00:00', 23, NULL),
(195, 2011, '430102001111100174', '', 1, '2005-08-06 00:00:00', 23, NULL),
(196, 2011, '430102001111100175', '', 0, '2005-08-22 00:00:00', 23, NULL),
(197, 2011, '430102001111100181', '', 1, '2003-09-27 00:00:00', 23, NULL),
(198, 2011, '430102001111100182', '', 1, '2005-07-23 00:00:00', 23, NULL),
(199, 2011, '430102001111100183', '', 0, '2006-05-02 00:00:00', 23, NULL),
(200, 2011, '430102001111100184', '', 0, '2005-10-31 00:00:00', 23, NULL),
(201, 2011, '430102001111100185', '', 1, '2005-07-31 00:00:00', 23, NULL),
(202, 2011, '430102001111100113', '', 1, '2005-03-10 00:00:00', 24, NULL),
(203, 2011, '430102001111100115', '', 0, '2005-02-28 00:00:00', 24, NULL),
(204, 2011, '430102001111100116', '', 1, '2005-06-26 00:00:00', 24, NULL),
(205, 2011, '430102001111100117', '', 1, '2005-08-14 00:00:00', 24, NULL),
(206, 2011, '430102001111100118', '', 0, '2005-05-06 00:00:00', 24, NULL),
(207, 2011, '430102001111100119', '', 1, '2005-04-19 00:00:00', 24, NULL),
(208, 2011, '430102001111100120', '', 1, '2004-11-14 00:00:00', 24, NULL),
(209, 2011, '430102001111100121', '', 0, '2004-10-19 00:00:00', 24, NULL),
(210, 2011, '430102001111100122', '', 1, '2005-01-21 00:00:00', 24, NULL),
(211, 2011, '430102001111100123', '', 0, '2006-04-01 00:00:00', 24, NULL),
(212, 2011, '430102001111100124', '', 0, '2005-07-18 00:00:00', 24, NULL),
(213, 2011, '430102001111100126', '', 1, '2005-09-02 00:00:00', 24, NULL),
(214, 2011, '430102001111100127', '', 1, '2005-04-16 00:00:00', 24, NULL),
(215, 2011, '430102001111100128', '', 1, '2005-01-14 00:00:00', 24, NULL),
(216, 2011, '430102001111100129', '', 1, '2006-02-05 00:00:00', 24, NULL),
(217, 2011, '430102001111100130', '', 0, '2005-01-07 00:00:00', 24, NULL),
(218, 2011, '430102001111100131', '', 0, '2005-05-12 00:00:00', 24, NULL),
(219, 2011, '430102001111100132', '', 1, '2005-06-16 00:00:00', 24, NULL),
(220, 2011, '430102001111100133', '', 1, '2005-01-20 00:00:00', 24, NULL),
(221, 2011, '430102001111100134', '', 0, '2005-10-06 00:00:00', 24, NULL),
(222, 2011, '430102001111100135', '', 1, '2005-06-03 00:00:00', 24, NULL),
(223, 2011, '430102001111100136', '', 1, '2006-01-12 00:00:00', 24, NULL),
(224, 2011, '430102001111100137', '', 1, '2005-02-22 00:00:00', 24, NULL),
(225, 2011, '430102001111100138', '', 1, '2005-07-31 00:00:00', 24, NULL),
(226, 2011, '430102001111100139', '', 1, '2005-11-23 00:00:00', 24, NULL),
(227, 2011, '430102001111100140', '', 0, '2005-08-11 00:00:00', 24, NULL),
(228, 2011, '430102001111100141', '', 0, '2005-08-18 00:00:00', 24, NULL),
(229, 2011, '430102001111100142', '', 0, '2004-11-05 00:00:00', 24, NULL),
(230, 2011, '430102001111100143', '', 0, '2005-01-31 00:00:00', 24, NULL),
(231, 2011, '430102001111100144', '', 0, '2005-06-11 00:00:00', 24, NULL),
(232, 2011, '430102001111100145', '', 1, '2005-06-21 00:00:00', 24, NULL),
(233, 2011, '430102001111100146', '', 0, '2005-05-25 00:00:00', 24, NULL),
(234, 2011, '430102001111100147', '', 1, '2005-04-15 00:00:00', 24, NULL),
(235, 2011, '430102001111100148', '', 1, '2005-08-02 00:00:00', 24, NULL),
(236, 2011, '430102001111100149', '', 0, '2006-03-14 00:00:00', 24, NULL),
(237, 2011, '430102001111100150', '', 0, '2005-04-22 00:00:00', 24, NULL),
(238, 2011, '430102001111100151', '', 1, '2005-09-12 00:00:00', 24, NULL),
(239, 2011, '430102001111100152', '', 1, '2005-10-20 00:00:00', 24, NULL),
(240, 2011, '430102001111100153', '', 1, '2005-10-17 00:00:00', 24, NULL),
(241, 2011, '430102001111100154', '', 1, '2005-02-02 00:00:00', 24, NULL),
(242, 2011, '430102001111100155', '', 0, '2005-10-29 00:00:00', 24, NULL),
(243, 2011, '430102001111100156', '', 1, '2005-06-18 00:00:00', 24, NULL),
(244, 2011, '430102001111100157', '', 0, '2006-03-01 00:00:00', 24, NULL),
(245, 2011, '430102001111100158', '', 0, '2004-12-28 00:00:00', 24, NULL),
(246, 2011, '430102001111100159', '', 1, '2005-04-27 00:00:00', 24, NULL),
(247, 2011, '430102001111100170', '', 0, '2005-03-03 00:00:00', 24, NULL),
(248, 2011, '430102001111100176', '', 0, '2005-07-05 00:00:00', 24, NULL),
(249, 2012, '430102001211100001', '', 0, '2007-01-21 00:00:00', 17, NULL),
(250, 2012, '430102001211100002', '', 1, '2006-03-29 00:00:00', 17, NULL),
(251, 2012, '430102001211100003', '', 1, '2006-03-14 00:00:00', 17, NULL),
(252, 2012, '430102001211100004', '', 1, '2006-05-16 00:00:00', 17, NULL),
(253, 2012, '430102001211100005', '', 0, '2006-07-29 00:00:00', 17, NULL),
(254, 2012, '430102001211100006', '', 0, '2006-10-27 00:00:00', 17, NULL),
(255, 2012, '430102001211100007', '', 0, '2006-01-13 00:00:00', 17, NULL),
(256, 2012, '430102001211100008', '', 1, '2005-12-27 00:00:00', 17, NULL),
(257, 2012, '430102001211100009', '', 1, '2006-02-28 00:00:00', 17, NULL),
(258, 2012, '430102001211100010', '', 1, '2006-03-08 00:00:00', 17, NULL),
(259, 2012, '430102001211100011', '', 0, '2007-02-08 00:00:00', 17, NULL),
(260, 2012, '430102001211100012', '', 0, '2006-02-07 00:00:00', 17, NULL),
(261, 2012, '430102001211100013', '', 1, '2006-10-27 00:00:00', 17, NULL),
(262, 2012, '430102001211100014', '', 0, '2006-05-27 00:00:00', 17, NULL),
(263, 2012, '430102001211100015', '', 0, '2006-10-09 00:00:00', 17, NULL),
(264, 2012, '430102001211100016', '', 0, '2006-12-07 00:00:00', 17, NULL),
(265, 2012, '430102001211100018', '', 0, '2006-01-27 00:00:00', 17, NULL),
(266, 2012, '430102001211100019', '', 1, '2006-09-22 00:00:00', 17, NULL),
(267, 2012, '430102001211100020', '', 1, '2006-07-26 00:00:00', 17, NULL),
(268, 2012, '430102001211100021', '', 0, '2006-05-20 00:00:00', 17, NULL),
(269, 2012, '430102001211100022', '', 1, '2006-03-14 00:00:00', 17, NULL),
(270, 2012, '430102001211100023', '', 0, '2006-10-10 00:00:00', 17, NULL),
(271, 2012, '430102001211100024', '', 0, '2006-11-22 00:00:00', 17, NULL),
(272, 2012, '430102001211100025', '', 1, '2006-05-30 00:00:00', 17, NULL),
(273, 2012, '430102001211100026', '', 1, '2006-07-10 00:00:00', 17, NULL),
(274, 2012, '430102001211100027', '', 1, '2006-05-19 00:00:00', 17, NULL),
(275, 2012, '430102001211100029', '', 0, '2005-09-28 00:00:00', 17, NULL),
(276, 2012, '430102001211100030', '', 1, '2005-12-28 00:00:00', 17, NULL),
(277, 2012, '430102001211100031', '', 0, '2006-04-19 00:00:00', 17, NULL),
(278, 2012, '430102001211100032', '', 1, '2006-02-18 00:00:00', 17, NULL),
(279, 2012, '430102001211100033', '', 1, '2006-08-13 00:00:00', 17, NULL),
(280, 2012, '430102001211100034', '', 1, '2006-08-23 00:00:00', 17, NULL),
(281, 2012, '430102001211100035', '', 0, '2006-09-17 00:00:00', 17, NULL),
(282, 2012, '430102001211100036', '', 0, '2006-08-05 00:00:00', 17, NULL),
(283, 2012, '430102001211100037', '', 1, '2006-07-18 00:00:00', 17, NULL),
(284, 2012, '430102001211100038', '', 1, '2005-04-17 00:00:00', 17, NULL),
(285, 2012, '430102001211100039', '', 1, '2005-11-12 00:00:00', 17, NULL),
(286, 2012, '430102001211100040', '', 0, '2005-11-12 00:00:00', 17, NULL),
(287, 2012, '430102001211100167', '', 0, '2006-10-09 00:00:00', 17, NULL),
(288, 2012, '430102001211100170', '', 1, '2006-03-29 00:00:00', 17, NULL),
(289, 2012, '430102001211100171', '', 1, '2006-04-26 00:00:00', 17, NULL),
(290, 2012, '430102001211100178', '', 0, '2004-12-08 00:00:00', 17, NULL),
(291, 2012, '430102001211100180', '', 1, '2005-02-08 00:00:00', 17, NULL),
(292, 2012, '430102001211100183', '', 0, '2006-03-18 00:00:00', 17, NULL),
(293, 2012, '430102001211100192', '', 1, '2005-12-26 00:00:00', 17, NULL),
(294, 2012, '430102001211100041', '', 0, '2006-04-22 00:00:00', 18, NULL),
(295, 2012, '430102001211100042', '', 1, '2006-01-13 00:00:00', 18, NULL),
(296, 2012, '430102001211100044', '', 0, '2006-04-17 00:00:00', 18, NULL),
(297, 2012, '430102001211100045', '', 0, '2006-06-23 00:00:00', 18, NULL),
(298, 2012, '430102001211100046', '', 1, '2006-05-09 00:00:00', 18, NULL),
(299, 2012, '430102001211100047', '', 1, '2006-11-17 00:00:00', 18, NULL),
(300, 2012, '430102001211100048', '', 1, '2006-07-19 00:00:00', 18, NULL),
(301, 2012, '430102001211100049', '', 1, '2006-01-17 00:00:00', 18, NULL),
(302, 2012, '430102001211100050', '', 0, '2006-08-30 00:00:00', 18, NULL),
(303, 2012, '430102001211100051', '', 1, '2006-10-07 00:00:00', 18, NULL),
(304, 2012, '430102001211100052', '', 0, '2006-02-08 00:00:00', 18, NULL),
(305, 2012, '430102001211100053', '', 0, '2006-04-09 00:00:00', 18, NULL),
(306, 2012, '430102001211100054', '', 1, '2006-03-09 00:00:00', 18, NULL),
(307, 2012, '430102001211100055', '', 0, '2007-02-07 00:00:00', 18, NULL),
(308, 2012, '430102001211100056', '', 1, '2006-03-14 00:00:00', 18, NULL),
(309, 2012, '430102001211100057', '', 0, '2006-09-10 00:00:00', 18, NULL),
(310, 2012, '430102001211100058', '', 0, '2006-09-08 00:00:00', 18, NULL),
(311, 2012, '430102001211100059', '', 1, '2005-12-03 00:00:00', 18, NULL),
(312, 2012, '430102001211100060', '', 0, '2006-11-11 00:00:00', 18, NULL),
(313, 2012, '430102001211100061', '', 0, '2006-03-03 00:00:00', 18, NULL),
(314, 2012, '430102001211100062', '', 1, '2006-02-24 00:00:00', 18, NULL),
(315, 2012, '430102001211100063', '', 1, '2006-04-04 00:00:00', 18, NULL),
(316, 2012, '430102001211100064', '', 1, '2005-12-23 00:00:00', 18, NULL),
(317, 2012, '430102001211100065', '', 1, '2005-11-04 00:00:00', 18, NULL),
(318, 2012, '430102001211100066', '', 0, '2006-10-12 00:00:00', 18, NULL),
(319, 2012, '430102001211100067', '', 1, '2006-07-26 00:00:00', 18, NULL),
(320, 2012, '430102001211100068', '', 0, '2006-04-23 00:00:00', 18, NULL),
(321, 2012, '430102001211100069', '', 1, '2006-07-09 00:00:00', 18, NULL),
(322, 2012, '430102001211100070', '', 1, '2006-01-11 00:00:00', 18, NULL),
(323, 2012, '430102001211100071', '', 0, '2006-10-25 00:00:00', 18, NULL),
(324, 2012, '430102001211100072', '', 0, '2006-03-31 00:00:00', 18, NULL),
(325, 2012, '430102001211100074', '', 0, '2006-07-04 00:00:00', 18, NULL),
(326, 2012, '430102001211100075', '', 0, '2006-01-08 00:00:00', 18, NULL),
(327, 2012, '430102001211100076', '', 0, '2006-12-01 00:00:00', 18, NULL),
(328, 2012, '430102001211100077', '', 1, '2006-01-26 00:00:00', 18, NULL),
(329, 2012, '430102001211100078', '', 1, '2006-01-26 00:00:00', 18, NULL),
(330, 2012, '430102001211100079', '', 1, '2006-05-09 00:00:00', 18, NULL),
(331, 2012, '430102001211100080', '', 0, '2006-09-21 00:00:00', 18, NULL),
(332, 2012, '430102001211100166', '', 0, '2006-11-16 00:00:00', 18, NULL),
(333, 2012, '430102001211100173', '', 0, '2006-07-15 00:00:00', 18, NULL),
(334, 2012, '430102001211100175', '', 1, '2006-03-01 00:00:00', 18, NULL),
(335, 2012, '430102001211100181', '', 0, '2006-10-24 00:00:00', 18, NULL),
(336, 2012, '430102001211100182', '', 0, '2006-11-14 00:00:00', 18, NULL),
(337, 2012, '430102001211100184', '', 1, '2005-05-28 00:00:00', 18, NULL),
(338, 2012, '430102001211100187', '', 1, '2006-08-31 00:00:00', 18, NULL),
(339, 2012, '430102001211100190', '', 1, '2006-08-19 00:00:00', 18, NULL),
(340, 2012, '430102001211100081', '', 0, '2006-05-13 00:00:00', 19, NULL),
(341, 2012, '430102001211100082', '', 0, '2006-11-26 00:00:00', 19, NULL),
(342, 2012, '430102001211100083', '', 0, '2006-06-09 00:00:00', 19, NULL),
(343, 2012, '430102001211100084', '', 1, '2007-01-23 00:00:00', 19, NULL),
(344, 2012, '430102001211100085', '', 0, '2006-08-09 00:00:00', 19, NULL),
(345, 2012, '430102001211100086', '', 0, '2006-05-17 00:00:00', 19, NULL),
(346, 2012, '430102001211100087', '', 0, '2006-10-06 00:00:00', 19, NULL),
(347, 2012, '430102001211100088', '', 0, '2006-11-19 00:00:00', 19, NULL),
(348, 2012, '430102001211100089', '', 1, '2006-07-20 00:00:00', 19, NULL),
(349, 2012, '430102001211100090', '', 0, '2006-02-10 00:00:00', 19, NULL),
(350, 2012, '430102001211100091', '', 0, '2006-07-20 00:00:00', 19, NULL),
(351, 2012, '430102001211100092', '', 0, '2006-07-13 00:00:00', 19, NULL),
(352, 2012, '430102001211100093', '', 0, '2006-05-30 00:00:00', 19, NULL),
(353, 2012, '430102001211100094', '', 0, '2006-05-24 00:00:00', 19, NULL),
(354, 2012, '430102001211100095', '', 0, '2006-01-07 00:00:00', 19, NULL),
(355, 2012, '430102001211100096', '', 0, '2006-06-20 00:00:00', 19, NULL),
(356, 2012, '430102001211100097', '', 0, '2006-09-21 00:00:00', 19, NULL),
(357, 2012, '430102001211100098', '', 0, '2006-06-17 00:00:00', 19, NULL),
(358, 2012, '430102001211100099', '', 0, '2006-08-24 00:00:00', 19, NULL),
(359, 2012, '430102001211100100', '', 0, '2005-10-07 00:00:00', 19, NULL),
(360, 2012, '430102001211100101', '', 0, '2006-06-29 00:00:00', 19, NULL),
(361, 2012, '430102001211100102', '', 1, '2005-12-22 00:00:00', 19, NULL),
(362, 2012, '430102001211100103', '', 1, '2007-03-30 00:00:00', 19, NULL),
(363, 2012, '430102001211100104', '', 1, '2006-06-24 00:00:00', 19, NULL),
(364, 2012, '430102001211100105', '', 1, '2006-08-07 00:00:00', 19, NULL),
(365, 2012, '430102001211100106', '', 1, '2004-12-23 00:00:00', 19, NULL),
(366, 2012, '430102001211100107', '', 1, '2005-10-31 00:00:00', 19, NULL),
(367, 2012, '430102001211100108', '', 1, '2005-10-31 00:00:00', 19, NULL),
(368, 2012, '430102001211100110', '', 1, '2006-06-16 00:00:00', 19, NULL),
(369, 2012, '430102001211100111', '', 1, '2006-08-18 00:00:00', 19, NULL),
(370, 2012, '430102001211100112', '', 1, '2005-11-02 00:00:00', 19, NULL),
(371, 2012, '430102001211100113', '', 1, '2005-12-03 00:00:00', 19, NULL),
(372, 2012, '430102001211100114', '', 1, '2006-08-04 00:00:00', 19, NULL),
(373, 2012, '430102001211100115', '', 1, '2006-05-28 00:00:00', 19, NULL),
(374, 2012, '430102001211100116', '', 1, '2006-10-05 00:00:00', 19, NULL),
(375, 2012, '430102001211100117', '', 1, '2006-06-15 00:00:00', 19, NULL),
(376, 2012, '430102001211100118', '', 1, '2006-09-04 00:00:00', 19, NULL),
(377, 2012, '430102001211100119', '', 1, '2006-06-13 00:00:00', 19, NULL),
(378, 2012, '430102001211100120', '', 1, '2006-04-27 00:00:00', 19, NULL),
(379, 2012, '430102001211100122', '', 1, '2006-11-16 00:00:00', 19, NULL),
(380, 2012, '430102001211100123', '', 1, '2006-09-28 00:00:00', 19, NULL),
(381, 2012, '430102001211100124', '', 1, '2005-08-08 00:00:00', 19, NULL),
(382, 2012, '430102001211100168', '', 0, '2005-11-08 00:00:00', 19, NULL),
(383, 2012, '430102001211100185', '', 0, '2006-02-12 00:00:00', 19, NULL),
(384, 2012, '430102001211100186', '', 1, '2006-03-27 00:00:00', 19, NULL),
(385, 2012, '430102001211100191', '', 0, '2006-02-25 00:00:00', 19, NULL),
(386, 2012, '430102001211100125', '', 0, '2006-11-23 00:00:00', 20, NULL),
(387, 2012, '430102001211100126', '', 0, '2006-08-26 00:00:00', 20, NULL),
(388, 2012, '430102001211100127', '', 0, '2006-07-25 00:00:00', 20, NULL),
(389, 2012, '430102001211100128', '', 0, '2006-09-26 00:00:00', 20, NULL),
(390, 2012, '430102001211100129', '', 0, '2006-10-12 00:00:00', 20, NULL),
(391, 2012, '430102001211100130', '', 0, '2006-08-19 00:00:00', 20, NULL),
(392, 2012, '430102001211100131', '', 0, '2006-04-26 00:00:00', 20, NULL),
(393, 2012, '430102001211100132', '', 0, '2006-10-05 00:00:00', 20, NULL),
(394, 2012, '430102001211100133', '', 0, '2006-10-04 00:00:00', 20, NULL),
(395, 2012, '430102001211100135', '', 0, '2006-12-20 00:00:00', 20, NULL),
(396, 2012, '430102001211100136', '', 0, '2006-01-05 00:00:00', 20, NULL),
(397, 2012, '430102001211100137', '', 0, '2006-10-08 00:00:00', 20, NULL),
(398, 2012, '430102001211100139', '', 0, '2006-05-07 00:00:00', 20, NULL),
(399, 2012, '430102001211100140', '', 0, '2006-05-12 00:00:00', 20, NULL),
(400, 2012, '430102001211100141', '', 0, '2006-02-13 00:00:00', 20, NULL),
(401, 2012, '430102001211100142', '', 0, '2006-11-19 00:00:00', 20, NULL),
(402, 2012, '430102001211100143', '', 0, '2005-12-07 00:00:00', 20, NULL),
(403, 2012, '430102001211100144', '', 0, '2006-01-05 00:00:00', 20, NULL),
(404, 2012, '430102001211100145', '', 1, '2006-07-05 00:00:00', 20, NULL),
(405, 2012, '430102001211100146', '', 1, '2006-03-01 00:00:00', 20, NULL),
(406, 2012, '430102001211100147', '', 0, '2006-10-04 00:00:00', 20, NULL),
(407, 2012, '430102001211100148', '', 1, '2005-11-02 00:00:00', 20, NULL),
(408, 2012, '430102001211100149', '', 1, '2006-02-02 00:00:00', 20, NULL),
(409, 2012, '430102001211100150', '', 1, '2006-07-21 00:00:00', 20, NULL),
(410, 2012, '430102001211100151', '', 1, '2006-05-22 00:00:00', 20, NULL),
(411, 2012, '430102001211100152', '', 1, '2005-11-07 00:00:00', 20, NULL),
(412, 2012, '430102001211100153', '', 1, '2006-08-26 00:00:00', 20, NULL),
(413, 2012, '430102001211100154', '', 1, '2006-07-30 00:00:00', 20, NULL),
(414, 2012, '430102001211100155', '', 1, '2006-03-17 00:00:00', 20, NULL),
(415, 2012, '430102001211100156', '', 1, '2006-07-20 00:00:00', 20, NULL),
(416, 2012, '430102001211100157', '', 1, '2006-12-16 00:00:00', 20, NULL),
(417, 2012, '430102001211100158', '', 1, '2005-10-07 00:00:00', 20, NULL),
(418, 2012, '430102001211100159', '', 1, '2005-11-19 00:00:00', 20, NULL),
(419, 2012, '430102001211100160', '', 1, '2006-05-12 00:00:00', 20, NULL),
(420, 2012, '430102001211100161', '', 1, '2006-04-13 00:00:00', 20, NULL),
(421, 2012, '430102001211100162', '', 1, '2006-08-25 00:00:00', 20, NULL),
(422, 2012, '430102001211100163', '', 1, '2007-01-25 00:00:00', 20, NULL),
(423, 2012, '430102001211100164', '', 1, '2006-03-15 00:00:00', 20, NULL),
(424, 2012, '430102001211100165', '', 1, '2006-04-18 00:00:00', 20, NULL),
(425, 2012, '430102001211100169', '', 1, '2005-11-02 00:00:00', 20, NULL),
(426, 2012, '430102001211100172', '', 0, '2006-01-07 00:00:00', 20, NULL),
(427, 2012, '430102001211100176', '', 1, '2006-11-16 00:00:00', 20, NULL),
(428, 2012, '430102001211100177', '', 1, '2005-02-15 00:00:00', 20, NULL),
(429, 2012, '430102001211100188', '', 1, '2006-08-23 00:00:00', 20, NULL),
(430, 2012, '430102001211100189', '', 0, '2007-01-19 00:00:00', 20, NULL),
(431, 2013, '430102001311100001', '', 1, '2007-06-02 00:00:00', 13, NULL),
(432, 2013, '430102001311100002', '', 0, '2007-01-01 00:00:00', 13, NULL),
(433, 2013, '430102001311100003', '', 0, '2007-04-02 00:00:00', 13, NULL),
(434, 2013, '430102001311100004', '', 1, '2007-02-16 00:00:00', 13, NULL),
(435, 2013, '430102001311100005', '', 0, '2007-03-05 00:00:00', 13, NULL),
(436, 2013, '430102001311100006', '', 0, '2007-08-24 00:00:00', 13, NULL),
(437, 2013, '430102001311100007', '', 0, '2007-11-06 00:00:00', 13, NULL),
(438, 2013, '430102001311100008', '', 1, '2007-02-19 00:00:00', 13, NULL),
(439, 2013, '430102001311100009', '', 1, '2007-11-16 00:00:00', 13, NULL),
(440, 2013, '430102001311100010', '', 0, '2006-11-27 00:00:00', 13, NULL),
(441, 2013, '430102001311100011', '', 1, '2007-07-25 00:00:00', 13, NULL),
(442, 2013, '430102001311100012', '', 0, '2007-10-05 00:00:00', 13, NULL),
(443, 2013, '430102001311100013', '', 0, '2007-03-01 00:00:00', 13, NULL),
(444, 2013, '430102001311100014', '', 0, '2007-10-30 00:00:00', 13, NULL),
(445, 2013, '430102001311100015', '', 1, '2007-01-30 00:00:00', 13, NULL),
(446, 2013, '430102001311100016', '', 1, '2007-12-07 00:00:00', 13, NULL),
(447, 2013, '430102001311100017', '', 1, '2007-06-25 00:00:00', 13, NULL),
(448, 2013, '430102001311100018', '', 0, '2007-10-17 00:00:00', 13, NULL),
(449, 2013, '430102001311100019', '', 1, '2007-08-28 00:00:00', 13, NULL),
(450, 2013, '430102001311100020', '', 0, '2007-04-09 00:00:00', 13, NULL),
(451, 2013, '430102001311100021', '', 1, '2007-07-17 00:00:00', 13, NULL),
(452, 2013, '430102001311100022', '', 0, '2007-08-31 00:00:00', 13, NULL),
(453, 2013, '430102001311100023', '', 1, '2007-01-29 00:00:00', 13, NULL),
(454, 2013, '430102001311100024', '', 1, '2007-03-15 00:00:00', 13, NULL),
(455, 2013, '430102001311100025', '', 1, '2007-07-23 00:00:00', 13, NULL),
(456, 2013, '430102001311100026', '', 1, '2007-10-22 00:00:00', 13, NULL),
(457, 2013, '430102001311100027', '', 0, '2007-06-20 00:00:00', 13, NULL),
(458, 2013, '430102001311100028', '', 1, '2007-07-26 00:00:00', 13, NULL),
(459, 2013, '430102001311100029', '', 0, '2007-10-17 00:00:00', 13, NULL),
(460, 2013, '430102001311100030', '', 1, '2007-04-14 00:00:00', 13, NULL),
(461, 2013, '430102001311100032', '', 1, '2007-06-26 00:00:00', 13, NULL),
(462, 2013, '430102001311100033', '', 0, '2007-08-01 00:00:00', 13, NULL),
(463, 2013, '430102001311100034', '', 0, '2007-06-10 00:00:00', 13, NULL),
(464, 2013, '430102001311100035', '', 1, '2007-09-22 00:00:00', 13, NULL),
(465, 2013, '430102001311100037', '', 0, '2007-06-15 00:00:00', 13, NULL),
(466, 2013, '430102001311100039', '', 0, '2007-07-20 00:00:00', 13, NULL),
(467, 2013, '430102001311100040', '', 1, '2007-04-26 00:00:00', 13, NULL),
(468, 2013, '430102001311100041', '', 1, '2007-07-09 00:00:00', 13, NULL),
(469, 2013, '430102001311100042', '', 1, '2007-06-07 00:00:00', 13, NULL),
(470, 2013, '430102001311100043', '', 1, '2007-05-30 00:00:00', 13, NULL),
(471, 2013, '430102001311100046', '', 1, '2007-04-25 00:00:00', 13, NULL),
(472, 2013, '430102001311100047', '', 0, '2007-06-14 00:00:00', 13, NULL),
(473, 2013, '430102001311100048', '', 1, '2006-08-31 00:00:00', 13, NULL),
(474, 2013, '430102001311100049', '', 0, '2007-08-22 00:00:00', 13, NULL),
(475, 2013, '430102001311100203', '', 1, '2007-06-28 00:00:00', 13, NULL),
(476, 2013, '430102001311100207', '', 1, '2007-07-23 00:00:00', 13, NULL),
(477, 2013, '430102001311100209', '', 1, '2007-04-07 00:00:00', 13, NULL),
(478, 2013, '430102001311100210', '', 0, '2007-01-09 00:00:00', 13, NULL),
(479, 2013, '430102001311100211', '', 1, '2007-04-29 00:00:00', 13, NULL),
(480, 2013, '430102001311100218', '', 1, '2007-12-16 00:00:00', 13, NULL),
(481, 2013, '430102001311100220', '', 0, '2007-08-26 00:00:00', 13, NULL),
(482, 2013, '430102001311100223', '', 1, '2007-10-06 00:00:00', 13, NULL),
(483, 2013, '430102001311100050', '', 1, '2007-06-15 00:00:00', 14, NULL),
(484, 2013, '430102001311100051', '', 1, '2006-12-22 00:00:00', 14, NULL),
(485, 2013, '430102001311100053', '', 1, '2007-06-18 00:00:00', 14, NULL),
(486, 2013, '430102001311100054', '', 1, '2007-02-13 00:00:00', 14, NULL),
(487, 2013, '430102001311100055', '', 0, '2007-10-11 00:00:00', 14, NULL),
(488, 2013, '430102001311100056', '', 0, '2007-10-03 00:00:00', 14, NULL),
(489, 2013, '430102001311100057', '', 1, '2007-12-19 00:00:00', 14, NULL),
(490, 2013, '430102001311100058', '', 1, '2007-01-04 00:00:00', 14, NULL),
(491, 2013, '430102001311100059', '', 0, '2007-06-20 00:00:00', 14, NULL),
(492, 2013, '430102001311100062', '', 0, '2007-02-03 00:00:00', 14, NULL),
(493, 2013, '430102001311100063', '', 1, '2007-05-25 00:00:00', 14, NULL),
(494, 2013, '430102001311100064', '', 0, '2007-09-02 00:00:00', 14, NULL),
(495, 2013, '430102001311100065', '', 0, '2007-11-05 00:00:00', 14, NULL),
(496, 2013, '430102001311100066', '', 1, '2006-11-28 00:00:00', 14, NULL),
(497, 2013, '430102001311100067', '', 0, '2007-05-15 00:00:00', 14, NULL),
(498, 2013, '430102001311100068', '', 0, '2007-08-23 00:00:00', 14, NULL),
(499, 2013, '430102001311100069', '', 0, '2007-08-06 00:00:00', 14, NULL),
(500, 2013, '430102001311100071', '', 1, '2007-02-03 00:00:00', 14, NULL),
(501, 2013, '430102001311100072', '', 0, '2007-04-24 00:00:00', 14, NULL),
(502, 2013, '430102001311100073', '', 0, '2007-10-22 00:00:00', 14, NULL),
(503, 2013, '430102001311100074', '', 1, '2007-08-30 00:00:00', 14, NULL),
(504, 2013, '430102001311100075', '', 0, '2007-08-05 00:00:00', 14, NULL),
(505, 2013, '430102001311100076', '', 0, '2008-01-02 00:00:00', 14, NULL),
(506, 2013, '430102001311100077', '', 0, '2007-07-08 00:00:00', 14, NULL),
(507, 2013, '430102001311100078', '', 1, '2007-03-18 00:00:00', 14, NULL),
(508, 2013, '430102001311100079', '', 1, '2007-09-26 00:00:00', 14, NULL),
(509, 2013, '430102001311100080', '', 0, '2007-02-19 00:00:00', 14, NULL),
(510, 2013, '430102001311100082', '', 0, '2007-01-10 00:00:00', 14, NULL),
(511, 2013, '430102001311100086', '', 1, '2007-11-30 00:00:00', 14, NULL),
(512, 2013, '430102001311100087', '', 1, '2007-07-11 00:00:00', 14, NULL),
(513, 2013, '430102001311100088', '', 1, '2007-04-01 00:00:00', 14, NULL),
(514, 2013, '430102001311100089', '', 1, '2007-08-25 00:00:00', 14, NULL),
(515, 2013, '430102001311100090', '', 1, '2006-09-01 00:00:00', 14, NULL),
(516, 2013, '430102001311100091', '', 0, '2007-12-30 00:00:00', 14, NULL),
(517, 2013, '430102001311100092', '', 1, '2007-10-26 00:00:00', 14, NULL),
(518, 2013, '430102001311100093', '', 0, '2007-07-13 00:00:00', 14, NULL),
(519, 2013, '430102001311100094', '', 1, '2007-01-24 00:00:00', 14, NULL),
(520, 2013, '430102001311100095', '', 1, '2007-03-27 00:00:00', 14, NULL),
(521, 2013, '430102001311100096', '', 1, '2007-06-01 00:00:00', 14, NULL),
(522, 2013, '430102001311100098', '', 0, '2007-06-05 00:00:00', 14, NULL),
(523, 2013, '430102001311100099', '', 1, '2007-10-06 00:00:00', 14, NULL),
(524, 2013, '430102001311100208', '', 0, '2007-12-22 00:00:00', 14, NULL),
(525, 2013, '430102001311100212', '', 1, '2007-07-25 00:00:00', 14, NULL),
(526, 2013, '430102001311100215', '', 1, '2007-08-17 00:00:00', 14, NULL),
(527, 2013, '430102001311100216', '', 0, '2007-08-19 00:00:00', 14, NULL),
(528, 2013, '430102001311100217', '', 0, '2007-02-09 00:00:00', 14, NULL),
(529, 2013, '430102001311100222', '', 0, '2007-03-18 00:00:00', 14, NULL),
(530, 2013, '430102001311100224', '', 0, '2007-07-12 00:00:00', 14, NULL),
(531, 2013, '430102001311100225', '', 1, '2007-10-25 00:00:00', 14, NULL),
(532, 2013, '430102001311100100', '', 1, '2007-07-18 00:00:00', 15, NULL),
(533, 2013, '430102001311100101', '', 1, '2007-06-07 00:00:00', 15, NULL),
(534, 2013, '430102001311100103', '', 0, '2008-01-20 00:00:00', 15, NULL),
(535, 2013, '430102001311100104', '', 1, '2007-02-19 00:00:00', 15, NULL),
(536, 2013, '430102001311100105', '', 0, '2007-01-24 00:00:00', 15, NULL),
(537, 2013, '430102001311100106', '', 1, '2006-10-31 00:00:00', 15, NULL),
(538, 2013, '430102001311100107', '', 0, '2007-07-12 00:00:00', 15, NULL),
(539, 2013, '430102001311100108', '', 1, '2007-03-11 00:00:00', 15, NULL),
(540, 2013, '430102001311100109', '', 0, '2007-08-09 00:00:00', 15, NULL),
(541, 2013, '430102001311100110', '', 0, '2007-07-03 00:00:00', 15, NULL),
(542, 2013, '430102001311100114', '', 0, '2007-08-24 00:00:00', 15, NULL),
(543, 2013, '430102001311100115', '', 0, '2007-08-16 00:00:00', 15, NULL),
(544, 2013, '430102001311100116', '', 0, '2007-10-07 00:00:00', 15, NULL),
(545, 2013, '430102001311100117', '', 1, '2007-01-24 00:00:00', 15, NULL),
(546, 2013, '430102001311100118', '', 0, '2007-03-01 00:00:00', 15, NULL),
(547, 2013, '430102001311100119', '', 0, '2008-08-20 00:00:00', 15, NULL),
(548, 2013, '430102001311100120', '', 0, '2007-05-15 00:00:00', 15, NULL),
(549, 2013, '430102001311100121', '', 1, '2007-02-08 00:00:00', 15, NULL),
(550, 2013, '430102001311100122', '', 0, '2007-08-12 00:00:00', 15, NULL),
(551, 2013, '430102001311100123', '', 1, '2007-04-27 00:00:00', 15, NULL),
(552, 2013, '430102001311100124', '', 1, '2007-10-29 00:00:00', 15, NULL),
(553, 2013, '430102001311100125', '', 1, '2007-07-06 00:00:00', 15, NULL),
(554, 2013, '430102001311100126', '', 0, '2006-11-16 00:00:00', 15, NULL),
(555, 2013, '430102001311100128', '', 0, '2007-08-18 00:00:00', 15, NULL),
(556, 2013, '430102001311100129', '', 1, '2006-10-10 00:00:00', 15, NULL),
(557, 2013, '430102001311100130', '', 0, '2007-08-11 00:00:00', 15, NULL),
(558, 2013, '430102001311100133', '', 1, '2007-06-28 00:00:00', 15, NULL),
(559, 2013, '430102001311100134', '', 1, '2007-07-25 00:00:00', 15, NULL),
(560, 2013, '430102001311100135', '', 0, '2007-10-05 00:00:00', 15, NULL),
(561, 2013, '430102001311100136', '', 0, '2007-02-02 00:00:00', 15, NULL),
(562, 2013, '430102001311100137', '', 1, '2006-12-09 00:00:00', 15, NULL),
(563, 2013, '430102001311100138', '', 1, '2007-04-23 00:00:00', 15, NULL),
(564, 2013, '430102001311100139', '', 1, '2007-05-18 00:00:00', 15, NULL),
(565, 2013, '430102001311100140', '', 0, '2007-07-09 00:00:00', 15, NULL),
(566, 2013, '430102001311100141', '', 0, '2007-05-20 00:00:00', 15, NULL),
(567, 2013, '430102001311100142', '', 0, '2007-06-05 00:00:00', 15, NULL),
(568, 2013, '430102001311100143', '', 1, '2006-12-12 00:00:00', 15, NULL),
(569, 2013, '430102001311100144', '', 1, '2007-05-14 00:00:00', 15, NULL),
(570, 2013, '430102001311100145', '', 0, '2007-04-03 00:00:00', 15, NULL),
(571, 2013, '430102001311100146', '', 0, '2007-10-24 00:00:00', 15, NULL),
(572, 2013, '430102001311100147', '', 1, '2007-09-17 00:00:00', 15, NULL),
(573, 2013, '430102001311100148', '', 0, '2007-04-30 00:00:00', 15, NULL),
(574, 2013, '430102001311100149', '', 1, '2007-06-11 00:00:00', 15, NULL),
(575, 2013, '430102001311100150', '', 0, '2007-09-19 00:00:00', 15, NULL),
(576, 2013, '430102001311100151', '', 1, '2007-11-25 00:00:00', 15, NULL),
(577, 2013, '430102001311100152', '', 1, '2006-12-16 00:00:00', 15, NULL),
(578, 2013, '430102001311100202', '', 0, '2007-10-16 00:00:00', 15, NULL),
(579, 2013, '430102001311100204', '', 0, '2007-09-18 00:00:00', 15, NULL),
(580, 2013, '430102001311100219', '', 0, '2007-10-02 00:00:00', 15, NULL),
(581, 2013, '430102001311100226', '', 1, '2007-04-13 00:00:00', 15, NULL),
(582, 2013, '430102001311100153', '', 0, '2007-02-02 00:00:00', 16, NULL),
(583, 2013, '430102001311100154', '', 1, '2007-08-25 00:00:00', 16, NULL),
(584, 2013, '430102001311100155', '', 0, '2007-08-01 00:00:00', 16, NULL),
(585, 2013, '430102001311100156', '', 0, '2007-09-22 00:00:00', 16, NULL),
(586, 2013, '430102001311100157', '', 0, '2007-02-12 00:00:00', 16, NULL),
(587, 2013, '430102001311100158', '', 1, '2007-02-16 00:00:00', 16, NULL),
(588, 2013, '430102001311100159', '', 0, '2007-12-19 00:00:00', 16, NULL),
(589, 2013, '430102001311100160', '', 1, '2007-08-14 00:00:00', 16, NULL),
(590, 2013, '430102001311100162', '', 1, '2006-11-15 00:00:00', 16, NULL),
(591, 2013, '430102001311100163', '', 1, '2007-01-26 00:00:00', 16, NULL),
(592, 2013, '430102001311100164', '', 0, '2007-12-30 00:00:00', 16, NULL),
(593, 2013, '430102001311100165', '', 1, '2006-08-08 00:00:00', 16, NULL),
(594, 2013, '430102001311100166', '', 0, '2007-02-25 00:00:00', 16, NULL),
(595, 2013, '430102001311100167', '', 1, '2007-10-25 00:00:00', 16, NULL),
(596, 2013, '430102001311100168', '', 0, '2007-09-13 00:00:00', 16, NULL),
(597, 2013, '430102001311100169', '', 1, '2006-08-25 00:00:00', 16, NULL),
(598, 2013, '430102001311100170', '', 1, '2007-04-12 00:00:00', 16, NULL),
(599, 2013, '430102001311100171', '', 0, '2007-05-13 00:00:00', 16, NULL),
(600, 2013, '430102001311100172', '', 1, '2006-09-18 00:00:00', 16, NULL),
(601, 2013, '430102001311100173', '', 0, '2007-01-16 00:00:00', 16, NULL),
(602, 2013, '430102001311100174', '', 1, '2007-04-20 00:00:00', 16, NULL),
(603, 2013, '430102001311100175', '', 1, '2007-08-30 00:00:00', 16, NULL),
(604, 2013, '430102001311100176', '', 0, '2007-07-10 00:00:00', 16, NULL),
(605, 2013, '430102001311100177', '', 1, '2006-10-18 00:00:00', 16, NULL),
(606, 2013, '430102001311100178', '', 0, '2007-11-26 00:00:00', 16, NULL),
(607, 2013, '430102001311100179', '', 0, '2007-06-04 00:00:00', 16, NULL),
(608, 2013, '430102001311100180', '', 0, '2007-07-06 00:00:00', 16, NULL),
(609, 2013, '430102001311100181', '', 0, '2007-12-15 00:00:00', 16, NULL),
(610, 2013, '430102001311100182', '', 0, '2007-12-18 00:00:00', 16, NULL),
(611, 2013, '430102001311100183', '', 1, '2007-03-17 00:00:00', 16, NULL),
(612, 2013, '430102001311100184', '', 1, '2007-02-27 00:00:00', 16, NULL),
(613, 2013, '430102001311100185', '', 1, '2007-01-14 00:00:00', 16, NULL),
(614, 2013, '430102001311100186', '', 1, '2007-08-29 00:00:00', 16, NULL),
(615, 2013, '430102001311100187', '', 0, '2007-10-05 00:00:00', 16, NULL),
(616, 2013, '430102001311100189', '', 0, '2007-06-07 00:00:00', 16, NULL),
(617, 2013, '430102001311100190', '', 1, '2007-08-12 00:00:00', 16, NULL),
(618, 2013, '430102001311100191', '', 1, '2006-12-29 00:00:00', 16, NULL),
(619, 2013, '430102001311100192', '', 0, '2007-09-09 00:00:00', 16, NULL),
(620, 2013, ' ', '', 1, '2007-05-23 00:00:00', 16, NULL),
(621, 2013, '430102001311100194', '', 0, '2007-04-09 00:00:00', 16, NULL),
(622, 2013, '430102001311100195', '', 1, '2007-03-24 00:00:00', 16, NULL),
(623, 2013, '430102001311100196', '', 1, '2007-09-30 00:00:00', 16, NULL),
(624, 2013, '430102001311100197', '', 1, '2006-12-23 00:00:00', 16, NULL),
(625, 2013, '430102001311100198', '', 0, '2007-07-04 00:00:00', 16, NULL),
(626, 2013, '430102001311100199', '', 1, '2007-11-21 00:00:00', 16, NULL),
(627, 2013, '430102001311100200', '', 0, '2007-09-25 00:00:00', 16, NULL),
(628, 2013, '430102001311100201', '', 1, '2007-07-02 00:00:00', 16, NULL),
(629, 2013, '430102001311100206', '', 0, '2007-06-30 00:00:00', 16, NULL),
(630, 2013, '430102001311100213', '', 0, '2007-08-22 00:00:00', 16, NULL),
(631, 2013, '430102001311100221', '', 1, '2006-12-28 00:00:00', 16, NULL),
(632, 2014, '430102001411100001', '', 0, '2008-11-06 00:00:00', 9, NULL),
(633, 2014, '430102001411100002', '', 0, '2008-09-05 00:00:00', 9, NULL),
(634, 2014, '430102001411100003', '', 0, '2008-04-05 00:00:00', 9, NULL),
(635, 2014, '430102001411100004', '', 0, '2008-05-01 00:00:00', 9, NULL),
(636, 2014, '430102001411100005', '', 0, '2008-05-10 00:00:00', 9, NULL),
(637, 2014, '430102001411100006', '', 0, '2009-01-03 00:00:00', 9, NULL),
(638, 2014, '430102001411100007', '', 0, '2008-11-05 00:00:00', 9, NULL),
(639, 2014, '430102001411100008', '', 0, '2008-01-02 00:00:00', 9, NULL),
(640, 2014, '430102001411100010', '', 0, '2008-02-21 00:00:00', 9, NULL),
(641, 2014, '430102001411100011', '', 0, '2008-07-16 00:00:00', 9, NULL),
(642, 2014, '430102001411100012', '', 0, '2008-07-09 00:00:00', 9, NULL),
(643, 2014, '430102001411100013', '', 0, '2008-06-02 00:00:00', 9, NULL),
(644, 2014, '430102001411100014', '', 0, '2008-08-05 00:00:00', 9, NULL),
(645, 2014, '430102001411100015', '', 0, '2008-02-15 00:00:00', 9, NULL),
(646, 2014, '430102001411100016', '', 0, '2008-06-12 00:00:00', 9, NULL),
(647, 2014, '430102001411100017', '', 0, '2008-05-08 00:00:00', 9, NULL),
(648, 2014, '430102001411100018', '', 0, '2008-02-20 00:00:00', 9, NULL),
(649, 2014, '430102001411100019', '', 0, '2008-11-10 00:00:00', 9, NULL),
(650, 2014, '430102001411100020', '', 0, '2008-05-29 00:00:00', 9, NULL),
(651, 2014, '430102001411100021', '', 0, '2007-05-24 00:00:00', 9, NULL),
(652, 2014, '430102001411100022', '', 1, '2008-08-28 00:00:00', 9, NULL),
(653, 2014, '430102001411100024', '', 1, '2008-03-29 00:00:00', 9, NULL),
(654, 2014, '430102001411100026', '', 1, '2007-10-24 00:00:00', 9, NULL),
(655, 2014, '430102001411100027', '', 1, '2008-11-21 00:00:00', 9, NULL),
(656, 2014, '430102001411100028', '', 1, '2008-03-18 00:00:00', 9, NULL),
(657, 2014, '430102001411100029', '', 1, '2008-08-23 00:00:00', 9, NULL),
(658, 2014, '430102001411100030', '', 1, '2008-08-12 00:00:00', 9, NULL),
(659, 2014, '430102001411100031', '', 1, '2008-06-28 00:00:00', 9, NULL),
(660, 2014, '430102001411100032', '', 1, '2008-07-23 00:00:00', 9, NULL),
(661, 2014, '430102001411100033', '', 1, '2008-07-07 00:00:00', 9, NULL),
(662, 2014, '430102001411100034', '', 1, '2008-06-20 00:00:00', 9, NULL),
(663, 2014, '430102001411100035', '', 1, '2008-03-27 00:00:00', 9, NULL),
(664, 2014, '430102001411100036', '', 1, '2008-01-22 00:00:00', 9, NULL),
(665, 2014, '430102001411100037', '', 1, '2008-07-28 00:00:00', 9, NULL),
(666, 2014, '430102001411100038', '', 1, '2008-06-20 00:00:00', 9, NULL),
(667, 2014, '430102001411100039', '', 1, '2008-07-07 00:00:00', 9, NULL),
(668, 2014, '430102001411100040', '', 1, '2008-02-12 00:00:00', 9, NULL),
(669, 2014, '430102001411100041', '', 1, '2008-01-24 00:00:00', 9, NULL),
(670, 2014, '430102001411100042', '', 1, '2008-02-05 00:00:00', 9, NULL),
(671, 2014, '430102001411100043', '', 1, '2007-10-25 00:00:00', 9, NULL),
(672, 2014, '430102001411100052', '', 1, '2007-12-03 00:00:00', 9, NULL),
(673, 2014, '430102001411100171', '', 1, '2008-10-12 00:00:00', 9, NULL),
(674, 2014, '430102001411100177', '', 1, '2008-07-15 00:00:00', 9, NULL),
(675, 2014, '430102001411100181', '', 1, '2008-01-19 00:00:00', 9, NULL),
(676, 2014, '430102001411100023', '', 0, '2007-09-19 00:00:00', 10, NULL),
(677, 2014, '430102001411100044', '', 0, '2008-11-02 00:00:00', 10, NULL),
(678, 2014, '430102001411100045', '', 0, '2008-10-23 00:00:00', 10, NULL),
(679, 2014, '430102001411100046', '', 0, '2008-10-18 00:00:00', 10, NULL),
(680, 2014, '430102001411100047', '', 0, '2008-08-15 00:00:00', 10, NULL),
(681, 2014, '430102001411100048', '', 0, '2008-08-26 00:00:00', 10, NULL),
(682, 2014, '430102001411100049', '', 0, '2008-04-16 00:00:00', 10, NULL),
(683, 2014, '430102001411100050', '', 0, '2008-05-01 00:00:00', 10, NULL),
(684, 2014, '430102001411100051', '', 0, '2009-03-25 00:00:00', 10, NULL),
(685, 2014, '430102001411100053', '', 0, '2008-10-31 00:00:00', 10, NULL),
(686, 2014, '430102001411100054', '', 0, '2008-01-27 00:00:00', 10, NULL),
(687, 2014, '430102001411100055', '', 0, '2008-01-11 00:00:00', 10, NULL),
(688, 2014, '430102001411100056', '', 0, '2007-12-27 00:00:00', 10, NULL),
(689, 2014, '430102001411100057', '', 0, '2008-04-18 00:00:00', 10, NULL),
(690, 2014, '430102001411100058', '', 0, '2008-07-19 00:00:00', 10, NULL),
(691, 2014, '430102001411100059', '', 0, '2008-04-22 00:00:00', 10, NULL),
(692, 2014, '430102001411100060', '', 0, '2008-01-22 00:00:00', 10, NULL),
(693, 2014, '430102001411100061', '', 0, '2008-09-11 00:00:00', 10, NULL),
(694, 2014, '430102001411100062', '', 0, '2008-11-16 00:00:00', 10, NULL),
(695, 2014, '430102001411100063', '', 0, '2008-08-09 00:00:00', 10, NULL),
(696, 2014, '430102001411100064', '', 0, '2008-08-23 00:00:00', 10, NULL),
(697, 2014, '430102001411100065', '', 0, '2008-10-09 00:00:00', 10, NULL),
(698, 2014, '430102001411100066', '', 1, '2008-06-18 00:00:00', 10, NULL),
(699, 2014, '430102001411100067', '', 1, '2008-08-08 00:00:00', 10, NULL),
(700, 2014, '430102001411100068', '', 1, '2008-01-15 00:00:00', 10, NULL),
(701, 2014, '430102001411100069', '', 1, '2008-07-21 00:00:00', 10, NULL),
(702, 2014, '430102001411100070', '', 1, '2008-08-21 00:00:00', 10, NULL),
(703, 2014, '430102001411100071', '', 1, '2008-07-09 00:00:00', 10, NULL),
(704, 2014, '430102001411100072', '', 1, '2008-08-29 00:00:00', 10, NULL),
(705, 2014, '430102001411100073', '', 1, '2008-05-30 00:00:00', 10, NULL),
(706, 2014, '430102001411100074', '', 1, '2008-06-12 00:00:00', 10, NULL),
(707, 2014, '430102001411100075', '', 1, '2007-12-22 00:00:00', 10, NULL),
(708, 2014, '430102001411100076', '', 1, '2008-04-29 00:00:00', 10, NULL),
(709, 2014, '430102001411100077', '', 1, '2008-08-31 00:00:00', 10, NULL),
(710, 2014, '430102001411100078', '', 1, '2008-04-22 00:00:00', 10, NULL),
(711, 2014, '430102001411100079', '', 1, '2008-01-13 00:00:00', 10, NULL),
(712, 2014, '430102001411100080', '', 1, '2008-07-28 00:00:00', 10, NULL),
(713, 2014, '430102001411100081', '', 1, '2008-12-13 00:00:00', 10, NULL),
(714, 2014, '430102001411100082', '', 1, '2008-03-18 00:00:00', 10, NULL),
(715, 2014, '430102001411100083', '', 1, '2008-01-18 00:00:00', 10, NULL),
(716, 2014, '430102001411100084', '', 1, '2008-02-08 00:00:00', 10, NULL),
(717, 2014, '430102001411100085', '', 1, '2009-01-08 00:00:00', 10, NULL),
(718, 2014, '430102001411100086', '', 1, '2008-01-12 00:00:00', 10, NULL),
(719, 2014, '430102001411100180', '', 0, '2008-12-22 00:00:00', 10, NULL),
(720, 2014, '430102001411100182', '', 0, '2008-06-21 00:00:00', 10, NULL),
(721, 2014, '430102001411100184', '', 1, '2008-02-17 00:00:00', 10, NULL),
(722, 2014, '430102001411100087', '', 1, '2008-04-02 00:00:00', 11, NULL),
(723, 2014, '430102001411100088', '', 0, '2008-09-12 00:00:00', 11, NULL),
(724, 2014, '430102001411100089', '', 0, '2008-08-24 00:00:00', 11, NULL),
(725, 2014, '430102001411100090', '', 0, '2008-06-24 00:00:00', 11, NULL),
(726, 2014, '430102001411100091', '', 0, '2008-08-28 00:00:00', 11, NULL),
(727, 2014, '430102001411100092', '', 0, '2007-12-07 00:00:00', 11, NULL),
(728, 2014, '430102001411100093', '', 0, '2008-08-23 00:00:00', 11, NULL),
(729, 2014, '430102001411100095', '', 0, '2008-05-03 00:00:00', 11, NULL),
(730, 2014, '430102001411100096', '', 0, '2008-05-07 00:00:00', 11, NULL),
(731, 2014, '430102001411100097', '', 0, '2008-04-07 00:00:00', 11, NULL),
(732, 2014, '430102001411100098', '', 0, '2008-04-20 00:00:00', 11, NULL),
(733, 2014, '430102001411100099', '', 0, '2008-09-22 00:00:00', 11, NULL),
(734, 2014, '430102001411100100', '', 0, '2008-01-02 00:00:00', 11, NULL),
(735, 2014, '430102001411100101', '', 0, '2008-04-18 00:00:00', 11, NULL),
(736, 2014, '430102001411100102', '', 0, '2008-04-18 00:00:00', 11, NULL),
(737, 2014, '430102001411100103', '', 0, '2008-01-19 00:00:00', 11, NULL),
(738, 2014, '430102001411100104', '', 0, '2008-02-18 00:00:00', 11, NULL),
(739, 2014, '430102001411100105', '', 0, '2008-10-20 00:00:00', 11, NULL),
(740, 2014, '430102001411100106', '', 0, '2008-09-01 00:00:00', 11, NULL),
(741, 2014, '430102001411100107', '', 0, '2008-09-19 00:00:00', 11, NULL),
(742, 2014, '430102001411100108', '', 0, '2008-09-12 00:00:00', 11, NULL),
(743, 2014, '430102001411100109', '', 1, '2008-08-09 00:00:00', 11, NULL),
(744, 2014, '430102001411100110', '', 1, '2008-06-01 00:00:00', 11, NULL),
(745, 2014, '430102001411100111', '', 1, '2008-09-02 00:00:00', 11, NULL),
(746, 2014, '430102001411100112', '', 1, '2008-11-02 00:00:00', 11, NULL),
(747, 2014, '430102001411100113', '', 1, '2008-04-07 00:00:00', 11, NULL),
(748, 2014, '430102001411100114', '', 1, '2008-06-05 00:00:00', 11, NULL),
(749, 2014, '430102001411100115', '', 1, '2008-05-14 00:00:00', 11, NULL),
(750, 2014, '430102001411100116', '', 0, '2007-11-10 00:00:00', 11, NULL),
(751, 2014, '430102001411100117', '', 0, '2008-11-17 00:00:00', 11, NULL),
(752, 2014, '430102001411100118', '', 1, '2008-07-15 00:00:00', 11, NULL),
(753, 2014, '430102001411100119', '', 1, '2007-11-16 00:00:00', 11, NULL),
(754, 2014, '430102001411100120', '', 1, '2008-01-07 00:00:00', 11, NULL),
(755, 2014, '430102001411100121', '', 1, '2008-02-21 00:00:00', 11, NULL),
(756, 2014, '430102001411100122', '', 1, '2007-10-29 00:00:00', 11, NULL),
(757, 2014, '430102001411100123', '', 1, '2008-10-05 00:00:00', 11, NULL),
(758, 2014, '430102001411100124', '', 1, '2008-05-23 00:00:00', 11, NULL);
INSERT INTO `students` (`users_id`, `edu_starting_year`, `city_student_number`, `national_student_number`, `gender`, `birth_date`, `classes_id`, `parents_users_id`) VALUES
(759, 2014, '430102001411100125', '', 1, '2007-10-06 00:00:00', 11, NULL),
(760, 2014, '430102001411100126', '', 1, '2007-10-07 00:00:00', 11, NULL),
(761, 2014, '430102001411100127', '', 1, '2008-08-05 00:00:00', 11, NULL),
(762, 2014, '430102001411100172', '', 1, '2007-03-28 00:00:00', 11, NULL),
(763, 2014, '430102001411100174', '', 0, '2008-09-03 00:00:00', 11, NULL),
(764, 2014, '430102001411100175', '', 0, '2008-10-23 00:00:00', 11, NULL),
(765, 2014, '430102001411100176', '', 0, '2008-12-25 00:00:00', 11, NULL),
(766, 2014, '430102001411100183', '', 0, '2008-03-07 00:00:00', 11, NULL),
(767, 2014, '430102001411100129', '', 0, '2008-01-18 00:00:00', 12, NULL),
(768, 2014, '430102001411100130', '', 0, '2008-10-18 00:00:00', 12, NULL),
(769, 2014, '430102001411100131', '', 0, '2008-08-26 00:00:00', 12, NULL),
(770, 2014, '430102001411100132', '', 0, '2008-07-10 00:00:00', 12, NULL),
(771, 2014, '430102001411100133', '', 0, '2008-05-10 00:00:00', 12, NULL),
(772, 2014, '430102001411100134', '', 0, '2007-12-28 00:00:00', 12, NULL),
(773, 2014, '430102001411100135', '', 0, '2008-06-23 00:00:00', 12, NULL),
(774, 2014, '430102001411100136', '', 0, '2007-11-28 00:00:00', 12, NULL),
(775, 2014, '430102001411100137', '', 0, '2008-06-23 00:00:00', 12, NULL),
(776, 2014, '430102001411100138', '', 0, '2008-07-07 00:00:00', 12, NULL),
(777, 2014, '430102001411100139', '', 0, '2008-08-01 00:00:00', 12, NULL),
(778, 2014, '430102001411100140', '', 0, '2008-02-19 00:00:00', 12, NULL),
(779, 2014, '430102001411100141', '', 0, '2008-11-22 00:00:00', 12, NULL),
(780, 2014, '430102001411100142', '', 0, '2008-06-12 00:00:00', 12, NULL),
(781, 2014, '430102001411100143', '', 0, '2008-08-04 00:00:00', 12, NULL),
(782, 2014, '430102001411100144', '', 0, '2008-11-15 00:00:00', 12, NULL),
(783, 2014, '430102001411100145', '', 0, '2008-08-25 00:00:00', 12, NULL),
(784, 2014, '430102001411100146', '', 0, '2008-01-29 00:00:00', 12, NULL),
(785, 2014, '430102001411100147', '', 0, '2008-03-13 00:00:00', 12, NULL),
(786, 2014, '430102001411100148', '', 0, '2008-03-07 00:00:00', 12, NULL),
(787, 2014, '430102001411100149', '', 1, '2008-04-09 00:00:00', 12, NULL),
(788, 2014, '430102001411100150', '', 1, '2008-12-31 00:00:00', 12, NULL),
(789, 2014, '430102001411100151', '', 1, '2008-09-21 00:00:00', 12, NULL),
(790, 2014, '430102001411100152', '', 1, '2007-12-27 00:00:00', 12, NULL),
(791, 2014, '430102001411100153', '', 1, '2008-01-24 00:00:00', 12, NULL),
(792, 2014, '430102001411100154', '', 1, '2008-07-16 00:00:00', 12, NULL),
(793, 2014, '430102001411100155', '', 1, '2008-02-27 00:00:00', 12, NULL),
(794, 2014, '430102001411100156', '', 1, '2007-08-29 00:00:00', 12, NULL),
(795, 2014, '430102001411100157', '', 1, '2007-11-23 00:00:00', 12, NULL),
(796, 2014, '430102001411100158', '', 1, '2007-11-18 00:00:00', 12, NULL),
(797, 2014, '430102001411100159', '', 1, '2008-04-09 00:00:00', 12, NULL),
(798, 2014, '430102001411100160', '', 1, '2008-04-09 00:00:00', 12, NULL),
(799, 2014, '430102001411100161', '', 1, '2008-06-21 00:00:00', 12, NULL),
(800, 2014, '430102001411100162', '', 1, '2008-02-06 00:00:00', 12, NULL),
(801, 2014, '430102001411100163', '', 1, '2008-05-11 00:00:00', 12, NULL),
(802, 2014, '430102001411100164', '', 1, '2008-08-26 00:00:00', 12, NULL),
(803, 2014, '430102001411100165', '', 1, '2007-09-15 00:00:00', 12, NULL),
(804, 2014, '430102001411100166', '', 1, '2007-12-20 00:00:00', 12, NULL),
(805, 2014, '430102001411100167', '', 1, '2008-02-02 00:00:00', 12, NULL),
(806, 2014, '430102001411100169', '', 1, '2008-10-04 00:00:00', 12, NULL),
(807, 2014, '430102001411100170', '', 1, '2008-08-21 00:00:00', 12, NULL),
(808, 2014, '430102001411100173', '', 1, '2009-04-06 00:00:00', 12, NULL),
(809, 2014, '430102001411100178', '', 1, '2008-10-08 00:00:00', 12, NULL),
(810, 2014, '430102001411100185', '', 1, '2008-04-19 00:00:00', 12, NULL),
(811, 2015, '430102001511100092', '', 1, '2009-10-05 00:00:00', 5, NULL),
(812, 2015, '430102001511100093', '', 1, '2009-07-22 00:00:00', 5, NULL),
(813, 2015, '430102001511100094', '', 1, '2009-01-13 00:00:00', 5, NULL),
(814, 2015, '430102001511100095', '', 1, '2009-10-05 00:00:00', 5, NULL),
(815, 2015, '430102001511100096', '', 0, '2009-08-27 00:00:00', 5, NULL),
(816, 2015, '430102001511100097', '', 0, '2009-07-01 00:00:00', 5, NULL),
(817, 2015, '430102001511100098', '', 1, '2008-11-10 00:00:00', 5, NULL),
(818, 2015, '430102001511100099', '', 1, '2009-08-13 00:00:00', 5, NULL),
(819, 2015, '430102001511100100', '', 1, '2009-02-01 00:00:00', 5, NULL),
(820, 2015, '430102001511100101', '', 1, '2009-03-19 00:00:00', 5, NULL),
(821, 2015, '430102001511100102', '', 0, '2015-09-29 00:00:00', 5, NULL),
(822, 2015, '430102001511100103', '', 1, '2009-08-30 00:00:00', 5, NULL),
(823, 2015, '430102001511100104', '', 0, '2009-07-29 00:00:00', 5, NULL),
(824, 2015, '430102001511100105', '', 1, '2009-09-19 00:00:00', 5, NULL),
(825, 2015, '430102001511100106', '', 1, '2008-06-28 00:00:00', 5, NULL),
(826, 2015, '430102001511100107', '', 0, '2009-08-19 00:00:00', 5, NULL),
(827, 2015, '430102001511100108', '', 1, '2008-11-29 00:00:00', 5, NULL),
(828, 2015, '430102001511100109', '', 0, '2008-12-15 00:00:00', 5, NULL),
(829, 2015, '430102001511100110', '', 0, '2009-10-22 00:00:00', 5, NULL),
(830, 2015, '430102001511100111', '', 0, '2009-07-04 00:00:00', 5, NULL),
(831, 2015, '430102001511100112', '', 0, '2009-02-08 00:00:00', 5, NULL),
(832, 2015, '430102001511100113', '', 0, '2009-03-03 00:00:00', 5, NULL),
(833, 2015, '430102001511100114', '', 1, '2009-02-10 00:00:00', 5, NULL),
(834, 2015, '430102001511100115', '', 1, '2008-11-17 00:00:00', 5, NULL),
(835, 2015, '430102001511100116', '', 1, '2009-03-27 00:00:00', 5, NULL),
(836, 2015, '430102001511100117', '', 0, '2009-05-19 00:00:00', 5, NULL),
(837, 2015, '430102001511100118', '', 0, '2009-07-19 00:00:00', 5, NULL),
(838, 2015, '430102001511100119', '', 0, '2009-11-21 00:00:00', 5, NULL),
(839, 2015, '430102001511100120', '', 1, '2008-07-16 00:00:00', 5, NULL),
(840, 2015, '430102001511100121', '', 0, '2009-06-20 00:00:00', 5, NULL),
(841, 2015, '430102001511100122', '', 1, '2009-05-21 00:00:00', 5, NULL),
(842, 2015, '430102001511100123', '', 0, '2009-08-04 00:00:00', 5, NULL),
(843, 2015, '430102001511100124', '', 1, '2009-01-10 00:00:00', 5, NULL),
(844, 2015, '430102001511100125', '', 1, '2009-06-19 00:00:00', 5, NULL),
(845, 2015, '430102001511100126', '', 0, '2009-03-15 00:00:00', 5, NULL),
(846, 2015, '430102001511100127', '', 0, '2009-06-13 00:00:00', 5, NULL),
(847, 2015, '430102001511100128', '', 0, '2009-06-30 00:00:00', 5, NULL),
(848, 2015, '430102001511100129', '', 1, '2009-06-07 00:00:00', 5, NULL),
(849, 2015, '430102001511100130', '', 0, '2009-07-15 00:00:00', 5, NULL),
(850, 2015, '430102001511100131', '', 0, '2009-09-21 00:00:00', 5, NULL),
(851, 2015, '430102001511100132', '', 0, '2009-02-15 00:00:00', 5, NULL),
(852, 2015, '430102001511100133', '', 1, '2009-04-21 00:00:00', 5, NULL),
(853, 2015, '430102001511100134', '', 1, '2009-10-10 00:00:00', 5, NULL),
(854, 2015, '430102001511100135', '', 1, '2008-12-31 00:00:00', 5, NULL),
(855, 2015, '430102001511100136', '', 1, '2008-09-25 00:00:00', 5, NULL),
(856, 2015, '430102001511100186', '', 1, '2007-08-28 00:00:00', 5, NULL),
(857, 2015, '430102001511100189', '', 1, '2009-01-21 00:00:00', 5, NULL),
(858, 2015, '430102001511100001', '', 0, '2009-08-04 00:00:00', 6, NULL),
(859, 2015, '430102001511100002', '', 0, '2009-07-16 00:00:00', 6, NULL),
(860, 2015, '430102001511100003', '', 0, '2009-08-11 00:00:00', 6, NULL),
(861, 2015, '430102001511100004', '', 0, '2009-03-07 00:00:00', 6, NULL),
(862, 2015, '430102001511100005', '', 1, '2009-10-16 00:00:00', 6, NULL),
(863, 2015, '430102001511100006', '', 1, '2009-07-04 00:00:00', 6, NULL),
(864, 2015, '430102001511100007', '', 1, '2009-08-15 00:00:00', 6, NULL),
(865, 2015, '430102001511100008', '', 1, '2009-02-28 00:00:00', 6, NULL),
(866, 2015, '430102001511100009', '', 0, '2008-12-26 00:00:00', 6, NULL),
(867, 2015, '430102001511100010', '', 0, '2009-06-01 00:00:00', 6, NULL),
(868, 2015, '430102001511100011', '', 0, '2009-03-02 00:00:00', 6, NULL),
(869, 2015, '430102001511100012', '', 0, '2009-03-02 00:00:00', 6, NULL),
(870, 2015, '430102001511100013', '', 1, '2009-05-25 00:00:00', 6, NULL),
(871, 2015, '430102001511100014', '', 0, '2009-10-15 00:00:00', 6, NULL),
(872, 2015, '430102001511100015', '', 1, '2009-04-01 00:00:00', 6, NULL),
(873, 2015, '430102001511100016', '', 0, '2009-03-19 00:00:00', 6, NULL),
(874, 2015, '430102001511100017', '', 1, '2009-02-22 00:00:00', 6, NULL),
(875, 2015, '430102001511100018', '', 1, '2009-07-17 00:00:00', 6, NULL),
(876, 2015, '430102001511100019', '', 0, '2009-08-11 00:00:00', 6, NULL),
(877, 2015, '430102001511100020', '', 1, '2009-08-31 00:00:00', 6, NULL),
(878, 2015, '430102001511100021', '', 1, '2009-01-10 00:00:00', 6, NULL),
(879, 2015, '430102001511100022', '', 0, '2009-05-01 00:00:00', 6, NULL),
(880, 2015, '430102001511100023', '', 0, '2009-11-10 00:00:00', 6, NULL),
(881, 2015, '430102001511100024', '', 1, '2009-07-29 00:00:00', 6, NULL),
(882, 2015, '430102001511100025', '', 0, '2009-02-14 00:00:00', 6, NULL),
(883, 2015, '430102001511100026', '', 1, '2009-06-02 00:00:00', 6, NULL),
(884, 2015, '430102001511100027', '', 1, '2009-05-23 00:00:00', 6, NULL),
(885, 2015, '430102001511100028', '', 1, '2009-01-27 00:00:00', 6, NULL),
(886, 2015, '430102001511100029', '', 0, '2009-01-27 00:00:00', 6, NULL),
(887, 2015, '430102001511100030', '', 1, '2009-04-23 00:00:00', 6, NULL),
(888, 2015, '430102001511100031', '', 0, '2009-03-06 00:00:00', 6, NULL),
(889, 2015, '430102001511100032', '', 1, '2008-11-22 00:00:00', 6, NULL),
(890, 2015, '430102001511100033', '', 1, '2009-01-06 00:00:00', 6, NULL),
(891, 2015, '430102001511100034', '', 1, '2009-02-06 00:00:00', 6, NULL),
(892, 2015, '430102001511100035', '', 0, '2010-03-24 00:00:00', 6, NULL),
(893, 2015, '430102001511100036', '', 0, '2008-12-25 00:00:00', 6, NULL),
(894, 2015, '430102001511100037', '', 1, '2009-01-08 00:00:00', 6, NULL),
(895, 2015, '430102001511100038', '', 1, '2009-03-13 00:00:00', 6, NULL),
(896, 2015, '430102001511100039', '', 0, '2009-06-24 00:00:00', 6, NULL),
(897, 2015, '430102001511100041', '', 1, '2009-10-29 00:00:00', 6, NULL),
(898, 2015, '430102001511100042', '', 0, '2009-11-06 00:00:00', 6, NULL),
(899, 2015, '430102001511100043', '', 1, '2009-05-10 00:00:00', 6, NULL),
(900, 2015, '430102001511100044', '', 1, '2009-01-15 00:00:00', 6, NULL),
(901, 2015, '430102001511100045', '', 1, '2009-05-22 00:00:00', 6, NULL),
(902, 2015, '430102001511100046', '', 1, '2009-08-25 00:00:00', 6, NULL),
(903, 2015, '430102001511100047', '', 0, '2009-03-31 00:00:00', 7, NULL),
(904, 2015, '430102001511100048', '', 0, '2009-10-01 00:00:00', 7, NULL),
(905, 2015, '430102001511100049', '', 1, '2008-10-29 00:00:00', 7, NULL),
(906, 2015, '430102001511100050', '', 0, '2009-10-08 00:00:00', 7, NULL),
(907, 2015, '430102001511100051', '', 0, '2009-01-03 00:00:00', 7, NULL),
(908, 2015, '430102001511100052', '', 1, '2008-11-15 00:00:00', 7, NULL),
(909, 2015, '430102001511100053', '', 0, '2009-11-13 00:00:00', 7, NULL),
(910, 2015, '430102001511100054', '', 1, '2009-02-09 00:00:00', 7, NULL),
(911, 2015, '430102001511100055', '', 1, '2009-07-24 00:00:00', 7, NULL),
(912, 2015, '430102001511100056', '', 1, '2008-12-10 00:00:00', 7, NULL),
(913, 2015, '430102001511100057', '', 1, '2009-03-08 00:00:00', 7, NULL),
(914, 2015, '430102001511100058', '', 0, '2008-11-02 00:00:00', 7, NULL),
(915, 2015, '430102001511100059', '', 1, '2009-02-05 00:00:00', 7, NULL),
(916, 2015, '430102001511100060', '', 0, '2009-01-19 00:00:00', 7, NULL),
(917, 2015, '430102001511100061', '', 1, '2009-11-21 00:00:00', 7, NULL),
(918, 2015, '430102001511100062', '', 1, '2009-04-06 00:00:00', 7, NULL),
(919, 2015, '430102001511100063', '', 1, '2009-06-08 00:00:00', 7, NULL),
(920, 2015, '430102001511100065', '', 1, '2009-07-03 00:00:00', 7, NULL),
(921, 2015, '430102001511100066', '', 1, '2009-02-26 00:00:00', 7, NULL),
(922, 2015, '430102001511100067', '', 0, '2009-08-18 00:00:00', 7, NULL),
(923, 2015, '430102001511100068', '', 1, '2009-08-21 00:00:00', 7, NULL),
(924, 2015, '430102001511100069', '', 0, '2009-06-22 00:00:00', 7, NULL),
(925, 2015, '430102001511100070', '', 0, '2009-01-04 00:00:00', 7, NULL),
(926, 2015, '430102001511100071', '', 1, '2009-08-21 00:00:00', 7, NULL),
(927, 2015, '430102001511100072', '', 1, '2009-08-15 00:00:00', 7, NULL),
(928, 2015, '430102001511100073', '', 1, '2009-09-11 00:00:00', 7, NULL),
(929, 2015, '430102001511100074', '', 1, '2009-07-19 00:00:00', 7, NULL),
(930, 2015, '430102001511100075', '', 0, '2009-07-01 00:00:00', 7, NULL),
(931, 2015, '430102001511100076', '', 1, '2009-08-17 00:00:00', 7, NULL),
(932, 2015, '430102001511100077', '', 0, '2009-11-19 00:00:00', 7, NULL),
(933, 2015, '430102001511100078', '', 0, '2009-06-16 00:00:00', 7, NULL),
(934, 2015, '430102001511100079', '', 1, '2008-11-12 00:00:00', 7, NULL),
(1146, 0, '', '', 0, '0000-00-00 00:00:00', 5, NULL),
(1147, 2016, '430102001611100001', '', 1, '2010-07-17 00:00:00', 1, NULL),
(1148, 2016, '430102001611100002', '', 1, '2010-05-25 00:00:00', 1, NULL),
(1149, 2016, '430102001611100003', '', 0, '2010-09-26 00:00:00', 1, NULL),
(1150, 2016, '430102001611100004', '', 1, '2010-06-11 00:00:00', 1, NULL),
(1151, 2016, '430102001611100005', '', 0, '2010-04-21 00:00:00', 1, NULL),
(1152, 2016, '430102001611100006', '', 0, '2010-02-11 00:00:00', 1, NULL),
(1153, 2016, '430102001611100007', '', 1, '2009-12-13 00:00:00', 1, NULL),
(1154, 2016, '430102001611100008', '', 0, '2009-12-05 00:00:00', 1, NULL),
(1155, 2016, '430102001611100009', '', 0, '2009-12-01 00:00:00', 1, NULL),
(1156, 2016, '430102001611100010', '', 0, '2010-07-25 00:00:00', 1, NULL),
(1157, 2016, '430102001611100011', '', 0, '2010-05-25 00:00:00', 1, NULL),
(1158, 2016, '430102001611100012', '', 1, '2010-03-20 00:00:00', 1, NULL),
(1159, 2016, '430102001611100013', '', 0, '2010-04-08 00:00:00', 1, NULL),
(1160, 2016, '430102001611100014', '', 1, '2010-05-30 00:00:00', 1, NULL),
(1161, 2016, '430102001611100015', '', 1, '2009-03-16 00:00:00', 1, NULL),
(1162, 2016, '430102001611100016', '', 1, '2010-01-30 00:00:00', 1, NULL),
(1163, 2016, '430102001611100017', '', 1, '2009-10-06 00:00:00', 1, NULL),
(1164, 2016, '430102001611100018', '', 1, '2009-03-16 00:00:00', 1, NULL),
(1165, 2016, '430102001611100019', '', 1, '2010-05-14 00:00:00', 1, NULL),
(1166, 2016, '430102001611100020', '', 0, '2010-12-02 00:00:00', 1, NULL),
(1167, 2016, '430102001611100021', '', 0, '2010-11-06 00:00:00', 1, NULL),
(1168, 2016, '430102001611100022', '', 1, '2010-03-01 00:00:00', 1, NULL),
(1169, 2016, '430102001611100023', '', 0, '2010-06-21 00:00:00', 1, NULL),
(1170, 2016, '430102001611100024', '', 1, '2010-02-02 00:00:00', 1, NULL),
(1171, 2016, '430102001611100025', '', 1, '2010-09-06 00:00:00', 1, NULL),
(1172, 2016, '430102001611100026', '', 1, '2010-01-17 00:00:00', 1, NULL),
(1173, 2016, '430102001611100027', '', 1, '2010-05-23 00:00:00', 1, NULL),
(1174, 2016, '430102001611100028', '', 1, '2010-02-26 00:00:00', 1, NULL),
(1175, 2016, '430102001611100029', '', 1, '2010-08-29 00:00:00', 1, NULL),
(1176, 2016, '430102001611100030', '', 1, '2009-11-04 00:00:00', 1, NULL),
(1177, 2016, '430102001611100031', '', 0, '2010-08-26 00:00:00', 1, NULL),
(1178, 2016, '430102001611100032', '', 0, '2010-08-09 00:00:00', 1, NULL),
(1179, 2016, '430102001611100033', '', 1, '2010-07-16 00:00:00', 1, NULL),
(1180, 2016, '430102001611100034', '', 1, '2010-03-31 00:00:00', 1, NULL),
(1181, 2016, '430102001611100035', '', 0, '2010-09-27 00:00:00', 1, NULL),
(1182, 2016, '430102001611100036', '', 1, '2010-07-05 00:00:00', 1, NULL),
(1183, 2016, '430102001611100037', '', 1, '2010-07-06 00:00:00', 1, NULL),
(1184, 2016, '430102001611100039', '', 1, '2010-02-07 00:00:00', 1, NULL),
(1185, 2016, '430102001611100040', '', 0, '2009-12-06 00:00:00', 1, NULL),
(1186, 2016, '430102001611100041', '', 1, '2010-03-15 00:00:00', 1, NULL),
(1187, 2016, '430102001611100042', '', 0, '2010-10-19 00:00:00', 1, NULL),
(1188, 2016, '430102001611100043', '', 1, '2010-01-26 00:00:00', 2, NULL),
(1189, 2016, '430102001611100044', '', 0, '2009-11-24 00:00:00', 2, NULL),
(1190, 2016, '430102001611100045', '', 1, '2010-02-05 00:00:00', 2, NULL),
(1191, 2016, '430102001611100046', '', 1, '2010-03-30 00:00:00', 2, NULL),
(1192, 2016, '430102001611100047', '', 0, '2010-02-27 00:00:00', 2, NULL),
(1193, 2016, '430102001611100048', '', 0, '2010-04-22 00:00:00', 2, NULL),
(1194, 2016, '430102001611100049', '', 1, '2010-05-08 00:00:00', 2, NULL),
(1195, 2016, '430102001611100050', '', 1, '2010-09-23 00:00:00', 2, NULL),
(1196, 2016, '430102001611100051', '', 1, '2010-06-04 00:00:00', 2, NULL),
(1197, 2016, '430102001611100052', '', 0, '2010-04-06 00:00:00', 2, NULL),
(1198, 2016, '430102001611100053', '', 1, '2010-02-07 00:00:00', 2, NULL),
(1199, 2016, '430102001611100054', '', 0, '2009-12-15 00:00:00', 2, NULL),
(1200, 2016, '430102001611100055', '', 0, '2010-08-05 00:00:00', 2, NULL),
(1201, 2016, '430102001611100056', '', 1, '2010-09-18 00:00:00', 2, NULL),
(1202, 2016, '430102001611100057', '', 1, '2010-02-05 00:00:00', 2, NULL),
(1203, 2016, '430102001611100058', '', 0, '2010-06-17 00:00:00', 2, NULL),
(1204, 2016, '430102001611100059', '', 1, '2010-05-11 00:00:00', 2, NULL),
(1205, 2016, '430102001611100060', '', 0, '2010-05-08 00:00:00', 2, NULL),
(1206, 2016, '430102001611100061', '', 0, '2010-12-04 00:00:00', 2, NULL),
(1207, 2016, '430102001611100062', '', 1, '2009-11-07 00:00:00', 2, NULL),
(1208, 2016, '430102001611100063', '', 1, '2010-06-03 00:00:00', 2, NULL),
(1209, 2016, '430102001611100064', '', 1, '2010-08-08 00:00:00', 2, NULL),
(1210, 2016, '430102001611100065', '', 0, '2010-04-05 00:00:00', 2, NULL),
(1211, 2016, '430102001611100066', '', 1, '2010-01-04 00:00:00', 2, NULL),
(1212, 2016, '430102001611100067', '', 1, '2010-03-03 00:00:00', 2, NULL),
(1213, 2016, '430102001611100068', '', 0, '2010-01-25 00:00:00', 2, NULL),
(1214, 2016, '430102001611100069', '', 1, '2009-10-24 00:00:00', 2, NULL),
(1215, 2016, '430102001611100070', '', 0, '2010-08-26 00:00:00', 2, NULL),
(1216, 2016, '430102001611100071', '', 1, '2009-10-16 00:00:00', 2, NULL),
(1217, 2016, '430102001611100072', '', 0, '2010-01-23 00:00:00', 2, NULL),
(1218, 2016, '430102001611100073', '', 1, '2009-09-01 00:00:00', 2, NULL),
(1219, 2016, '430102001611100074', '', 1, '2010-06-16 00:00:00', 2, NULL),
(1220, 2016, '430102001611100075', '', 0, '2010-04-01 00:00:00', 2, NULL),
(1221, 2016, '430102001611100076', '', 1, '2010-01-29 00:00:00', 2, NULL),
(1222, 2016, '430102001611100077', '', 1, '2010-07-07 00:00:00', 2, NULL),
(1223, 2016, '430102001611100078', '', 1, '2010-04-13 00:00:00', 2, NULL),
(1224, 2016, '430102001611100079', '', 1, '2010-06-29 00:00:00', 2, NULL),
(1225, 2016, '430102001611100080', '', 1, '2010-06-04 00:00:00', 2, NULL),
(1226, 2016, '430102001611100081', '', 0, '2010-04-26 00:00:00', 2, NULL),
(1227, 2016, '430102001611100082', '', 0, '2010-04-07 00:00:00', 2, NULL),
(1228, 2016, '430102001611100083', '', 1, '2010-02-15 00:00:00', 2, NULL),
(1229, 2016, '430102001611100084', '', 1, '2010-04-28 00:00:00', 2, NULL),
(1230, 2016, '430102001611100085', '', 1, '2010-01-09 00:00:00', 3, NULL),
(1231, 2016, '430102001611100086', '', 1, '2010-08-09 00:00:00', 3, NULL),
(1232, 2016, '430102001611100087', '', 0, '2010-10-03 00:00:00', 3, NULL),
(1233, 2016, '430102001611100088', '', 0, '2009-08-18 00:00:00', 3, NULL),
(1234, 2016, '430102001611100089', '', 1, '2010-10-01 00:00:00', 3, NULL),
(1235, 2016, '430102001611100090', '', 1, '2010-04-14 00:00:00', 3, NULL),
(1236, 2016, '430102001611100091', '', 1, '2010-01-05 00:00:00', 3, NULL),
(1237, 2016, '430102001611100092', '', 1, '2010-02-09 00:00:00', 3, NULL),
(1238, 2016, '430102001611100093', '', 0, '2010-07-29 00:00:00', 3, NULL),
(1239, 2016, '430102001611100094', '', 0, '2010-08-05 00:00:00', 3, NULL),
(1240, 2016, '430102001611100095', '', 1, '2010-07-18 00:00:00', 3, NULL),
(1241, 2016, '430102001611100096', '', 0, '2010-12-22 00:00:00', 3, NULL),
(1242, 2016, '430102001611100097', '', 1, '2010-10-16 00:00:00', 3, NULL),
(1243, 2016, '430102001611100098', '', 0, '2010-01-21 00:00:00', 3, NULL),
(1244, 2016, '430102001611100099', '', 1, '2010-08-15 00:00:00', 3, NULL),
(1245, 2016, '430102001611100100', '', 1, '2010-04-27 00:00:00', 3, NULL),
(1246, 2016, '430102001611100101', '', 1, '2010-04-27 00:00:00', 3, NULL),
(1247, 2016, '430102001611100102', '', 0, '2010-10-23 00:00:00', 3, NULL),
(1248, 2016, '430102001611100103', '', 1, '2009-12-25 00:00:00', 3, NULL),
(1249, 2016, '430102001611100104', '', 0, '2010-05-26 00:00:00', 3, NULL),
(1250, 2016, '430102001611100105', '', 1, '2009-12-28 00:00:00', 3, NULL),
(1251, 2016, '430102001611100106', '', 1, '2010-05-01 00:00:00', 3, NULL),
(1252, 2016, '430102001611100107', '', 0, '2010-09-24 00:00:00', 3, NULL),
(1253, 2016, '430102001611100108', '', 0, '2010-02-22 00:00:00', 3, NULL),
(1254, 2016, '430102001611100109', '', 1, '2010-09-21 00:00:00', 3, NULL),
(1255, 2016, '430102001611100110', '', 1, '2010-03-01 00:00:00', 3, NULL),
(1256, 2016, '430102001611100111', '', 1, '2010-08-10 00:00:00', 3, NULL),
(1257, 2016, '430102001611100112', '', 0, '2010-05-12 00:00:00', 3, NULL),
(1258, 2016, '430102001611100113', '', 0, '2010-04-24 00:00:00', 3, NULL),
(1259, 2016, '430102001611100114', '', 1, '2010-01-27 00:00:00', 3, NULL),
(1260, 2016, '430102001611100115', '', 0, '2010-02-12 00:00:00', 3, NULL),
(1261, 2016, '430102001611100116', '', 1, '2010-06-29 00:00:00', 3, NULL),
(1262, 2016, '430102001611100117', '', 1, '2010-06-16 00:00:00', 3, NULL),
(1263, 2016, '430102001611100118', '', 0, '2010-03-30 00:00:00', 3, NULL),
(1264, 2016, '430102001611100119', '', 1, '2010-07-21 00:00:00', 3, NULL),
(1265, 2016, '430102001611100120', '', 0, '2010-03-08 00:00:00', 3, NULL),
(1266, 2016, '430102001611100121', '', 0, '2010-08-19 00:00:00', 3, NULL),
(1267, 2016, '430102001611100122', '', 0, '2010-08-28 00:00:00', 3, NULL),
(1268, 2016, '430102001611100123', '', 1, '2010-07-18 00:00:00', 3, NULL),
(1269, 2016, '430102001611100124', '', 0, '2009-11-21 00:00:00', 3, NULL),
(1270, 2016, '430102001611100125', '', 1, '2010-08-30 00:00:00', 3, NULL),
(1271, 2016, '430102001611100126', '', 0, '2010-08-09 00:00:00', 3, NULL),
(1272, 2016, '430102001611100127', '', 1, '2010-11-18 00:00:00', 4, NULL),
(1273, 2016, '430102001611100128', '', 0, '2010-11-16 00:00:00', 4, NULL),
(1274, 2016, '430102001611100129', '', 1, '2010-07-24 00:00:00', 4, NULL),
(1275, 2016, '430102001611100130', '', 1, '2010-01-28 00:00:00', 4, NULL),
(1276, 2016, '430102001611100131', '', 1, '2010-09-29 00:00:00', 4, NULL),
(1277, 2016, '430102001611100132', '', 1, '2010-08-22 00:00:00', 4, NULL),
(1278, 2016, '430102001611100133', '', 1, '2010-07-26 00:00:00', 4, NULL),
(1279, 2016, '430102001611100134', '', 1, '2010-08-02 00:00:00', 4, NULL),
(1280, 2016, '430102001611100135', '', 0, '2010-05-25 00:00:00', 4, NULL),
(1281, 2016, '430102001611100136', '', 1, '2010-07-12 00:00:00', 4, NULL),
(1282, 2016, '430102001611100137', '', 1, '2010-02-10 00:00:00', 4, NULL),
(1283, 2016, '430102001611100138', '', 1, '2009-05-18 00:00:00', 4, NULL),
(1284, 2016, '430102001611100139', '', 1, '2010-05-31 00:00:00', 4, NULL),
(1285, 2016, '430102001611100140', '', 0, '2010-06-09 00:00:00', 4, NULL),
(1286, 2016, '430102001611100141', '', 1, '2010-08-15 00:00:00', 4, NULL),
(1287, 2016, '430102001611100142', '', 0, '2010-04-29 00:00:00', 4, NULL),
(1288, 2016, '430102001611100143', '', 1, '2010-03-27 00:00:00', 4, NULL),
(1289, 2016, '430102001611100144', '', 1, '2010-05-09 00:00:00', 4, NULL),
(1290, 2016, '430102001611100145', '', 1, '2009-05-19 00:00:00', 4, NULL),
(1291, 2016, '430102001611100146', '', 1, '2010-08-16 00:00:00', 4, NULL),
(1292, 2016, '430102001611100147', '', 0, '2010-02-27 00:00:00', 4, NULL),
(1293, 2016, '430102001611100148', '', 1, '2010-05-08 00:00:00', 4, NULL),
(1294, 2016, '430102001611100149', '', 0, '2010-08-09 00:00:00', 4, NULL),
(1295, 2016, '430102001611100150', '', 0, '2010-03-02 00:00:00', 4, NULL),
(1296, 2016, '430102001611100151', '', 1, '2010-04-26 00:00:00', 4, NULL),
(1297, 2016, '430102001611100152', '', 1, '2010-08-04 00:00:00', 4, NULL),
(1298, 2016, '430102001611100153', '', 0, '2010-05-12 00:00:00', 4, NULL),
(1299, 2016, '430102001611100154', '', 1, '2010-08-06 00:00:00', 4, NULL),
(1300, 2016, '430102001611100155', '', 1, '2009-10-06 00:00:00', 4, NULL),
(1301, 2016, '430102001611100156', '', 1, '2010-05-15 00:00:00', 4, NULL),
(1302, 2016, '430102001611100157', '', 0, '2010-08-29 00:00:00', 4, NULL),
(1303, 2016, '430102001611100158', '', 0, '2010-06-18 00:00:00', 4, NULL),
(1304, 2016, '430102001611100159', '', 1, '2010-09-17 00:00:00', 4, NULL),
(1305, 2016, '430102001611100160', '', 1, '2010-04-20 00:00:00', 4, NULL),
(1306, 2016, '430102001611100161', '', 0, '2009-11-23 00:00:00', 4, NULL),
(1307, 2016, '430102001611100162', '', 0, '2010-06-29 00:00:00', 4, NULL),
(1308, 2016, '430102001611100163', '', 1, '2009-02-08 00:00:00', 4, NULL),
(1309, 2016, '430102001611100164', '', 0, '2010-09-19 00:00:00', 4, NULL),
(1310, 2016, '430102001611100165', '', 0, '2010-10-10 00:00:00', 4, NULL),
(1311, 2016, '430102001611100166', '', 0, '2010-01-04 00:00:00', 4, NULL),
(1312, 2016, '430102001611100167', '', 0, '2010-06-23 00:00:00', 4, NULL),
(1313, 2016, '430102001611100168', '', 0, '2010-08-10 00:00:00', 4, NULL);

-- --------------------------------------------------------

--
-- 表的结构 `teachers`
--

CREATE TABLE IF NOT EXISTS `teachers` (
  `users_id` int(10) unsigned NOT NULL,
  `course_leader` varchar(45) DEFAULT NULL,
  `class_teacher` varchar(45) DEFAULT NULL
) ENGINE=InnoDB DEFAULT CHARSET=utf8;

--
-- 转存表中的数据 `teachers`
--

INSERT INTO `teachers` (`users_id`, `course_leader`, `class_teacher`) VALUES
(3, '1', '1'),
(1077, '', ''),
(1078, '', ''),
(1079, '', ''),
(1080, '', ''),
(1081, '', ''),
(1082, '', ''),
(1083, '', ''),
(1084, '13', ''),
(1085, '', ''),
(1086, '', ''),
(1087, '', '9'),
(1088, '', ''),
(1089, '', '14'),
(1090, '', ''),
(1091, '', '16'),
(1092, '', '24'),
(1093, '', '23'),
(1094, '', '3'),
(1095, '', ''),
(1096, '', '8'),
(1097, '', '6'),
(1098, '', ''),
(1099, '', '15'),
(1100, '', '7'),
(1101, '', '2'),
(1102, '', '12'),
(1103, '1', '10'),
(1104, '', ''),
(1105, '', ''),
(1106, '', ''),
(1107, '', '17'),
(1108, '', '18'),
(1109, '', ''),
(1110, '', '19'),
(1111, '', '20'),
(1112, '', ''),
(1113, '', ''),
(1114, '', ''),
(1115, '2', ''),
(1116, '', ''),
(1117, '4', ''),
(1118, '', ''),
(1119, '', ''),
(1120, '', ''),
(1121, '8', ''),
(1122, '', ''),
(1123, '9', '13'),
(1124, '6', ''),
(1125, '', ''),
(1126, '', '22'),
(1127, '', ''),
(1128, '', ''),
(1129, '', ''),
(1130, '3', ''),
(1131, '11', ''),
(1132, '', '11'),
(1133, '', '4'),
(1134, '', ''),
(1135, '', '5'),
(1136, '', ''),
(1137, '5', ''),
(1138, '', '21'),
(1139, '10', ''),
(1140, '12', ''),
(1141, '', ''),
(1142, '', ''),
(1143, '', '1'),
(1144, '', ''),
(1145, '', '');

-- --------------------------------------------------------

--
-- 表的结构 `users`
--

CREATE TABLE IF NOT EXISTS `users` (
  `id` int(10) unsigned NOT NULL,
  `ip_address` varchar(15) NOT NULL,
  `username` varchar(100) NOT NULL,
  `password` varchar(255) NOT NULL,
  `salt` varchar(255) DEFAULT NULL,
  `email` varchar(100) DEFAULT NULL,
  `activation_code` varchar(40) DEFAULT NULL,
  `forgotten_password_code` varchar(40) DEFAULT NULL,
  `forgotten_password_time` int(11) unsigned DEFAULT NULL,
  `remember_code` varchar(40) DEFAULT NULL,
  `created_on` int(11) unsigned DEFAULT NULL,
  `last_login` int(11) unsigned NOT NULL,
  `active` tinyint(1) unsigned DEFAULT NULL,
  `first_name` varchar(50) DEFAULT NULL,
  `last_name` varchar(50) DEFAULT NULL,
  `company` varchar(100) DEFAULT NULL,
  `phone` varchar(20) DEFAULT NULL
) ENGINE=InnoDB AUTO_INCREMENT=1314 DEFAULT CHARSET=utf8;

--
-- 转存表中的数据 `users`
--

INSERT INTO `users` (`id`, `ip_address`, `username`, `password`, `salt`, `email`, `activation_code`, `forgotten_password_code`, `forgotten_password_time`, `remember_code`, `created_on`, `last_login`, `active`, `first_name`, `last_name`, `company`, `phone`) VALUES
(1, '192.168.10.10', 'admin', '$2a$07$SeBknntpZror9uyftVopmu61qg0ms8Qv1yV6FG.kQOSM.9QhmTo36', NULL, 'admin@admin.com', NULL, NULL, NULL, NULL, NULL, 0, 1, 'You', 'Wenjie', NULL, '13487564267'),
(2, '192.168.10.10', 'school', '$2a$07$SeBknntpZror9uyftVopmu61qg0ms8Qv1yV6FG.kQOSM.9QhmTo36', NULL, 'school@admin.com', NULL, NULL, NULL, NULL, NULL, 1475810991, 1, NULL, NULL, NULL, NULL),
(3, '192.168.10.10', 'teacher', '$2y$08$R0w6lhqPEc3GOBNeucR3yOxTUh9Mj.oSZnkZr17geisvfRvs3eDYe', NULL, 'teacher@admin.com', NULL, NULL, NULL, NULL, NULL, 1475811173, 1, NULL, NULL, NULL, NULL),
(4, '192.168.10.10', 'student', '$2a$07$SeBknntpZror9uyftVopmu61qg0ms8Qv1yV6FG.kQOSM.9QhmTo36', NULL, 'student@admin.com', NULL, NULL, NULL, NULL, NULL, 1475591336, 1, NULL, NULL, NULL, NULL),
(5, '192.168.10.10', 'parent', '$2a$07$SeBknntpZror9uyftVopmu61qg0ms8Qv1yV6FG.kQOSM.9QhmTo36', NULL, 'parent@admin.com', NULL, NULL, NULL, NULL, NULL, 0, 1, NULL, NULL, NULL, NULL),
(76, '127.0.0.1', '马浩宇', '$2y$08$6mIQGkDUHponqgCQRURp1.TWY.fpTaRyMSvQBDfry0MFvrgMwVdD2', NULL, '', NULL, NULL, NULL, NULL, 1474986777, 0, 1, '马浩宇', NULL, NULL, NULL),
(77, '127.0.0.1', '刘霆轩', '$2y$08$KHHBIoj.Qb2ikk8BBj9NpOe1FtVsu/4zV25j66YOPipNvqm.6WSa6', NULL, '', NULL, NULL, NULL, NULL, 1474986777, 0, 1, '刘霆轩', NULL, NULL, NULL),
(78, '127.0.0.1', '熊毅', '$2y$08$E7QF9iPX0J3P7WYGKGRoauMIN62OlpQZj3wrJsaMdQlAfnZsjNciO', NULL, '', NULL, NULL, NULL, NULL, 1474986777, 0, 1, '熊毅', NULL, NULL, NULL),
(79, '127.0.0.1', '邱成', '$2y$08$qhSRE33gdutB5yCHytdpSONnS3tjQ7ka3q7YV/v6ZnDEWjirDWSjW', NULL, '', NULL, NULL, NULL, NULL, 1474986777, 0, 1, '邱成', NULL, NULL, NULL),
(80, '127.0.0.1', '张岳鹏', '$2y$08$9mlwykoRWTNJ2toRgKL0deGyCpXas1o9PLS3zenFofzMKt1zvJJUS', NULL, '', NULL, NULL, NULL, NULL, 1474986777, 0, 1, '张岳鹏', NULL, NULL, NULL),
(81, '127.0.0.1', '唐宇林', '$2y$08$Q6H8v88MzLfuWd6/KYJRaOOi/WbJZ2qSnq3n5C.ha0RGK.F/4Drn2', NULL, '', NULL, NULL, NULL, NULL, 1474986777, 0, 1, '唐宇林', NULL, NULL, NULL),
(82, '127.0.0.1', '周昱臻', '$2y$08$sKV/1qtWDnJgiZi9dtskM.NXi6ZPrnwxXTR3amf9V2BuoE0p8hnvy', NULL, '', NULL, NULL, NULL, NULL, 1474986777, 0, 1, '周昱臻', NULL, NULL, NULL),
(83, '127.0.0.1', '廖佳乐', '$2y$08$eHRC15MmjvrVoQyCBdwSoOdEtKdIJf6VeW7ypDDUqI2UuF0ocb.gK', NULL, '', NULL, NULL, NULL, NULL, 1474986777, 0, 1, '廖佳乐', NULL, NULL, NULL),
(84, '127.0.0.1', '龙昱州', '$2y$08$wGKt3N2jiHmuoGjSJlHHnOgFogwy0o0nuGdDy6DoFUcSPVsYGRtdq', NULL, '', NULL, NULL, NULL, NULL, 1474986777, 0, 1, '龙昱州', NULL, NULL, NULL),
(85, '127.0.0.1', '李瑞麟', '$2y$08$xkIsJ0IRduBhs4NeKO8cn.Di3LiaEh9mFt1RSFNiLNNBL52n04he2', NULL, '', NULL, NULL, NULL, NULL, 1474986778, 0, 1, '李瑞麟', NULL, NULL, NULL),
(86, '127.0.0.1', '刘煜', '$2y$08$IsgcRhppkR/X8cded/Hmd.vRGYvgZOCCi3SjFfslhsaqABAeDvGxu', NULL, '', NULL, NULL, NULL, NULL, 1474986778, 0, 1, '刘煜', NULL, NULL, NULL),
(87, '127.0.0.1', '李动', '$2y$08$TsLQd9iZ5Ii1Uk57MKkZU.2St9TIUp8tLQteGhwEvkiY5gP2WiTEK', NULL, '', NULL, NULL, NULL, NULL, 1474986778, 0, 1, '李动', NULL, NULL, NULL),
(88, '127.0.0.1', '黄煜钦', '$2y$08$CUWvWphGVGQGFQaBwSVELeO0pKGMydhxy7VntAIUVe/18pkn9X/V.', NULL, '', NULL, NULL, NULL, NULL, 1474986778, 0, 1, '黄煜钦', NULL, NULL, NULL),
(89, '127.0.0.1', '龚磊', '$2y$08$srOUuFFISnd7FQqbmhFTYu6ewiUXdMEPILQ2PmBwPUpMz65JhxB8G', NULL, '', NULL, NULL, NULL, NULL, 1474986778, 0, 1, '龚磊', NULL, NULL, NULL),
(90, '127.0.0.1', '易嘉骏', '$2y$08$wvCdt7I7fL/H1.bJsjHT3ek9T4EyVguvywy5XUpr7ZRnlhl.Tt99W', NULL, '', NULL, NULL, NULL, NULL, 1474986778, 0, 1, '易嘉骏', NULL, NULL, NULL),
(91, '127.0.0.1', '鲁峻', '$2y$08$JQxP5eXovjDUedV8iKzXVO5qgSKb7K6IwJgj/Ku5PzKyXi3xfXsKi', NULL, '', NULL, NULL, NULL, NULL, 1474986778, 0, 1, '鲁峻', NULL, NULL, NULL),
(92, '127.0.0.1', '王卓宇', '$2y$08$NWnTx9c2zRh5ile1QUxfveP3aivDRokjtvTJgp2uszzhzqOLHOBJK', NULL, '', NULL, NULL, NULL, NULL, 1474986778, 0, 1, '王卓宇', NULL, NULL, NULL),
(93, '127.0.0.1', '谢亮', '$2y$08$aTGDaisWfZp7x59EM0WKru8S4DZkDiVnNZImCQUKKzbZPsd.81m8i', NULL, '', NULL, NULL, NULL, NULL, 1474986778, 0, 1, '谢亮', NULL, NULL, NULL),
(94, '127.0.0.1', '沈洪锋', '$2y$08$qvrwuvXUWGe0GmipTnftOu00k/0GOHDt0wKTs2E7UK9O4AFdAVnV6', NULL, '', NULL, NULL, NULL, NULL, 1474986778, 0, 1, '沈洪锋', NULL, NULL, NULL),
(95, '127.0.0.1', '何翔', '$2y$08$CiFKJTkx4KWMwWYMHSzBzO6nkXEKU7.UPjPgRbP8rPESA9T7NzmqO', NULL, '', NULL, NULL, NULL, NULL, 1474986778, 0, 1, '何翔', NULL, NULL, NULL),
(96, '127.0.0.1', '宋诗雨', '$2y$08$cMBNZBNcj3BGAucBaZ5qtuJHg1xE2Iy0yFD7v3ELWnDchIWQTmExW', NULL, '', NULL, NULL, NULL, NULL, 1474986778, 0, 1, '宋诗雨', NULL, NULL, NULL),
(97, '127.0.0.1', '刘诗雅', '$2y$08$G4AMD0UTf5oMEQQuQ0sq6.OL2vrp4b0F/GJo95AORKNdh3SzbdxYi', NULL, '', NULL, NULL, NULL, NULL, 1474986778, 0, 1, '刘诗雅', NULL, NULL, NULL),
(98, '127.0.0.1', '蒋雯慧', '$2y$08$aQfwlk4o1FtIzBT3/cQy5ubmyT6iORp4gfVkcd/sA97DYZVCHw95S', NULL, '', NULL, NULL, NULL, NULL, 1474986778, 0, 1, '蒋雯慧', NULL, NULL, NULL),
(99, '127.0.0.1', '罗丹利', '$2y$08$xR5EyW05UB5yttgi1MmQ.OsgZHVPhCR7B9F.LQU0JxsMF1Qq7l6Xe', NULL, '', NULL, NULL, NULL, NULL, 1474986778, 0, 1, '罗丹利', NULL, NULL, NULL),
(100, '127.0.0.1', '龙柏蓉', '$2y$08$0WViwy9lhc0.ZjJrWAIBhOFPq3VdPEregpVc0lw4wy5bHUgtA6nDC', NULL, '', NULL, NULL, NULL, NULL, 1474986778, 0, 1, '龙柏蓉', NULL, NULL, NULL),
(101, '127.0.0.1', '李紫菱', '$2y$08$REwjXRzUXOCfgeV.YxBeHumEwGBBLcIvhcwfqtLws8cxyl7o7w9.q', NULL, '', NULL, NULL, NULL, NULL, 1474986778, 0, 1, '李紫菱', NULL, NULL, NULL),
(102, '127.0.0.1', '喻文锦', '$2y$08$sK7n3oYIcNo88X8fi5lQ1OX3ogznxbZhzQZHQcRXD2a4YmWUC6xMm', NULL, '', NULL, NULL, NULL, NULL, 1474986778, 0, 1, '喻文锦', NULL, NULL, NULL),
(103, '127.0.0.1', '何峥嵘', '$2y$08$QoFjPbFuflV9ejBffH78vuZ6nGjeiPupt8uu3pebvyQv9.v1ooXtq', NULL, '', NULL, NULL, NULL, NULL, 1474986778, 0, 1, '何峥嵘', NULL, NULL, NULL),
(104, '127.0.0.1', '龚文静', '$2y$08$TVqhWtvKbp5XaQgnWKHkmOQBDFtEFWoq9n7eGE70AHtMrMcqt.tS.', NULL, '', NULL, NULL, NULL, NULL, 1474986778, 0, 1, '龚文静', NULL, NULL, NULL),
(105, '127.0.0.1', '徐湘红', '$2y$08$NBt4fsLxktVMrP9LV8XR/OF9JLB0yLJjixC9QDc3kfi/RXr2AJpZy', NULL, '', NULL, NULL, NULL, NULL, 1474986778, 0, 1, '徐湘红', NULL, NULL, NULL),
(106, '127.0.0.1', '史雅靓', '$2y$08$cGGh2t3qZTAo9AxfbQObs.DKZaGwbejAJJeABm0pbIA3jsen2AW4i', NULL, '', NULL, NULL, NULL, NULL, 1474986778, 0, 1, '史雅靓', NULL, NULL, NULL),
(107, '127.0.0.1', '罗锦裳', '$2y$08$aPt2nuN3.Z//63Vcdz43F.eo5aevZaWuCc5PGjkRWfC6CULrm8pKy', NULL, '', NULL, NULL, NULL, NULL, 1474986778, 0, 1, '罗锦裳', NULL, NULL, NULL),
(108, '127.0.0.1', '武冠廷', '$2y$08$MK2hD4RqeO4iJR/wRwIlsecnl6TDEafj6tGLnKdzzVtBlfcZKSmiW', NULL, '', NULL, NULL, NULL, NULL, 1474986778, 0, 1, '武冠廷', NULL, NULL, NULL),
(109, '127.0.0.1', '杜雨卉', '$2y$08$A07NRQqVZ.vAKWFkDxH4J.lW/DE9d8o7nngJ/9H58Z5UEol4wtzeS', NULL, '', NULL, NULL, NULL, NULL, 1474986778, 0, 1, '杜雨卉', NULL, NULL, NULL),
(110, '127.0.0.1', '彭琪文', '$2y$08$wZ33m4Hz7uTGNrA6hg/6PuaxgI2lfx6RQj2cy89clIt17jWlLn6jG', NULL, '', NULL, NULL, NULL, NULL, 1474986778, 0, 1, '彭琪文', NULL, NULL, NULL),
(111, '127.0.0.1', '伍晶淼', '$2y$08$3DyBIqnHamJcYzJMceG8HexAgeRN.TXLH7nCFRAPIvgK.psjW./RG', NULL, '', NULL, NULL, NULL, NULL, 1474986779, 0, 1, '伍晶淼', NULL, NULL, NULL),
(112, '127.0.0.1', '甘启航', '$2y$08$193RnmkjT7agVQaA5elbfO4B6cUJThAoOOe77YDEEQ4Ogid3SCGzq', NULL, '', NULL, NULL, NULL, NULL, 1474986779, 0, 1, '甘启航', NULL, NULL, NULL),
(113, '127.0.0.1', '曾佳慧', '$2y$08$Khu2kf392oCAwiEAdg2XeOQEGmEuSXzkw2wdlsscjOu8DlEiLB2A6', NULL, '', NULL, NULL, NULL, NULL, 1474986779, 0, 1, '曾佳慧', NULL, NULL, NULL),
(114, '127.0.0.1', '杨珠林', '$2y$08$qU2WF3RF0gr5j9n0xwssXOAEBP40oc8EDQ1hwgSjlVA85globLoFq', NULL, '', NULL, NULL, NULL, NULL, 1474986779, 0, 1, '杨珠林', NULL, NULL, NULL),
(115, '127.0.0.1', '文静', '$2y$08$ykQJouB6MsWfXJoGI5dMpOPTX7cqgSga62jNjQT773VjieLvPMrmq', NULL, '', NULL, NULL, NULL, NULL, 1474986779, 0, 1, '文静', NULL, NULL, NULL),
(116, '127.0.0.1', '刘晓杰', '$2y$08$SKcfmScnDQ4PtqqFuXsleeeRNIj0O/nf0Z2B.nTY2ntKGnewxsFru', NULL, '', NULL, NULL, NULL, NULL, 1474986779, 0, 1, '刘晓杰', NULL, NULL, NULL),
(117, '127.0.0.1', '丁科瑜', '$2y$08$QkBhN0tDyFtNEaHi4kJLBeATPWZqRevjkCFwoWSxosLtyk663x1Yi', NULL, '', NULL, NULL, NULL, NULL, 1474986779, 0, 1, '丁科瑜', NULL, NULL, NULL),
(118, '127.0.0.1', '崔宇帆', '$2y$08$k8/JQbLWW3E1VA1EZSeFf.edM1DQalrB9EMYhwMmvPEN/rKOE3Jce', NULL, '', NULL, NULL, NULL, NULL, 1474986779, 0, 1, '崔宇帆', NULL, NULL, NULL),
(119, '127.0.0.1', '柳佳蕊', '$2y$08$XWxoX2G.thL57xhlDeak7ODUfHf2TTGBJ1t01RTUQOnREXrNR683m', NULL, '', NULL, NULL, NULL, NULL, 1474986779, 0, 1, '柳佳蕊', NULL, NULL, NULL),
(120, '127.0.0.1', '卿子余', '$2y$08$LZSQFDk5hmnd0VP5FuNKL.7lYT6nSX4/36FWAS98xll74Qa01nOjW', NULL, '', NULL, NULL, NULL, NULL, 1474986779, 0, 1, '卿子余', NULL, NULL, NULL),
(121, '127.0.0.1', '万彦吟', '$2y$08$SffIYfizeGh5NV1xEwyXZOWoi2aqdB8NdVtFngLXeIkiBSKWj1seu', NULL, '', NULL, NULL, NULL, NULL, 1474986779, 0, 1, '万彦吟', NULL, NULL, NULL),
(122, '127.0.0.1', '刘朋轩', '$2y$08$lt02Yz4AvMtau22Rlffe8.LsqYeTFRTY0WPh6fALOKIZn1tzAu0g6', NULL, '', NULL, NULL, NULL, NULL, 1474986779, 0, 1, '刘朋轩', NULL, NULL, NULL),
(123, '127.0.0.1', '雷炜卿', '$2y$08$fnGK3Cc6nj0D7b7nlEzI1uVAezpCOKMu5Dxv6VzNbZ7tE4GEAnpsm', NULL, '', NULL, NULL, NULL, NULL, 1474986779, 0, 1, '雷炜卿', NULL, NULL, NULL),
(124, '127.0.0.1', '刘旺翔', '$2y$08$A4ywj/D7c1q9zQqFffH/ze/BBZZ4cWQUy93kribrc.ZX1TroC1Ziu', NULL, '', NULL, NULL, NULL, NULL, 1474986779, 0, 1, '刘旺翔', NULL, NULL, NULL),
(125, '127.0.0.1', '黄子俊', '$2y$08$IQoQKmX6G9EELkv.AyTNMuMzuQ3ivFv9pDKe0gW0P9YsJXDKY6xHi', NULL, '', NULL, NULL, NULL, NULL, 1474986779, 0, 1, '黄子俊', NULL, NULL, NULL),
(126, '127.0.0.1', '李一可', '$2y$08$vo/QSG5fcOAB6lktcuU4A.ouOTR.hv8EHMIvMhpG4r8/2Qw9tMj8S', NULL, '', NULL, NULL, NULL, NULL, 1474986779, 0, 1, '李一可', NULL, NULL, NULL),
(127, '127.0.0.1', '戴子轩', '$2y$08$DlNhp4Hdpaf/nWVgDU0DReMfeR6d1Z4q9u3SzuMcKRMlKcMcZFVcS', NULL, '', NULL, NULL, NULL, NULL, 1474986779, 0, 1, '戴子轩', NULL, NULL, NULL),
(128, '127.0.0.1', '曹家瑞', '$2y$08$aKYIOHPl/00qlH6OOSeY3.Dt2/IAisbNQQhqxlLpTA0mvhgMXU9Qe', NULL, '', NULL, NULL, NULL, NULL, 1474986779, 0, 1, '曹家瑞', NULL, NULL, NULL),
(129, '127.0.0.1', '周津羽', '$2y$08$CIM3q7STUJx0hd57kCcLWOZXjBAeR1nizIosBvCiUBis5C2dauanu', NULL, '', NULL, NULL, NULL, NULL, 1474986779, 0, 1, '周津羽', NULL, NULL, NULL),
(130, '127.0.0.1', '周彦熹', '$2y$08$Ane2Hy7mEAdMc5eFb7wteeKNOTs.oKk/oWTx3rNpPiKpcPtJl8Iaq', NULL, '', NULL, NULL, NULL, NULL, 1474986779, 0, 1, '周彦熹', NULL, NULL, NULL),
(131, '127.0.0.1', '何佳祺', '$2y$08$Xpr4KRxZd/oLrQlziVrDqeK4Co76V.hJlOnPVz8PRoolRV.hrnV0i', NULL, '', NULL, NULL, NULL, NULL, 1474986779, 0, 1, '何佳祺', NULL, NULL, NULL),
(132, '127.0.0.1', '刘婧颖', '$2y$08$5OAGsLI4EHp1yAbCbJbbFeO3R..x2mzKPPaE.qu6.u9aBABBfkQoe', NULL, '', NULL, NULL, NULL, NULL, 1474986779, 0, 1, '刘婧颖', NULL, NULL, NULL),
(133, '127.0.0.1', '孙静茹', '$2y$08$ZoIfLZAaEfqt2O7tiA.s0OxvnKXuYU0Up8.XxLgpVeJJ1XleuEZgS', NULL, '', NULL, NULL, NULL, NULL, 1474986779, 0, 1, '孙静茹', NULL, NULL, NULL),
(134, '127.0.0.1', '舒章羽', '$2y$08$Ib3RHjg2nASlPiRzdbzWkusa5LJhyKDxVHcpDvkQFUYAJokbxwS.i', NULL, '', NULL, NULL, NULL, NULL, 1474986779, 0, 1, '舒章羽', NULL, NULL, NULL),
(135, '127.0.0.1', '陈诗琴', '$2y$08$YMgY2ZUAWGVglfgBokKOwO9SVIKlN/Yw8umCidsYJ370adNeiJBF.', NULL, '', NULL, NULL, NULL, NULL, 1474986779, 0, 1, '陈诗琴', NULL, NULL, NULL),
(136, '127.0.0.1', '颜子珞', '$2y$08$Cvgf0TAtTfZzqjbIcSlrnuxqoJqCpHYrapbTaE/SlOaU.6IJQ3wl2', NULL, '', NULL, NULL, NULL, NULL, 1474986779, 0, 1, '颜子珞', NULL, NULL, NULL),
(137, '127.0.0.1', '张耿昊', '$2y$08$GqoBuyYCbQ8F.UgnVoEri.mOKjlcgUq7zPf6bkcqtb1Hesoduct5O', NULL, '', NULL, NULL, NULL, NULL, 1474986779, 0, 1, '张耿昊', NULL, NULL, NULL),
(138, '127.0.0.1', '吴荻', '$2y$08$HFMOqrwp1hGBA.n0v2hF8.q6Lk0qOpKvKTinAW0I8twiSp/lXzJga', NULL, '', NULL, NULL, NULL, NULL, 1474986779, 0, 1, '吴荻', NULL, NULL, NULL),
(139, '127.0.0.1', '傅延庆', '$2y$08$QeonPiWL8c2w5T75vWCrjOMSvmsFZCtbVezB2pUwsmCXT9mjqs/BK', NULL, '', NULL, NULL, NULL, NULL, 1474986780, 0, 1, '傅延庆', NULL, NULL, NULL),
(140, '127.0.0.1', '喻可卿', '$2y$08$EVULyevJQHeitn5v9UsZI.AI4zVHxTRzXVizh2nWKavnHjEhvDFV6', NULL, '', NULL, NULL, NULL, NULL, 1474986780, 0, 1, '喻可卿', NULL, NULL, NULL),
(141, '127.0.0.1', '赵一唯', '$2y$08$Kv876T/qujshc/9ohT60h.leBiLIgrfCWUXue6h.VXVz.yh6GAC.6', NULL, '', NULL, NULL, NULL, NULL, 1474986780, 0, 1, '赵一唯', NULL, NULL, NULL),
(142, '127.0.0.1', '王可心', '$2y$08$pH7DyoW4/6gNX7eYsh6QMuciO6BJzSpla6aeXGB8VSpKt4inukCwe', NULL, '', NULL, NULL, NULL, NULL, 1474986780, 0, 1, '王可心', NULL, NULL, NULL),
(143, '127.0.0.1', '杨晨希', '$2y$08$nbc4Mlgkzk5Jwtx6I/1iHeFLFdw3HMbA4.y/m7/M9cztuPFD8z1Va', NULL, '', NULL, NULL, NULL, NULL, 1474986780, 0, 1, '杨晨希', NULL, NULL, NULL),
(144, '127.0.0.1', '王耀炜', '$2y$08$60I6uh6H5ryE.FNV67N1lexDjC4hQb2HnVrtgoKvTUn5EZSMNBa5i', NULL, '', NULL, NULL, NULL, NULL, 1474986780, 0, 1, '王耀炜', NULL, NULL, NULL),
(145, '127.0.0.1', '万彦岑', '$2y$08$bovTr3EJ4VZG6c7D5RZnk.gPQjpTrNK636kYDclEMtKUlvVQ2Hed.', NULL, '', NULL, NULL, NULL, NULL, 1474986780, 0, 1, '万彦岑', NULL, NULL, NULL),
(146, '127.0.0.1', '周怡帆', '$2y$08$fhQCJG5AxPG0L5IbCv6m3Ook3QHzvCjflciBhJT444KlCES5yjY.S', NULL, '', NULL, NULL, NULL, NULL, 1474986780, 0, 1, '周怡帆', NULL, NULL, NULL),
(147, '127.0.0.1', '杨宇航', '$2y$08$B9KkfjOgAAoROptIH1tAL.uQdadwjdA3rU7PnAvU.59tgH5yAeJE6', NULL, '', NULL, NULL, NULL, NULL, 1474986780, 0, 1, '杨宇航', NULL, NULL, NULL),
(148, '127.0.0.1', '毛丽', '$2y$08$KkCeWAQ3UmdrdE2W2IlvfeVj2g6OIGU/eoW9L5lprwCkrdn3oYn7q', NULL, '', NULL, NULL, NULL, NULL, 1474986780, 0, 1, '毛丽', NULL, NULL, NULL),
(149, '127.0.0.1', '王虹骄', '$2y$08$0If5VBb.0pIQeDoM0EOS.ejUGunp4x9Gy6LKRl2MSHFhUqvywd1bi', NULL, '', NULL, NULL, NULL, NULL, 1474986780, 0, 1, '王虹骄', NULL, NULL, NULL),
(150, '127.0.0.1', '肖明', '$2y$08$xDRKFv9YtSKG.y04W2VF5O2Iwo22iJav0xs9NYuA1fSNJ3sBQnCZW', NULL, '', NULL, NULL, NULL, NULL, 1474986780, 0, 1, '肖明', NULL, NULL, NULL),
(151, '127.0.0.1', '廖奕焜', '$2y$08$4fefwn1pX3mxh8Hc63K.buy365Lk9BAAdKi003Kxgv5v4toQKr/7e', NULL, '', NULL, NULL, NULL, NULL, 1474986780, 0, 1, '廖奕焜', NULL, NULL, NULL),
(152, '127.0.0.1', '张轩齐', '$2y$08$VkDvCr2UZay/oLQnvuPueOeDlyAU3jO/sdpQVKANl6P6vW4VH0Cvu', NULL, '', NULL, NULL, NULL, NULL, 1474986780, 0, 1, '张轩齐', NULL, NULL, NULL),
(153, '127.0.0.1', '汤延支', '$2y$08$1I.9qFM1mMlquFm0L8abUOgVDWF15e0JO5uOFLZDwXCtOgAzjkw5a', NULL, '', NULL, NULL, NULL, NULL, 1474986780, 0, 1, '汤延支', NULL, NULL, NULL),
(154, '127.0.0.1', '曹杨', '$2y$08$qkJspoTXE1YW4FnN.vLwCOA9e28M9CpmJYiTfkTrqjU5j5dsHh1tG', NULL, '', NULL, NULL, NULL, NULL, 1474986780, 0, 1, '曹杨', NULL, NULL, NULL),
(155, '127.0.0.1', '吴嘉乐', '$2y$08$ieJx5pT3Y82IK8Vdi9aLa.uBnEuG6tVyRlqmd6I5P9ftB/PlaQxpq', NULL, '', NULL, NULL, NULL, NULL, 1474986780, 0, 1, '吴嘉乐', NULL, NULL, NULL),
(156, '127.0.0.1', '陈依婷', '$2y$08$tbA4hHKmhdbmECeqOu.mlO8iVNjUqMxcoy9ObhbltcbNVMxC/EZbG', NULL, '', NULL, NULL, NULL, NULL, 1474986780, 0, 1, '陈依婷', NULL, NULL, NULL),
(157, '127.0.0.1', '冯思远', '$2y$08$p0TzHpal5iLBJpmq5oX5leYbbeVnkIkfszbT9E.aHu0th2KWEGZhG', NULL, '', NULL, NULL, NULL, NULL, 1474986780, 0, 1, '冯思远', NULL, NULL, NULL),
(158, '127.0.0.1', '刘星宇', '$2y$08$FByUcYAiTUZZEakmAKeLsOuYOTsTCcC4u0mUHyEGvC08zAX5q3l0q', NULL, '', NULL, NULL, NULL, NULL, 1474986780, 0, 1, '刘星宇', NULL, NULL, NULL),
(159, '127.0.0.1', '安娅馨', '$2y$08$aUmEHdiZ/U7OU/wv4aUjaenwRav71ZBneE6u9bxwbZJKNufO/0Eyq', NULL, '', NULL, NULL, NULL, NULL, 1474986780, 0, 1, '安娅馨', NULL, NULL, NULL),
(160, '127.0.0.1', '曹轩', '$2y$08$BI4x4nUj5MYibB2pJ9wAhOLJcb4XKLd25Bmp2NJ5HHwjiEikumSly', NULL, '', NULL, NULL, NULL, NULL, 1474986780, 0, 1, '曹轩', NULL, NULL, NULL),
(161, '127.0.0.1', '常栩铭', '$2y$08$Zex648NKhRGSGndJMEBGCOepreGjx2Vdo0Sc8zIAbmoWWMzlFl6.K', NULL, '', NULL, NULL, NULL, NULL, 1474986780, 0, 1, '常栩铭', NULL, NULL, NULL),
(162, '127.0.0.1', '陈泽轩', '$2y$08$X27Hy9lKSHW6Jf796emw8uYUFV/8dKFgIoEzSPbm.jHJRW1x6.hFy', NULL, '', NULL, NULL, NULL, NULL, 1474986780, 0, 1, '陈泽轩', NULL, NULL, NULL),
(163, '127.0.0.1', '郭瑾怡', '$2y$08$2yETmqKJMPIr5jPM8IXAcOfrfwbS43ozdZmQXR1W98VxHPxz6BgGm', NULL, '', NULL, NULL, NULL, NULL, 1474986780, 0, 1, '郭瑾怡', NULL, NULL, NULL),
(164, '127.0.0.1', '贺旭铭', '$2y$08$yMMr/Ia4QhlzMkHSft0t8e/XjXrLZHl9lpY.FUJRvYRl6KnuhCSG6', NULL, '', NULL, NULL, NULL, NULL, 1474986780, 0, 1, '贺旭铭', NULL, NULL, NULL),
(165, '127.0.0.1', '胡翼龙', '$2y$08$.QLXpHKxCASdRt2.BE3ADOBHO7jGXjzJgUQaP5Yen.iCYNRtfzAlu', NULL, '', NULL, NULL, NULL, NULL, 1474986781, 0, 1, '胡翼龙', NULL, NULL, NULL),
(166, '127.0.0.1', '黄静怡', '$2y$08$4rkcwCW7BHqWT.PfuQspX.M1qEkGlPxQWUbS4coZMydZpqkUk6loO', NULL, '', NULL, NULL, NULL, NULL, 1474986781, 0, 1, '黄静怡', NULL, NULL, NULL),
(167, '127.0.0.1', '蓝洪宇', '$2y$08$saGfs26a08f9tzluZRmM8eJweN5/25ydh3F6fSLCtAC9iPUJoCegO', NULL, '', NULL, NULL, NULL, NULL, 1474986781, 0, 1, '蓝洪宇', NULL, NULL, NULL),
(168, '127.0.0.1', '李杏', '$2y$08$OYJsW8W5SFoW8H8dv4JgDexeoHfJLvHVJeL4uZ4GEFbtP73shwGE6', NULL, '', NULL, NULL, NULL, NULL, 1474986781, 0, 1, '李杏', NULL, NULL, NULL),
(169, '127.0.0.1', '李周睿佳', '$2y$08$fH3SWL.agsrM0h9fiODZ1ekENB1V9Vur6CUNFjfIxKCwldThu5ox6', NULL, '', NULL, NULL, NULL, NULL, 1474986781, 0, 1, '李周睿佳', NULL, NULL, NULL),
(170, '127.0.0.1', '凌馨', '$2y$08$oLPCoMp9/HR0NQbTWO9mxudmP41ap.3bD2L4FJupPfw6NPJfi7/he', NULL, '', NULL, NULL, NULL, NULL, 1474986781, 0, 1, '凌馨', NULL, NULL, NULL),
(171, '127.0.0.1', '刘锎文', '$2y$08$chxyto7HHwbuc/aTzCJ5fOIya0NZU1PoV8Dsq2GzQJWF4sDtOAtQe', NULL, '', NULL, NULL, NULL, NULL, 1474986781, 0, 1, '刘锎文', NULL, NULL, NULL),
(172, '127.0.0.1', '刘磊', '$2y$08$9vBO56my3Tq4H8EjZ3AKJOKduURdqD.xAUADdX3nD1cWcEglEI2Pi', NULL, '', NULL, NULL, NULL, NULL, 1474986781, 0, 1, '刘磊', NULL, NULL, NULL),
(173, '127.0.0.1', '刘一豪', '$2y$08$UwDqYSVqO6iEOJQ/vYGk0eTSXuJ4.feT61hSFdHmdEIQ0BIuMuUce', NULL, '', NULL, NULL, NULL, NULL, 1474986781, 0, 1, '刘一豪', NULL, NULL, NULL),
(174, '127.0.0.1', '罗瑞祯', '$2y$08$1RmcuSZsOMGz1Wjl3dRyB.1XcxwrNoyePn7k2wW9/nHqsWwnuody2', NULL, '', NULL, NULL, NULL, NULL, 1474986781, 0, 1, '罗瑞祯', NULL, NULL, NULL),
(175, '127.0.0.1', '罗芷懿', '$2y$08$xAIBquKn3b64g9IoprYZguzuHIAsVJT3ct9yiJYwWOW.kg7p7KofW', NULL, '', NULL, NULL, NULL, NULL, 1474986781, 0, 1, '罗芷懿', NULL, NULL, NULL),
(176, '127.0.0.1', '罗子松', '$2y$08$iRylyoodgE5HZi/46qrCsukn1AWFPsRIhuBHzknE8BePNrNbL7dhu', NULL, '', NULL, NULL, NULL, NULL, 1474986781, 0, 1, '罗子松', NULL, NULL, NULL),
(177, '127.0.0.1', '欧阳泰松', '$2y$08$EhY7h0FlDEAwEWLmlJYLbObY5ggtUmwFSBYLzn2ptK/AT3/.HYvSS', NULL, '', NULL, NULL, NULL, NULL, 1474986781, 0, 1, '欧阳泰松', NULL, NULL, NULL),
(178, '127.0.0.1', '彭浩原', '$2y$08$DHhmR.8Or7OV.1GL6grokOuZ..6MCk/SgQ1Ea4GX5ttLclyiKAXLa', NULL, '', NULL, NULL, NULL, NULL, 1474986781, 0, 1, '彭浩原', NULL, NULL, NULL),
(179, '127.0.0.1', '沈沛峥', '$2y$08$FxZJaBrGhfGlMJIPBc2lGuHpOV0Zwd9p9cmCeeEApS8.QXuZuhOQu', NULL, '', NULL, NULL, NULL, NULL, 1474986781, 0, 1, '沈沛峥', NULL, NULL, NULL),
(180, '127.0.0.1', '谭格孜', '$2y$08$WlJRiRfqXq8hboyTHx3IpuAI9/rvfG3bWhqxJOTp8WHmLgYtxQf0G', NULL, '', NULL, NULL, NULL, NULL, 1474986781, 0, 1, '谭格孜', NULL, NULL, NULL),
(181, '127.0.0.1', '王赫立', '$2y$08$6rKa4/jUzDso2z979/mWFu7HcDKbUN69P3IrB4OhGNBSLKmnm.uD2', NULL, '', NULL, NULL, NULL, NULL, 1474986781, 0, 1, '王赫立', NULL, NULL, NULL),
(182, '127.0.0.1', '吴柏勋', '$2y$08$gKDhZMFR.5hVE2KiQtPUrOrwyCaJ88gNdNUjnhpQwftpNpEpWy35K', NULL, '', NULL, NULL, NULL, NULL, 1474986781, 0, 1, '吴柏勋', NULL, NULL, NULL),
(183, '127.0.0.1', '吴卓涛', '$2y$08$jy84iQm0X06ZtfHijQhm9.b0icET2.NFXGTVfD7.ZVjm8wD1Awbt2', NULL, '', NULL, NULL, NULL, NULL, 1474986781, 0, 1, '吴卓涛', NULL, NULL, NULL),
(184, '127.0.0.1', '严绍文', '$2y$08$VWwHqqXqy5nrpeTwBmZg5.cOMKoITYDoiNaa.cSAv7PSXdoeGfwt.', NULL, '', NULL, NULL, NULL, NULL, 1474986781, 0, 1, '严绍文', NULL, NULL, NULL),
(185, '127.0.0.1', '杨舒婷', '$2y$08$qOHud2fTqhE6yzhGn/ImB.iu6DZQ7FwE6B.eA5mQUDbUtv9rwKxR6', NULL, '', NULL, NULL, NULL, NULL, 1474986781, 0, 1, '杨舒婷', NULL, NULL, NULL),
(186, '127.0.0.1', '袁欣语', '$2y$08$4BFgx2o27pQRVXgCe/zlnOof10Vj4c6xbvxCmceJGFru6.0S0NutW', NULL, '', NULL, NULL, NULL, NULL, 1474986781, 0, 1, '袁欣语', NULL, NULL, NULL),
(187, '127.0.0.1', '郑睿琪', '$2y$08$wS.myOXD7sTrV4HzwVqeP.fYY/UiDeqUhIdPaKuwuUYcHrYKKj/0O', NULL, '', NULL, NULL, NULL, NULL, 1474986781, 0, 1, '郑睿琪', NULL, NULL, NULL),
(188, '127.0.0.1', '郑越', '$2y$08$v2JvfxtG7Pu5IhtMITDnrumXIwhwzxm4bptdYgl0HNCAdrr6VXwai', NULL, '', NULL, NULL, NULL, NULL, 1474986781, 0, 1, '郑越', NULL, NULL, NULL),
(189, '127.0.0.1', '朱逸兴', '$2y$08$wnAm.SA/gMKUZgZhmvF/Z.DGRl7ahb0YJm9lgKnOLT94xktWmxfBm', NULL, '', NULL, NULL, NULL, NULL, 1474986781, 0, 1, '朱逸兴', NULL, NULL, NULL),
(190, '127.0.0.1', '雷斯晴', '$2y$08$6TcL4AyxMcFcTEgr28ktp..yfeAxXXBovZfQJIc3UB7lLaOL8slOW', NULL, '', NULL, NULL, NULL, NULL, 1474986781, 0, 1, '雷斯晴', NULL, NULL, NULL),
(191, '127.0.0.1', '曾梓桉', '$2y$08$K.bz/2gTfoGSzwPwnOsMM.L/GS5POq/A6ZRgIvJcCjiy/JeegQyH2', NULL, '', NULL, NULL, NULL, NULL, 1474986781, 0, 1, '曾梓桉', NULL, NULL, NULL),
(192, '127.0.0.1', '黄喆人', '$2y$08$.fJHk3Pab3CG1lNhn1lwA.xuhA4mk1qUIaMgWpjeNCvgXKyJn0.Yy', NULL, '', NULL, NULL, NULL, NULL, 1474986781, 0, 1, '黄喆人', NULL, NULL, NULL),
(193, '127.0.0.1', '李洋', '$2y$08$8LdpvNZKr7pMgMpwwAII..NuODcVKmlIyFrJoHsnnFaMq8ADsWYfa', NULL, '', NULL, NULL, NULL, NULL, 1474986782, 0, 1, '李洋', NULL, NULL, NULL),
(194, '127.0.0.1', '胡睿韬', '$2y$08$w8KzSsWev5WVX3sKForfLuH4.QKdMOU097AEgVO4V.fhuLgkKxcSe', NULL, '', NULL, NULL, NULL, NULL, 1474986782, 0, 1, '胡睿韬', NULL, NULL, NULL),
(195, '127.0.0.1', '刘源培', '$2y$08$t8vCEzdgyqriGR/1Xn00rOa6589.sih/CTEnAXaJtZY5umN5/wMyO', NULL, '', NULL, NULL, NULL, NULL, 1474986782, 0, 1, '刘源培', NULL, NULL, NULL),
(196, '127.0.0.1', '蒋嘉天', '$2y$08$VGCByglUSIt7jW.39Fxea.Js5RFmwfARjjwroBXgy2cZZGkIWceqq', NULL, '', NULL, NULL, NULL, NULL, 1474986782, 0, 1, '蒋嘉天', NULL, NULL, NULL),
(197, '127.0.0.1', '邓研宇', '$2y$08$XeJG6Lo5LthncHydFj/ofuZH0MTNfPNZcO86N5KkDoBPw/PtjPK7.', NULL, '', NULL, NULL, NULL, NULL, 1474986782, 0, 1, '邓研宇', NULL, NULL, NULL),
(198, '127.0.0.1', '龙浩', '$2y$08$2zIOz.gq4LfJjQQWOjzqD.Gdw09hmi51OH4ZLtNVWYlg8jhv2YAHa', NULL, '', NULL, NULL, NULL, NULL, 1474986782, 0, 1, '龙浩', NULL, NULL, NULL),
(199, '127.0.0.1', '刘梦祺', '$2y$08$LpxEGDLlV2FZtkejlIs1AOmoBWu8SmXX9fe9EvheF4ePQWHq5cOf6', NULL, '', NULL, NULL, NULL, NULL, 1474986782, 0, 1, '刘梦祺', NULL, NULL, NULL),
(200, '127.0.0.1', '向泳冰', '$2y$08$mVwzMEvtDRiDXnI7YxSbHuT/xszhN//Lf/nWzWg2LLht3r4VO/S9W', NULL, '', NULL, NULL, NULL, NULL, 1474986782, 0, 1, '向泳冰', NULL, NULL, NULL),
(201, '127.0.0.1', '方修齐', '$2y$08$u8SFZfrx6dyTcMZxGbVEpeGhyGNs.S6z5cvxqlGkm3P3i3oVq/vTa', NULL, '', NULL, NULL, NULL, NULL, 1474986782, 0, 1, '方修齐', NULL, NULL, NULL),
(202, '127.0.0.1', '万俊迪', '$2y$08$w79beciaz.QYI39uUaavkOQiILbv68KwIhBrCnP2jO/AfZV.j6VqS', NULL, '', NULL, NULL, NULL, NULL, 1474986782, 0, 1, '万俊迪', NULL, NULL, NULL),
(203, '127.0.0.1', '曹钧宜', '$2y$08$V92i8yZvv4MXZT1d.4yEd.LseyaiVwBxpoG9vvPZ/8ejM9zH0o8iy', NULL, '', NULL, NULL, NULL, NULL, 1474986782, 0, 1, '曹钧宜', NULL, NULL, NULL),
(204, '127.0.0.1', '雷泽贤', '$2y$08$fCccAip/T8XcXORW/M7gAOlibnbhMGLAjzkPHKWbI2CO.aRyX790m', NULL, '', NULL, NULL, NULL, NULL, 1474986782, 0, 1, '雷泽贤', NULL, NULL, NULL),
(205, '127.0.0.1', '向泽轩', '$2y$08$16IK/8RqGZ93nv79KmUjbuqS1OytGhQ7PNmF6smd5gYr0dKm8nPQO', NULL, '', NULL, NULL, NULL, NULL, 1474986782, 0, 1, '向泽轩', NULL, NULL, NULL),
(206, '127.0.0.1', '熊沙沙', '$2y$08$jFoEZZZlSoaaS8gIQSLm.espwUxh4O05gFKEZBDG.1vw8PV2cFMKG', NULL, '', NULL, NULL, NULL, NULL, 1474986782, 0, 1, '熊沙沙', NULL, NULL, NULL),
(207, '127.0.0.1', '李乐洋', '$2y$08$oMMQKn7uSX5UXIuD9btknu0HMsMIV/2EflG.gkblbG4K/vX4pd59S', NULL, '', NULL, NULL, NULL, NULL, 1474986782, 0, 1, '李乐洋', NULL, NULL, NULL),
(208, '127.0.0.1', '李宇杰', '$2y$08$378VeH5AK6OsQVuMr7nUTepIIGKVaHrltjVE397vSBpcRk5RvPWA6', NULL, '', NULL, NULL, NULL, NULL, 1474986782, 0, 1, '李宇杰', NULL, NULL, NULL),
(209, '127.0.0.1', '罗玥', '$2y$08$3/HhTg1orphx8ln97al5O.2WH5xfpP1.8Cv2Mc0OWACa4LMvlsMM.', NULL, '', NULL, NULL, NULL, NULL, 1474986782, 0, 1, '罗玥', NULL, NULL, NULL),
(210, '127.0.0.1', '郑沐涵', '$2y$08$HyGnd.1F8YVVRTZF66FAy.Xy.e7OvXKgek.RdKJPE4ttBT2dbx0cu', NULL, '', NULL, NULL, NULL, NULL, 1474986782, 0, 1, '郑沐涵', NULL, NULL, NULL),
(211, '127.0.0.1', '向芷漪', '$2y$08$VMRL12ftTjooHj4JrB6MsOdf/9d2KmpYRwgnqGopQZx7eJM/5N4Li', NULL, '', NULL, NULL, NULL, NULL, 1474986782, 0, 1, '向芷漪', NULL, NULL, NULL),
(212, '127.0.0.1', '陈玥玥', '$2y$08$Cnfw22/mgkvG6GRC4oLMZu.hKo236kW/6kZdcxUjl0gOb.YUJgntq', NULL, '', NULL, NULL, NULL, NULL, 1474986782, 0, 1, '陈玥玥', NULL, NULL, NULL),
(213, '127.0.0.1', '周楠浩', '$2y$08$LkHL3mbKkg0CGwdbh0X1VeexzxKBvVYK.2U4BoVXOhLKdSgDMxX6q', NULL, '', NULL, NULL, NULL, NULL, 1474986782, 0, 1, '周楠浩', NULL, NULL, NULL),
(214, '127.0.0.1', '聂俊兮', '$2y$08$202fdHaPhLTzWBo9fuONzetsB4XlBat0XieGWfUH39pvXrdKFRQPW', NULL, '', NULL, NULL, NULL, NULL, 1474986782, 0, 1, '聂俊兮', NULL, NULL, NULL),
(215, '127.0.0.1', '肖子易', '$2y$08$NdP5QAY5KveLuDKJ5l9eBO7z0Z5Mmi0dysN0VEb9vUAXUltCzYcF2', NULL, '', NULL, NULL, NULL, NULL, 1474986782, 0, 1, '肖子易', NULL, NULL, NULL),
(216, '127.0.0.1', '孙昊宇', '$2y$08$Prj192HVXI7VX895eETTEu1hrDGeazc6ZQQLNWEF7vSgxr1JFzTrq', NULL, '', NULL, NULL, NULL, NULL, 1474986782, 0, 1, '孙昊宇', NULL, NULL, NULL),
(217, '127.0.0.1', '毛子娴', '$2y$08$zTCAPPX9k.6duzp4YR3Lye7rqwW96YM7o0PJcKLtqgcgak4SdzyJq', NULL, '', NULL, NULL, NULL, NULL, 1474986782, 0, 1, '毛子娴', NULL, NULL, NULL),
(218, '127.0.0.1', '刘奕涵', '$2y$08$YD0Aru9xUopbG0D5F3EzBupTyvC/ai2fL14mxRszzEkwL0BXj.vXW', NULL, '', NULL, NULL, NULL, NULL, 1474986782, 0, 1, '刘奕涵', NULL, NULL, NULL),
(219, '127.0.0.1', '刘恺林', '$2y$08$LRLq/mzOcCytgpfB7HqstO9qdLcyqCMi71geGyZSspSM//k8tpTmS', NULL, '', NULL, NULL, NULL, NULL, 1474986783, 0, 1, '刘恺林', NULL, NULL, NULL),
(220, '127.0.0.1', '陈博', '$2y$08$8nTlBDyonuo88iDL8ULrGudGGNeYWeVFlhsszzsNwD4kZZhBSI7VG', NULL, '', NULL, NULL, NULL, NULL, 1474986783, 0, 1, '陈博', NULL, NULL, NULL),
(221, '127.0.0.1', '何静怡', '$2y$08$P6Qa9YFrXcA61kVPXi2gnukHJVDxR0jfUgun1jWJ/OwkeB3O6JLum', NULL, '', NULL, NULL, NULL, NULL, 1474986783, 0, 1, '何静怡', NULL, NULL, NULL),
(222, '127.0.0.1', '何锡浩', '$2y$08$gk4GW.ToSpM/8yZ.fmoBA.4/TErESzI15uTf5UfQn1v/tudbpm6SK', NULL, '', NULL, NULL, NULL, NULL, 1474986783, 0, 1, '何锡浩', NULL, NULL, NULL),
(223, '127.0.0.1', '庞李泓瑞', '$2y$08$wu6EbP0Kr1PTTpu4oRwwIOq1I5Z2U0Fm4oR8/wD7sZObedZWAgl6u', NULL, '', NULL, NULL, NULL, NULL, 1474986783, 0, 1, '庞李泓瑞', NULL, NULL, NULL),
(224, '127.0.0.1', '王浩轩', '$2y$08$xhDgtKtCAfISwNmStGREPeHPQ3R8ik4fSnJROIeuAgPNKqVNbAPi.', NULL, '', NULL, NULL, NULL, NULL, 1474986783, 0, 1, '王浩轩', NULL, NULL, NULL),
(225, '127.0.0.1', '刘帅君', '$2y$08$/TQ18Uxijmva93VkEWLiwODld8zi1DM9UUUgD.BL1w7K9S9JQ0ZBK', NULL, '', NULL, NULL, NULL, NULL, 1474986783, 0, 1, '刘帅君', NULL, NULL, NULL),
(226, '127.0.0.1', '周熙政', '$2y$08$XcJMsJzVayzAgRvUkcf1V.D6j0KPYbIqFflCCdDQqpVNR4KrwE9K.', NULL, '', NULL, NULL, NULL, NULL, 1474986783, 0, 1, '周熙政', NULL, NULL, NULL),
(227, '127.0.0.1', '李紫茜', '$2y$08$R3EKDE5JDeSqWk1cNisWkeKR0A5FllckKGC2x76LIowi2COKtIADW', NULL, '', NULL, NULL, NULL, NULL, 1474986783, 0, 1, '李紫茜', NULL, NULL, NULL),
(228, '127.0.0.1', '邓蓉', '$2y$08$JDd/bAjC5pX44mmZ9PcD8.Y3kmb4e81G1kwdgmKTzVJXQUWqybE7S', NULL, '', NULL, NULL, NULL, NULL, 1474986783, 0, 1, '邓蓉', NULL, NULL, NULL),
(229, '127.0.0.1', '陈奕慧', '$2y$08$Lw35dc8wymbQWnTHheX7uOkVwgtc2LCbZnezd.fChsGQX4XX0s1Pe', NULL, '', NULL, NULL, NULL, NULL, 1474986783, 0, 1, '陈奕慧', NULL, NULL, NULL),
(230, '127.0.0.1', '黎昕', '$2y$08$cR85sTEgniq7dioBHd0QA.oG4Nmq2Ae3BStJElQ3VyYOSMJf90Xp2', NULL, '', NULL, NULL, NULL, NULL, 1474986783, 0, 1, '黎昕', NULL, NULL, NULL),
(231, '127.0.0.1', '戴畅凌', '$2y$08$rMDju9iBNv0IqMZar4dVkeoL/x0FWRRGaQRApFC3/5kbLDFuGY2Qa', NULL, '', NULL, NULL, NULL, NULL, 1474986783, 0, 1, '戴畅凌', NULL, NULL, NULL),
(232, '127.0.0.1', '罗亦然', '$2y$08$WSYOZ/vTYh.JCz5EolUSBOzv8DGXCz1WbeJwfn7JYULnef0i/nVwq', NULL, '', NULL, NULL, NULL, NULL, 1474986783, 0, 1, '罗亦然', NULL, NULL, NULL),
(233, '127.0.0.1', '刘咨言', '$2y$08$F/R2Wf2fYRBXHHKpFh5hNeagvD/JWh54kPr5XCD19yK68svh09cHO', NULL, '', NULL, NULL, NULL, NULL, 1474986783, 0, 1, '刘咨言', NULL, NULL, NULL),
(234, '127.0.0.1', '范丞相', '$2y$08$.LqLPe04MNXuwcc9RyBgcOLN4Uj9PU1sgnT8KXfgWA.7.gwS7HZUS', NULL, '', NULL, NULL, NULL, NULL, 1474986783, 0, 1, '范丞相', NULL, NULL, NULL),
(235, '127.0.0.1', '晏振翔', '$2y$08$ERFcj.m5xTvgmguAtBSiU.bvuqvmUtmphG.9HR0rECQx.3/uwEaOS', NULL, '', NULL, NULL, NULL, NULL, 1474986783, 0, 1, '晏振翔', NULL, NULL, NULL),
(236, '127.0.0.1', '王烨铭', '$2y$08$7SJm8s.HiqyyixqXPeaWy.anrkTtaDuPheU62X/1o8QtoOo.tBOgu', NULL, '', NULL, NULL, NULL, NULL, 1474986783, 0, 1, '王烨铭', NULL, NULL, NULL),
(237, '127.0.0.1', '牟彦蓁', '$2y$08$zWrSj2UqXiLTPbwm4qp.POQWGGtVjxPFvr4SlKhUOvdVedBkRwvs.', NULL, '', NULL, NULL, NULL, NULL, 1474986783, 0, 1, '牟彦蓁', NULL, NULL, NULL),
(238, '127.0.0.1', '郑诚一', '$2y$08$TI5/toxprx3869LcCO7FTODv6DZ6CZUlA1dm8Jl0PwDJCfG9pg/..', NULL, '', NULL, NULL, NULL, NULL, 1474986783, 0, 1, '郑诚一', NULL, NULL, NULL),
(239, '127.0.0.1', '赵天禾', '$2y$08$.EGOw5x09aFf0ml3DDxhGemluSZDgQx4fjBR.LQAz12pg4WwQE/JW', NULL, '', NULL, NULL, NULL, NULL, 1474986783, 0, 1, '赵天禾', NULL, NULL, NULL),
(240, '127.0.0.1', '易麟罡', '$2y$08$HY3es7oHFN2xVSwWbsSc3O26hzeYXZXLbt1ntZYstAQbWJwd/JTz2', NULL, '', NULL, NULL, NULL, NULL, 1474986783, 0, 1, '易麟罡', NULL, NULL, NULL),
(241, '127.0.0.1', '朱厚源', '$2y$08$LLztsqpoTl9VQgKP.PVSf.fqaThLCZE9tU/rWZ6TVeEBIAw11nTjq', NULL, '', NULL, NULL, NULL, NULL, 1474986783, 0, 1, '朱厚源', NULL, NULL, NULL),
(242, '127.0.0.1', '赵兮涵', '$2y$08$Mfeh216uUG3afyga9WwgGuFxSx25GyQMXVAQieP3Jkk/CsTQS8O5m', NULL, '', NULL, NULL, NULL, NULL, 1474986783, 0, 1, '赵兮涵', NULL, NULL, NULL),
(243, '127.0.0.1', '张峻维', '$2y$08$1mMxQn3q.3FEFhiJCwbCgej0Z7aNf/J0CCGebrB.qrpbTAT9p/PNW', NULL, '', NULL, NULL, NULL, NULL, 1474986783, 0, 1, '张峻维', NULL, NULL, NULL),
(244, '127.0.0.1', '张婷煜', '$2y$08$wy9wIX1CVBj0DvOFAf8W4OKPMBuET/y/b9iFDMaNkJGRvNA.tSeg2', NULL, '', NULL, NULL, NULL, NULL, 1474986783, 0, 1, '张婷煜', NULL, NULL, NULL),
(245, '127.0.0.1', '刘宇珺', '$2y$08$KBhfXM0VVy0ixhITlZX/8.Zcuz44swN0YtytnapU9BnY35uZfnM0q', NULL, '', NULL, NULL, NULL, NULL, 1474986783, 0, 1, '刘宇珺', NULL, NULL, NULL),
(246, '127.0.0.1', '王灏杨', '$2y$08$7HU00z9ewxxNoYlb.Nv00uFTHnpCHtz0vMdO6Z5I4x9wm28LQyEYC', NULL, '', NULL, NULL, NULL, NULL, 1474986783, 0, 1, '王灏杨', NULL, NULL, NULL),
(247, '127.0.0.1', '姚念彤', '$2y$08$Aql/LppC9dH1mMkrjXAcG.s7kUng3N7xgytFbY26V5VasdkMldaOC', NULL, '', NULL, NULL, NULL, NULL, 1474986784, 0, 1, '姚念彤', NULL, NULL, NULL),
(248, '127.0.0.1', '王兹晗', '$2y$08$dDIPz2vDnIruatUYOYxLT.M4dB.Vx87qFoXrLnhVFT.0iIurT5wF.', NULL, '', NULL, NULL, NULL, NULL, 1474986784, 0, 1, '王兹晗', NULL, NULL, NULL),
(249, '127.0.0.1', '夏千千', '$2y$08$3RjO1/GG97JkPcY4xNsxW.YuTZBPWqgFULgC0rRlOZEfdQV0wSIGe', NULL, '', NULL, NULL, NULL, NULL, 1474986784, 0, 1, '夏千千', NULL, NULL, NULL),
(250, '127.0.0.1', '康哲涵', '$2y$08$beIZG4I4SKPEpqlbjr1veuT9sW2V3gKsX5NJ5YnN7eBFcFtWsnQNS', NULL, '', NULL, NULL, NULL, NULL, 1474986784, 0, 1, '康哲涵', NULL, NULL, NULL),
(251, '127.0.0.1', '李炅橙', '$2y$08$1NL90NVbEsyGUJpcRzPq9Orzl/m1X4Mzj6tCW0MEZ.Bbsy1aakwq2', NULL, '', NULL, NULL, NULL, NULL, 1474986784, 0, 1, '李炅橙', NULL, NULL, NULL),
(252, '127.0.0.1', '王博闻', '$2y$08$3KVFCr.X1ktT.ea2OT3A7uR134aZyfBI.frhIIPXbCM1b2WSmpVpa', NULL, '', NULL, NULL, NULL, NULL, 1474986784, 0, 1, '王博闻', NULL, NULL, NULL),
(253, '127.0.0.1', '龙雨轩', '$2y$08$24e8jvBokFUpgl0Q2iCkn.tn56wnlrF02QBCCgjQM3c5MPmTEDJ8a', NULL, '', NULL, NULL, NULL, NULL, 1474986784, 0, 1, '龙雨轩', NULL, NULL, NULL),
(254, '127.0.0.1', '陈婧', '$2y$08$QjyM4XDImJRO44fKDtmP3e7DBb5AissNACS2cnn9SgOUXwtaTODai', NULL, '', NULL, NULL, NULL, NULL, 1474986784, 0, 1, '陈婧', NULL, NULL, NULL),
(255, '127.0.0.1', '陈祖钰', '$2y$08$eJv8BzSalk7DHXTL75fToukV/69Lhpa2YeEhy.iX6MVr/xu8vv6wO', NULL, '', NULL, NULL, NULL, NULL, 1474986784, 0, 1, '陈祖钰', NULL, NULL, NULL),
(256, '127.0.0.1', '张坷树', '$2y$08$tr7J6KeEWFl9ty5oVyWCr.0FNJLV5m.XTEPzqCj6OClrne.ZY1g0y', NULL, '', NULL, NULL, NULL, NULL, 1474986784, 0, 1, '张坷树', NULL, NULL, NULL),
(257, '127.0.0.1', '许北瑞', '$2y$08$9JbMijmHP.BgSEJ9eOUUpuvmpnPyrbS946l/XGfeDLBIOQyMdfbXi', NULL, '', NULL, NULL, NULL, NULL, 1474986784, 0, 1, '许北瑞', NULL, NULL, NULL),
(258, '127.0.0.1', '刘浩波', '$2y$08$7ioGREn8Va7IGJ7diw3BJOR/NjKOL81SZ0PxUQ0kL8.BTnOHJLXJa', NULL, '', NULL, NULL, NULL, NULL, 1474986784, 0, 1, '刘浩波', NULL, NULL, NULL),
(259, '127.0.0.1', '朱梓言', '$2y$08$w9AfX2LWe7BQZPUrEa7Dl.odHj5EiFN7sKKRnRqnO2gP8HwsTimxu', NULL, '', NULL, NULL, NULL, NULL, 1474986784, 0, 1, '朱梓言', NULL, NULL, NULL),
(260, '127.0.0.1', '萧悦', '$2y$08$lhQbGyAKOLWPQ9Oae2.uHO0VAbOtQmTExPgjOlQGMCzHHrBahzieq', NULL, '', NULL, NULL, NULL, NULL, 1474986784, 0, 1, '萧悦', NULL, NULL, NULL),
(261, '127.0.0.1', '李浩铭', '$2y$08$3ZjwWZcE4L7qY1BbEQADpOWFB82OY2suubSq9VXKvcgefEcU.d4y.', NULL, '', NULL, NULL, NULL, NULL, 1474986784, 0, 1, '李浩铭', NULL, NULL, NULL),
(262, '127.0.0.1', '李雨娟', '$2y$08$y/ozswhB985pzJWUhEpgWeKtg6u.K27TNvj7O1AzK.5gFk.htcXt6', NULL, '', NULL, NULL, NULL, NULL, 1474986784, 0, 1, '李雨娟', NULL, NULL, NULL),
(263, '127.0.0.1', '张淅露', '$2y$08$LfKaEtBqyh6HSuqbTuEA3.RD1aEWtHg.Gc/eGCjQVmDJrG1wXn/iu', NULL, '', NULL, NULL, NULL, NULL, 1474986784, 0, 1, '张淅露', NULL, NULL, NULL),
(264, '127.0.0.1', '肖童心', '$2y$08$sGc9FQU5pzSj1SXB1ptYU.ZRi2j1Hwu1YH1txiVJOaG7niqoV5Sma', NULL, '', NULL, NULL, NULL, NULL, 1474986784, 0, 1, '肖童心', NULL, NULL, NULL),
(265, '127.0.0.1', '田蕊', '$2y$08$zcbvMMssNaHsnYvy/o4YVuYgbAM9JHkJx1OHTaJ5c4o8PwdKpBZRC', NULL, '', NULL, NULL, NULL, NULL, 1474986784, 0, 1, '田蕊', NULL, NULL, NULL),
(266, '127.0.0.1', '王雨轩', '$2y$08$nuqNhT2ua9jEUm2UcVFpbeSNPqmiT5OJTLT/ODsd.h7pmf0lLKNr.', NULL, '', NULL, NULL, NULL, NULL, 1474986784, 0, 1, '王雨轩', NULL, NULL, NULL),
(267, '127.0.0.1', '黄星辰', '$2y$08$7tQayXtXaAb4aCsS8z3deOJJBWxRWVbH.8L2AemFGSMnqt1o6YqVa', NULL, '', NULL, NULL, NULL, NULL, 1474986784, 0, 1, '黄星辰', NULL, NULL, NULL),
(268, '127.0.0.1', '胡可妍', '$2y$08$StWBObnCFFm8LPTV9lwqguKyXBC64amVojAi35l4dnRkI.we0jlJ.', NULL, '', NULL, NULL, NULL, NULL, 1474986784, 0, 1, '胡可妍', NULL, NULL, NULL),
(269, '127.0.0.1', '魏玄移', '$2y$08$ZE0C3Aq8XeoUINwQcP3MRuA17Q2lIy3S19pDhLR5Jh3FWSAKy1i62', NULL, '', NULL, NULL, NULL, NULL, 1474986784, 0, 1, '魏玄移', NULL, NULL, NULL),
(270, '127.0.0.1', '段伊伊', '$2y$08$AdD6UpfLTsExRkB5j03s2e8TdJsuJM.Ce6Y3qe2pMUHKb5vTca2sC', NULL, '', NULL, NULL, NULL, NULL, 1474986784, 0, 1, '段伊伊', NULL, NULL, NULL),
(271, '127.0.0.1', '李悦雯', '$2y$08$mifSjXUNuUn2veSoCTKhYOIHyPFL74KuJN.uwPA74uXPlPGWfcyhe', NULL, '', NULL, NULL, NULL, NULL, 1474986784, 0, 1, '李悦雯', NULL, NULL, NULL),
(272, '127.0.0.1', '周梓瑞', '$2y$08$LmjgH6pum4xd4.sbXVAqB.jluQm4PTN/c18cxF1b7Aa5Cch/dK3IO', NULL, '', NULL, NULL, NULL, NULL, 1474986784, 0, 1, '周梓瑞', NULL, NULL, NULL),
(273, '127.0.0.1', '唐海博', '$2y$08$HpbnghOQz4pfURJJcPb6EOw2bPJZZSrHUonSEivgRONATvgh9XBMO', NULL, '', NULL, NULL, NULL, NULL, 1474986784, 0, 1, '唐海博', NULL, NULL, NULL),
(274, '127.0.0.1', '贺泽杨', '$2y$08$ibieGztWy9CnTk8y8goTuuoUNHegC1iRlN0w3TK4wxLW/rEeflBmW', NULL, '', NULL, NULL, NULL, NULL, 1474986785, 0, 1, '贺泽杨', NULL, NULL, NULL),
(275, '127.0.0.1', '陈艺元', '$2y$08$p3irR2xA6eMTm4YulBorFOCqDgvMyQPR3mahXC181zj7oLFRHcCaa', NULL, '', NULL, NULL, NULL, NULL, 1474986785, 0, 1, '陈艺元', NULL, NULL, NULL),
(276, '127.0.0.1', '殷明翔', '$2y$08$aiLL9Q7GW6ZSg7edC.5EEeUE6Ez4Z8FmHfzJXdAj4xy78HNwb9o4S', NULL, '', NULL, NULL, NULL, NULL, 1474986785, 0, 1, '殷明翔', NULL, NULL, NULL),
(277, '127.0.0.1', '赵千绚', '$2y$08$/Q.PCICLmOcyizJ.oJQYwuk08vXzH.HeiRqU3g0/s9382e5Aap9R.', NULL, '', NULL, NULL, NULL, NULL, 1474986785, 0, 1, '赵千绚', NULL, NULL, NULL),
(278, '127.0.0.1', '石文卓', '$2y$08$Ryek1Mc37gari8goZ93F..ABNg.haP0Y51EbAvy2Eli8eB2CY3Om.', NULL, '', NULL, NULL, NULL, NULL, 1474986785, 0, 1, '石文卓', NULL, NULL, NULL),
(279, '127.0.0.1', '龙玥', '$2y$08$TnOIpSVFjgmxbTS8acs94.MjBTDmYeCTerabv7ngOflDWnVIKrh..', NULL, '', NULL, NULL, NULL, NULL, 1474986785, 0, 1, '龙玥', NULL, NULL, NULL),
(280, '127.0.0.1', '郑富文', '$2y$08$ApIfZXXnMdPjXK8oIhmbuuybOwFm9PkEBMqgf3YVpymed6SmevFTG', NULL, '', NULL, NULL, NULL, NULL, 1474986785, 0, 1, '郑富文', NULL, NULL, NULL),
(281, '127.0.0.1', '赵泽媗媗', '$2y$08$fontm9zy1hm33ac0JhEbjuDK2IT9RsVjTvPmHol8oOQtBwlomfrky', NULL, '', NULL, NULL, NULL, NULL, 1474986785, 0, 1, '赵泽媗媗', NULL, NULL, NULL),
(282, '127.0.0.1', '濮佳', '$2y$08$8Su.8pgKXme2f1DMnbqA3Oe7R6H6Q9KWX0.DOCZbHwBDL0B2MNFFi', NULL, '', NULL, NULL, NULL, NULL, 1474986785, 0, 1, '濮佳', NULL, NULL, NULL),
(283, '127.0.0.1', '戴文博', '$2y$08$AOQkShlwzuPEviGTfspvf.R0Gu4X9zOszx0bsUJ1X8mHIqk.3b/Wy', NULL, '', NULL, NULL, NULL, NULL, 1474986785, 0, 1, '戴文博', NULL, NULL, NULL),
(284, '127.0.0.1', '袁磊', '$2y$08$xixoQaK9ZuUiCUDkT3fWJOYlefg0HOoN74WnDWzcye/6ZeFXMm45u', NULL, '', NULL, NULL, NULL, NULL, 1474986785, 0, 1, '袁磊', NULL, NULL, NULL),
(285, '127.0.0.1', '田枫', '$2y$08$tRt9LX68fvaD.MF6ATYNtOUFFWPULvgdx/q.OYVxxWlqTNudCyz4C', NULL, '', NULL, NULL, NULL, NULL, 1474986785, 0, 1, '田枫', NULL, NULL, NULL),
(286, '127.0.0.1', '田雨', '$2y$08$tjPcxncNI4JwUKdgGUkGGO2PbBcV.s2IFqOT2E9KphE5jG34curB2', NULL, '', NULL, NULL, NULL, NULL, 1474986785, 0, 1, '田雨', NULL, NULL, NULL),
(287, '127.0.0.1', '贺深深', '$2y$08$SXNmb4KBR9vY8.1TYFPdMuwdCrwqb.MsQ14urKjzJvuI.CXKwUnEC', NULL, '', NULL, NULL, NULL, NULL, 1474986785, 0, 1, '贺深深', NULL, NULL, NULL),
(288, '127.0.0.1', '易蒙正', '$2y$08$hsz2TwvvJNlStV0psZRf3.VZ5NmHND0zA0TyoBPcrD3Df6.l8qlJq', NULL, '', NULL, NULL, NULL, NULL, 1474986785, 0, 1, '易蒙正', NULL, NULL, NULL),
(289, '127.0.0.1', '罗政宇', '$2y$08$oZHOntrUh3FXoVjO0g2UFuHTMSUpHJjQsE8W0WEOtaxKyq14K57bG', NULL, '', NULL, NULL, NULL, NULL, 1474986785, 0, 1, '罗政宇', NULL, NULL, NULL),
(290, '127.0.0.1', '裴敏利', '$2y$08$uwlFvM3KKsNtMcoLFuw9QuvXsZV4WwfI4uUmeOWdkhTQSvviuIIfW', NULL, '', NULL, NULL, NULL, NULL, 1474986785, 0, 1, '裴敏利', NULL, NULL, NULL),
(291, '127.0.0.1', '夏天乐', '$2y$08$gGo.y6PwoRyKFdMo9nqpSOsZhp2Y9e6lF3x/eJMrxz1g6jxdBQDEy', NULL, '', NULL, NULL, NULL, NULL, 1474986785, 0, 1, '夏天乐', NULL, NULL, NULL),
(292, '127.0.0.1', '许雅晶', '$2y$08$NzEDK3wQU6DPeyHGXWGFKej4vjChuYTyR6WcI4siiCFS9n4DPdsqm', NULL, '', NULL, NULL, NULL, NULL, 1474986785, 0, 1, '许雅晶', NULL, NULL, NULL),
(293, '127.0.0.1', '邓之枫', '$2y$08$rSbyxQud9KkQvxplaOKoX.qvc7rAIKi9gUKTpEOuumDk.yEd59u7a', NULL, '', NULL, NULL, NULL, NULL, 1474986785, 0, 1, '邓之枫', NULL, NULL, NULL),
(294, '127.0.0.1', '包小玄', '$2y$08$6fYcFMjm8qvV4DPpr59oceloRTwzBWxa7oRVm2UvR/1U0Y5RCQCy6', NULL, '', NULL, NULL, NULL, NULL, 1474986785, 0, 1, '包小玄', NULL, NULL, NULL),
(295, '127.0.0.1', '曹实锐', '$2y$08$wD5XRA.B3vc9tE/nMqwnNu7WeUQ5xyTKpCZ.y1CdDPkviVxVR.uSa', NULL, '', NULL, NULL, NULL, NULL, 1474986785, 0, 1, '曹实锐', NULL, NULL, NULL),
(296, '127.0.0.1', '段思琪', '$2y$08$cd3elcPkRTDq/xRuTM7KjOhoOD9OxU7kK5v1KzisUvzhSCSFEiJ7W', NULL, '', NULL, NULL, NULL, NULL, 1474986785, 0, 1, '段思琪', NULL, NULL, NULL),
(297, '127.0.0.1', '贺雅瑄', '$2y$08$WRPc4vzeZzEiQt/4dPqyGOlzCPTlH6VZbxU.vICkQ6m3dVrFpDN16', NULL, '', NULL, NULL, NULL, NULL, 1474986785, 0, 1, '贺雅瑄', NULL, NULL, NULL),
(298, '127.0.0.1', '胡汭杨', '$2y$08$d8n5.sig.hipbniYnSenN.ii89Ai5JPLI/s/jpN54Tu.c2Z9ovyAq', NULL, '', NULL, NULL, NULL, NULL, 1474986785, 0, 1, '胡汭杨', NULL, NULL, NULL),
(299, '127.0.0.1', '蒋理', '$2y$08$fJi4ursaWAHjwYpIBfM3SeO7yGI/cYyMIDEYbFP896ReKV72SkOwu', NULL, '', NULL, NULL, NULL, NULL, 1474986785, 0, 1, '蒋理', NULL, NULL, NULL),
(300, '127.0.0.1', '蒋沐霖', '$2y$08$CLX86YddjuM9RqMoJXKhlO9E9infhV0khJ.BLYAoqAFqk8RE7rX9S', NULL, '', NULL, NULL, NULL, NULL, 1474986785, 0, 1, '蒋沐霖', NULL, NULL, NULL),
(301, '127.0.0.1', '李嘉浩', '$2y$08$VyuzVwa1jpDeXxNWSXVy4.1IXZMFXVd/kwVEeSFyBrMuAoobyHko6', NULL, '', NULL, NULL, NULL, NULL, 1474986785, 0, 1, '李嘉浩', NULL, NULL, NULL),
(302, '127.0.0.1', '李嘉琦', '$2y$08$LFS.JJcqPQKlAMBlIlxrue.gZn5rTpXnqZp9bVbLHdRgYGwZRxIu6', NULL, '', NULL, NULL, NULL, NULL, 1474986786, 0, 1, '李嘉琦', NULL, NULL, NULL),
(303, '127.0.0.1', '李文康', '$2y$08$RlMCWqPg8CbGvN4MmebUmumACDL/GKVaXkImOHk.o2cfE3jN0lurW', NULL, '', NULL, NULL, NULL, NULL, 1474986786, 0, 1, '李文康', NULL, NULL, NULL),
(304, '127.0.0.1', '李依茹', '$2y$08$cEGCGtKyGEgQBHWOQqwb2eSohsbrUfgj/cZbMHMhWF6rJJNGldzz2', NULL, '', NULL, NULL, NULL, NULL, 1474986786, 0, 1, '李依茹', NULL, NULL, NULL),
(305, '127.0.0.1', '李云捷', '$2y$08$y3LUpZlNIfHk4kO1FQVDTuHZMeyu8IDnAlUnQWH3ZUMRfk1cSIkQm', NULL, '', NULL, NULL, NULL, NULL, 1474986786, 0, 1, '李云捷', NULL, NULL, NULL),
(306, '127.0.0.1', '廖阳卓', '$2y$08$3HHXt0tG9e2IKvXsjIzrq.NHNLLVfzatZ7zv9Zno2l1f4sw4oBiCS', NULL, '', NULL, NULL, NULL, NULL, 1474986786, 0, 1, '廖阳卓', NULL, NULL, NULL),
(307, '127.0.0.1', '刘思均', '$2y$08$yxapuSbzMZmLppJiW8P/MO2LcU6ob4LFw7k.6jWyuiJoEBbENTq8u', NULL, '', NULL, NULL, NULL, NULL, 1474986786, 0, 1, '刘思均', NULL, NULL, NULL),
(308, '127.0.0.1', '柳和', '$2y$08$eEhYxdR/KmtDmSXxqksJMuwCZiMg1lrN2b.SXlk2UVg0z4o5FxNWK', NULL, '', NULL, NULL, NULL, NULL, 1474986786, 0, 1, '柳和', NULL, NULL, NULL),
(309, '127.0.0.1', '鲁小白', '$2y$08$dymY9axIhVW9h8afZ10LWuILC6TAmT75H7aXmjmorcaBUNnvrSpLC', NULL, '', NULL, NULL, NULL, NULL, 1474986786, 0, 1, '鲁小白', NULL, NULL, NULL),
(310, '127.0.0.1', '倪然子', '$2y$08$Cx0wmsJTJ384WTt9klaX/.57IQFHaXug1/FxX1MFt3dm0xm1ijuUK', NULL, '', NULL, NULL, NULL, NULL, 1474986786, 0, 1, '倪然子', NULL, NULL, NULL),
(311, '127.0.0.1', '潘昱名', '$2y$08$HdMDUjN.p/Blt9/cuRJQ5.dEdhVdsoZg1IrbWwl38f5xrIjtMr6tu', NULL, '', NULL, NULL, NULL, NULL, 1474986786, 0, 1, '潘昱名', NULL, NULL, NULL),
(312, '127.0.0.1', '佘思妍', '$2y$08$GIZuhQEG4EtZMYxv/7Bsbuxqc78YWOP92vAO2SNVVQcKajsI94YIG', NULL, '', NULL, NULL, NULL, NULL, 1474986786, 0, 1, '佘思妍', NULL, NULL, NULL),
(313, '127.0.0.1', '苏阳', '$2y$08$xabTKLT8QlcDqcXS.rW4bOxOG1gSH0GQyJKpqkBAgHWIznlkuH8yO', NULL, '', NULL, NULL, NULL, NULL, 1474986786, 0, 1, '苏阳', NULL, NULL, NULL),
(314, '127.0.0.1', '孙亦航', '$2y$08$vo.dXsYXFWOaiaJw/MK7B.C.1geAPRlOWD6kIdu.B9iRgHJ5HRzGa', NULL, '', NULL, NULL, NULL, NULL, 1474986786, 0, 1, '孙亦航', NULL, NULL, NULL),
(315, '127.0.0.1', '唐迪睿', '$2y$08$nuhhs5wrVu8RbxB7O.hBQeYxv69cM1Fj98C03reAu4w0EbsaxWCTe', NULL, '', NULL, NULL, NULL, NULL, 1474986786, 0, 1, '唐迪睿', NULL, NULL, NULL),
(316, '127.0.0.1', '万昊儒', '$2y$08$sxiVmSnpWbn1NMtzbMDo8ODDjsMQadIPVVaP13VMF9Rar1c1LlqWW', NULL, '', NULL, NULL, NULL, NULL, 1474986786, 0, 1, '万昊儒', NULL, NULL, NULL),
(317, '127.0.0.1', '汪阳', '$2y$08$5zWfTttgL8Uw8cjBmaxXw.q3nkTuTstwv59SOZPuAuer.Xu2c6FHa', NULL, '', NULL, NULL, NULL, NULL, 1474986786, 0, 1, '汪阳', NULL, NULL, NULL),
(318, '127.0.0.1', '王思语', '$2y$08$E04..Dxh5WszDpyij5obger57XvaqZ3B8O2T/8YE8BBPfPpsLy3h.', NULL, '', NULL, NULL, NULL, NULL, 1474986786, 0, 1, '王思语', NULL, NULL, NULL),
(319, '127.0.0.1', '王喆', '$2y$08$tdQPI2/rNe5rPZOHPIQJAuJUGKyK56m/ucTsDMVtQmOVg.sAiuhYi', NULL, '', NULL, NULL, NULL, NULL, 1474986786, 0, 1, '王喆', NULL, NULL, NULL),
(320, '127.0.0.1', '王志馨', '$2y$08$wAApxRl.AOL7mH4rVcDZeudgfl7rQNUZk9CVF/KmdP9WPE.mxTIHq', NULL, '', NULL, NULL, NULL, NULL, 1474986786, 0, 1, '王志馨', NULL, NULL, NULL),
(321, '127.0.0.1', '王子涵', '$2y$08$OOlkYYYu6KHL95R0Y.Mohe/rymJrjpzDdjpztew7NwLrKPWuMhd1S', NULL, '', NULL, NULL, NULL, NULL, 1474986786, 0, 1, '王子涵', NULL, NULL, NULL),
(322, '127.0.0.1', '夏星筱', '$2y$08$sNdFzdd7/jWUETSXjRCtluaOGtzrRc8buKdWbIkIKAagyMGX6YLsS', NULL, '', NULL, NULL, NULL, NULL, 1474986786, 0, 1, '夏星筱', NULL, NULL, NULL),
(323, '127.0.0.1', '肖珺', '$2y$08$SNAubkL3MiSdNtAwReg//OZNlUAR/aqN9PIG/7FZ0VN2TLHv8XmQK', NULL, '', NULL, NULL, NULL, NULL, 1474986786, 0, 1, '肖珺', NULL, NULL, NULL),
(324, '127.0.0.1', '徐陈雯静', '$2y$08$zjROqBsMZH9wcPIvaUz5n.MxWybadwfDHX9umFoMux.iQE.wbRPFa', NULL, '', NULL, NULL, NULL, NULL, 1474986786, 0, 1, '徐陈雯静', NULL, NULL, NULL),
(325, '127.0.0.1', '曾梓涵', '$2y$08$p/JHXtOGnM8gsLTo5UMa3.4GOtLoMjeyG4DjEjHzrwUWUJbh.n/bi', NULL, '', NULL, NULL, NULL, NULL, 1474986786, 0, 1, '曾梓涵', NULL, NULL, NULL),
(326, '127.0.0.1', '张瑶瑶', '$2y$08$kqRuKszXd6e0ChONqb7Op.roD.jUd.Wf/UzF1iKxY9.28dfDvBoku', NULL, '', NULL, NULL, NULL, NULL, 1474986786, 0, 1, '张瑶瑶', NULL, NULL, NULL),
(327, '127.0.0.1', '赵明获', '$2y$08$7QwyM2tDez8UzFIi7TWMueof3DvLzpZZKvEvr6BJpdEMoouHlHsUi', NULL, '', NULL, NULL, NULL, NULL, 1474986786, 0, 1, '赵明获', NULL, NULL, NULL),
(328, '127.0.0.1', '赵一帆', '$2y$08$.ezFypU2jkZ2TduLcTXes.iRsanM4Uxi0CDeYFMB/VuBzlcp/eN6O', NULL, '', NULL, NULL, NULL, NULL, 1474986786, 0, 1, '赵一帆', NULL, NULL, NULL),
(329, '127.0.0.1', '赵一鸣', '$2y$08$FmLkSXJyfp.MNHdPeHZAOOnbhumXYU2BVsRdfbLr6aifpeSXvWf0S', NULL, '', NULL, NULL, NULL, NULL, 1474986787, 0, 1, '赵一鸣', NULL, NULL, NULL),
(330, '127.0.0.1', '周骏辉', '$2y$08$IE6JR7BLjM/DzWeu9k5pl.cQovZtkO2vOb9Bz6NuMpGd6SJPKKVDq', NULL, '', NULL, NULL, NULL, NULL, 1474986787, 0, 1, '周骏辉', NULL, NULL, NULL),
(331, '127.0.0.1', '周晓佳', '$2y$08$i248s4QPi0Rte2xC8SteLun.StbE5pmgQXCy7fNc2iWUlmfgIEY6S', NULL, '', NULL, NULL, NULL, NULL, 1474986787, 0, 1, '周晓佳', NULL, NULL, NULL),
(332, '127.0.0.1', '李筱筱', '$2y$08$1pPEgOBD7aEc8gris9NJpOyMp/V7kMjSgHNkj562gkJTsv4Do2k82', NULL, '', NULL, NULL, NULL, NULL, 1474986787, 0, 1, '李筱筱', NULL, NULL, NULL),
(333, '127.0.0.1', '王艺霖', '$2y$08$qZ9td1VrNDWLs06D8TKKU.meEEVHuqgero87pxuxJmIRKwVRpiYVO', NULL, '', NULL, NULL, NULL, NULL, 1474986787, 0, 1, '王艺霖', NULL, NULL, NULL),
(334, '127.0.0.1', '沈丙涯', '$2y$08$kVNgLRg0IKEJ9sRaQuU2GOCEAcRa3RxN01uV0/SYU0NhV9RQONvg2', NULL, '', NULL, NULL, NULL, NULL, 1474986787, 0, 1, '沈丙涯', NULL, NULL, NULL),
(335, '127.0.0.1', '黎柯纯子', '$2y$08$F1U6w3ePOjER7S8u44H3sOmjdhS8ho6PMwADYXlAStXsVK0lE7au.', NULL, '', NULL, NULL, NULL, NULL, 1474986787, 0, 1, '黎柯纯子', NULL, NULL, NULL),
(336, '127.0.0.1', '李诺茜', '$2y$08$z2Fky.vbbqa9H3nAwPNBk.RLx9QFUBqRlt3s7k3EWzkYjsDmi8.1e', NULL, '', NULL, NULL, NULL, NULL, 1474986787, 0, 1, '李诺茜', NULL, NULL, NULL),
(337, '127.0.0.1', '谭昊腾', '$2y$08$vBcWgKbHf66qAsIcDP3TruB9FhqGhSNDcEoicjtv9/320f6reny4K', NULL, '', NULL, NULL, NULL, NULL, 1474986787, 0, 1, '谭昊腾', NULL, NULL, NULL),
(338, '127.0.0.1', '周铭', '$2y$08$tHgQ35axRKioMxJYrl4IYORqt1.DWsT8teRTyhUTOKRoNxVlnd0pK', NULL, '', NULL, NULL, NULL, NULL, 1474986787, 0, 1, '周铭', NULL, NULL, NULL),
(339, '127.0.0.1', '胡孝荣', '$2y$08$KJO/uGN/r1RDqdRIc7xBcOY1wy0Ir7KsCgDIgII9snwNsCfcqd8zu', NULL, '', NULL, NULL, NULL, NULL, 1474986787, 0, 1, '胡孝荣', NULL, NULL, NULL),
(340, '127.0.0.1', '白钰', '$2y$08$sy.AlQgCVS/XN8dlHISaY.Xwk0ODLaUE2Qw1gnoUdJz6RoNXDqPgW', NULL, '', NULL, NULL, NULL, NULL, 1474986787, 0, 1, '白钰', NULL, NULL, NULL),
(341, '127.0.0.1', '曾心怡', '$2y$08$1a7jzJS6oVD4hwmLPf/mteF5DUcr6DyzNq.IDztHCXpQbzSgq9O5m', NULL, '', NULL, NULL, NULL, NULL, 1474986787, 0, 1, '曾心怡', NULL, NULL, NULL),
(342, '127.0.0.1', '丛琳珊', '$2y$08$OFnwb74gsDplzGMn0MgEUupiwLWUZRI.Cg125OgkBihaNvuuaGbkO', NULL, '', NULL, NULL, NULL, NULL, 1474986787, 0, 1, '丛琳珊', NULL, NULL, NULL),
(343, '127.0.0.1', '张逸夫', '$2y$08$UtwWLZV6FkKpj4//vS1apOA79tTMFDoOI/jsIJl.qCC2IO5DGd/HS', NULL, '', NULL, NULL, NULL, NULL, 1474986787, 0, 1, '张逸夫', NULL, NULL, NULL),
(344, '127.0.0.1', '傅诗琦', '$2y$08$XMwke.UVaTRblKXy3nWVRetnsg9zkbuXNvfVvLM/HSOJ/vX2U4IM2', NULL, '', NULL, NULL, NULL, NULL, 1474986787, 0, 1, '傅诗琦', NULL, NULL, NULL),
(345, '127.0.0.1', '何书彦', '$2y$08$huBc4URbhQ7R0V8a97HuQ.qBPARgABNtV7WqKX4w27EnjT6XKRiKe', NULL, '', NULL, NULL, NULL, NULL, 1474986787, 0, 1, '何书彦', NULL, NULL, NULL),
(346, '127.0.0.1', '蒋依琪', '$2y$08$LcE1AxCryTK6qaJIJwOC7.wn1EE0uyPkWYezQBILBgoavoK9dq07.', NULL, '', NULL, NULL, NULL, NULL, 1474986787, 0, 1, '蒋依琪', NULL, NULL, NULL),
(347, '127.0.0.1', '黎阳佳', '$2y$08$FP1MCaXrljZBIUtKfXCN5.wfi16zquUqiczhiQO.JuZqPNblkM0ku', NULL, '', NULL, NULL, NULL, NULL, 1474986787, 0, 1, '黎阳佳', NULL, NULL, NULL),
(348, '127.0.0.1', '周子轩', '$2y$08$RL303m1XoTcZL9duGpXIBOKTSZ/untQ/scXERwtZ8dMFIgpK0I7HG', NULL, '', NULL, NULL, NULL, NULL, 1474986787, 0, 1, '周子轩', NULL, NULL, NULL),
(349, '127.0.0.1', '梁怀澜', '$2y$08$OeM2C3YaTCYOzSHuwQuBH.zo86u7Eg.Z9xM5hGKWPCfszr3RVTUTu', NULL, '', NULL, NULL, NULL, NULL, 1474986787, 0, 1, '梁怀澜', NULL, NULL, NULL),
(350, '127.0.0.1', '孟琪', '$2y$08$Jj9TVCBh8WZiP0ysRfyz3Oz.ZQ5s7G8I/.vVKVSIrLrUYciO/5./W', NULL, '', NULL, NULL, NULL, NULL, 1474986787, 0, 1, '孟琪', NULL, NULL, NULL),
(351, '127.0.0.1', '秦炫旎', '$2y$08$YQZjqLPmNdHNcj/vK10KPOQy6AnO1dkjkqMlR2jtTyTX8gnBCKzFi', NULL, '', NULL, NULL, NULL, NULL, 1474986787, 0, 1, '秦炫旎', NULL, NULL, NULL),
(352, '127.0.0.1', '唐银蔓', '$2y$08$ye59LGkLFD/M/itfKzS1N.jo9t84BZDGQ43xvKltzZGRwJJDJ6daa', NULL, '', NULL, NULL, NULL, NULL, 1474986787, 0, 1, '唐银蔓', NULL, NULL, NULL),
(353, '127.0.0.1', '王鑫琳', '$2y$08$wNFER3i8UPKVSoTFZSYchOClBiLuNd9y2K/1RYXyWrNFBlNyzKdgu', NULL, '', NULL, NULL, NULL, NULL, 1474986787, 0, 1, '王鑫琳', NULL, NULL, NULL),
(354, '127.0.0.1', '王琳琳', '$2y$08$pdyQcf9apGWMr9YAZ/eWbehDLfgpUJ.xYo9wJWdz7XT6VubPHgOuK', NULL, '', NULL, NULL, NULL, NULL, 1474986787, 0, 1, '王琳琳', NULL, NULL, NULL),
(355, '127.0.0.1', '王思涵', '$2y$08$vsWS7DtRFl9u0vJ.ho43De/KyVaBIkQId3wM09Or4n0vdR82oHPOO', NULL, '', NULL, NULL, NULL, NULL, 1474986787, 0, 1, '王思涵', NULL, NULL, NULL),
(356, '127.0.0.1', '王依雯', '$2y$08$DhIsfnhFu2h62LB8L9BxLu8TkXAIPCxU4zO3.c3B3lO9p2jGZkZAy', NULL, '', NULL, NULL, NULL, NULL, 1474986787, 0, 1, '王依雯', NULL, NULL, NULL),
(357, '127.0.0.1', '喻静怡', '$2y$08$E.qnVnGdNj85nKXtWK/sO.MeDMxUgU2MRbVEHXZ0y69LUEK/Ui8Vu', NULL, '', NULL, NULL, NULL, NULL, 1474986788, 0, 1, '喻静怡', NULL, NULL, NULL),
(358, '127.0.0.1', '张一诺', '$2y$08$Q2MRpLwVG3hwEOMb1/ucg.PJXicTrDef/1nQmdkdKpCioJcuf9fHS', NULL, '', NULL, NULL, NULL, NULL, 1474986788, 0, 1, '张一诺', NULL, NULL, NULL),
(359, '127.0.0.1', '周佳怡', '$2y$08$yDN8Wld8rm1G3D6Q9hLgI.PqUlfkKceU2ecZnBjK/kxoHZagjrjXu', NULL, '', NULL, NULL, NULL, NULL, 1474986788, 0, 1, '周佳怡', NULL, NULL, NULL),
(360, '127.0.0.1', '周诗婕', '$2y$08$5OI0Ma4t3TmebchNuQdd1uoOZFX47PPWhGT.Sv38Dv7KxRUkAuHVm', NULL, '', NULL, NULL, NULL, NULL, 1474986788, 0, 1, '周诗婕', NULL, NULL, NULL),
(361, '127.0.0.1', '陈禹衡', '$2y$08$ZH.64gfMF61NT5RYLZzbiuZly6S6tTEVBeUTt0C44d3en7lq9QPNK', NULL, '', NULL, NULL, NULL, NULL, 1474986788, 0, 1, '陈禹衡', NULL, NULL, NULL),
(362, '127.0.0.1', '冯识宇', '$2y$08$I8/QA2wXVroV/TIdOd5hRu5woK7MijJE7wjfqjkqGLcVO3l1ZIEAa', NULL, '', NULL, NULL, NULL, NULL, 1474986788, 0, 1, '冯识宇', NULL, NULL, NULL),
(363, '127.0.0.1', '蒋若斌', '$2y$08$BixLmwf0/klhwjRXqIGHbusKrphnlKYbTAJq51RzLeq4j6e010Sme', NULL, '', NULL, NULL, NULL, NULL, 1474986788, 0, 1, '蒋若斌', NULL, NULL, NULL),
(364, '127.0.0.1', '蒋则霖', '$2y$08$Ot8CqvrQz6joOsg.tgkCsOP6qV3zdzt9diJjtafanop8oqdwvBPZq', NULL, '', NULL, NULL, NULL, NULL, 1474986788, 0, 1, '蒋则霖', NULL, NULL, NULL),
(365, '127.0.0.1', '刘俊杰', '$2y$08$q1vk5LP8vRp.edNGqppqReUXaS2m7/t8f1A9Si/wKTGq2rrD36Yhq', NULL, '', NULL, NULL, NULL, NULL, 1474986788, 0, 1, '刘俊杰', NULL, NULL, NULL),
(366, '127.0.0.1', '米时进', '$2y$08$kXXisiPEWXdsr.8p9SiSuOcN3ys2G9WPCNUo.Te25mVnFX6h1tcnC', NULL, '', NULL, NULL, NULL, NULL, 1474986788, 0, 1, '米时进', NULL, NULL, NULL),
(367, '127.0.0.1', '米时增', '$2y$08$Y.uSNAdxSFUHOVb4eUuEOe06zmGMaDbKc52mq0L./G9/PN8xc9qhy', NULL, '', NULL, NULL, NULL, NULL, 1474986788, 0, 1, '米时增', NULL, NULL, NULL),
(368, '127.0.0.1', '王英恺', '$2y$08$Dd4Xz7XzfaEv6HDfrBIZRufIiaUYn.FuA9lYBEDL4GGwXvpd4wyxy', NULL, '', NULL, NULL, NULL, NULL, 1474986788, 0, 1, '王英恺', NULL, NULL, NULL),
(369, '127.0.0.1', '万稼颢', '$2y$08$rdxvGknSlHp2kDoSQgJ5ou2PNQJo/HGi9jdwv/AfHtmy2hy9RO6ie', NULL, '', NULL, NULL, NULL, NULL, 1474986788, 0, 1, '万稼颢', NULL, NULL, NULL);
INSERT INTO `users` (`id`, `ip_address`, `username`, `password`, `salt`, `email`, `activation_code`, `forgotten_password_code`, `forgotten_password_time`, `remember_code`, `created_on`, `last_login`, `active`, `first_name`, `last_name`, `company`, `phone`) VALUES
(370, '127.0.0.1', '王翔', '$2y$08$RnqJHAcaHVwshaK1h8907OpZ.xeBhxjVCRv1QafTeK/NwLWvCjXRi', NULL, '', NULL, NULL, NULL, NULL, 1474986788, 0, 1, '王翔', NULL, NULL, NULL),
(371, '127.0.0.1', '王义凯', '$2y$08$kZ.wdFOgsKGpvItFvjBN2Olq0Wk6/zQwPizD7mURaSLV/l6G2h/OK', NULL, '', NULL, NULL, NULL, NULL, 1474986788, 0, 1, '王义凯', NULL, NULL, NULL),
(372, '127.0.0.1', '魏子富', '$2y$08$d/JnVLLiSqDrL1jpcBg0nOJbOkCTiJ3E.6EHFhAVXXry8P8M12bRC', NULL, '', NULL, NULL, NULL, NULL, 1474986788, 0, 1, '魏子富', NULL, NULL, NULL),
(373, '127.0.0.1', '向思宇', '$2y$08$lD0xqXEjOj4nRnFtZ14Kxu7ZHwZbRaiRZ8pk0hnRHQXHaLhTVLi4S', NULL, '', NULL, NULL, NULL, NULL, 1474986788, 0, 1, '向思宇', NULL, NULL, NULL),
(374, '127.0.0.1', '肖洋', '$2y$08$PyewC.GzeY0B7Tj9tB/7yuAsLd3xaXLm3Ac1.Zdkiu/WJ96x/MSLW', NULL, '', NULL, NULL, NULL, NULL, 1474986788, 0, 1, '肖洋', NULL, NULL, NULL),
(375, '127.0.0.1', '熊子齐', '$2y$08$GMD8fseKsYKKheI8WMNMeuv4a1wUaGRygfwE6LE7Uc8dSzakQIoR6', NULL, '', NULL, NULL, NULL, NULL, 1474986788, 0, 1, '熊子齐', NULL, NULL, NULL),
(376, '127.0.0.1', '严浩哲', '$2y$08$wJI8nm8HW7oZwPzoks1kRuIO8zL7/Pu3tEPiPbdB7/cYdMZeTPX7u', NULL, '', NULL, NULL, NULL, NULL, 1474986788, 0, 1, '严浩哲', NULL, NULL, NULL),
(377, '127.0.0.1', '叶祖瑜', '$2y$08$TZq..NLToSRZwJU5gwXWDeABUPHaIPkFSHJ5SAOWZg/s2qr7uFcaS', NULL, '', NULL, NULL, NULL, NULL, 1474986788, 0, 1, '叶祖瑜', NULL, NULL, NULL),
(378, '127.0.0.1', '袁崇哲', '$2y$08$1l8H8My57c78dq5Xq08ukONqHNelmK8Xxz2bgZrb8PfgJWqVqLuCW', NULL, '', NULL, NULL, NULL, NULL, 1474986788, 0, 1, '袁崇哲', NULL, NULL, NULL),
(379, '127.0.0.1', '张曙峰', '$2y$08$uToeuY1.a2DN3mstZ6ejg.jE55Jb.TMV6rWZUW3wyjsCk1xBpfOzK', NULL, '', NULL, NULL, NULL, NULL, 1474986788, 0, 1, '张曙峰', NULL, NULL, NULL),
(380, '127.0.0.1', '周楚雄', '$2y$08$fWwJ.rVHzrD3i3o4Ep.N..TxMVJhuh4KJg.mK.ixH3sQgu00B1vrS', NULL, '', NULL, NULL, NULL, NULL, 1474986788, 0, 1, '周楚雄', NULL, NULL, NULL),
(381, '127.0.0.1', '周钰淇', '$2y$08$.vnl6BcUOA.3DIX2E.GekeaP1RKFxDhQ5ZMGzXdxk5//Wdw0q9JWi', NULL, '', NULL, NULL, NULL, NULL, 1474986788, 0, 1, '周钰淇', NULL, NULL, NULL),
(382, '127.0.0.1', '苏佩', '$2y$08$9aomPbrvxbK6UWXlzEzW3Od6rsdgv8kf1QVM3D4dLF7cO2T3lzHOi', NULL, '', NULL, NULL, NULL, NULL, 1474986788, 0, 1, '苏佩', NULL, NULL, NULL),
(383, '127.0.0.1', '韩雨馨', '$2y$08$Es02J40CHnrtlOlBo8i6Du1GihxmdlPo/jCBlehhwoHair2Gsywte', NULL, '', NULL, NULL, NULL, NULL, 1474986789, 0, 1, '韩雨馨', NULL, NULL, NULL),
(384, '127.0.0.1', '曾泽华', '$2y$08$nloXUa7VeCeiDaMZultTses0GhkZPIifjs7rQncW7EJMB.LSObBpy', NULL, '', NULL, NULL, NULL, NULL, 1474986789, 0, 1, '曾泽华', NULL, NULL, NULL),
(385, '127.0.0.1', '谭情文', '$2y$08$03udozHbLtUuBeBfEWNDPO4i8CpZxvv2x8poZtiDxZNEQnqILHUYu', NULL, '', NULL, NULL, NULL, NULL, 1474986789, 0, 1, '谭情文', NULL, NULL, NULL),
(386, '127.0.0.1', '白宛艳', '$2y$08$vgtmCt3O0OEHosB0aGvWheBmvZ2tmqWqhXdjU8dqVH3O94FaA8i6i', NULL, '', NULL, NULL, NULL, NULL, 1474986789, 0, 1, '白宛艳', NULL, NULL, NULL),
(387, '127.0.0.1', '曾小琳', '$2y$08$l9Czzos85yfnzzjvwM4CiusZdmPiyQ4uRaZo8kPJxvCuol6zaDg3i', NULL, '', NULL, NULL, NULL, NULL, 1474986789, 0, 1, '曾小琳', NULL, NULL, NULL),
(388, '127.0.0.1', '陈露含', '$2y$08$4Tqmp8yFIUbU2vl3ddX6mO1MFtX0NweiKbBlc1gac0fz5bXJvCzSi', NULL, '', NULL, NULL, NULL, NULL, 1474986789, 0, 1, '陈露含', NULL, NULL, NULL),
(389, '127.0.0.1', '陈洛仟', '$2y$08$gFhj/dlus66jogGmdDO9G.DEtK1cMyi2GrMezVZc0Gddvan6RatCW', NULL, '', NULL, NULL, NULL, NULL, 1474986789, 0, 1, '陈洛仟', NULL, NULL, NULL),
(390, '127.0.0.1', '戴沁怡', '$2y$08$Y3dNm.CIkZKgGLdMnGGWU.MsfitlWwX7yRvHOpElCAQ55v9gGGKTu', NULL, '', NULL, NULL, NULL, NULL, 1474986789, 0, 1, '戴沁怡', NULL, NULL, NULL),
(391, '127.0.0.1', '段羽泽', '$2y$08$Mu2CJaPBBECPP898OPd5dujGm7umcGOO/KCuK/ml2GL4bWWILCGzO', NULL, '', NULL, NULL, NULL, NULL, 1474986789, 0, 1, '段羽泽', NULL, NULL, NULL),
(392, '127.0.0.1', '胡星仪', '$2y$08$beKEe0wZwTisLvTNJZt14.8VNQeHg36SY1PV5.7nl1B2GH9m6QfTK', NULL, '', NULL, NULL, NULL, NULL, 1474986789, 0, 1, '胡星仪', NULL, NULL, NULL),
(393, '127.0.0.1', '李雨轩', '$2y$08$y4F//lIciC2.4.y9ZOyrCOVondm2D3zJz8Xv/.LFtzBml.v0cOy6i', NULL, '', NULL, NULL, NULL, NULL, 1474986789, 0, 1, '李雨轩', NULL, NULL, NULL),
(394, '127.0.0.1', '马钰函', '$2y$08$T1yK9vjSPgqiU7yBmOeknOlQYZ28iIhSQr4Me4VMLvnRQXR2h8Jj.', NULL, '', NULL, NULL, NULL, NULL, 1474986789, 0, 1, '马钰函', NULL, NULL, NULL),
(395, '127.0.0.1', '全思奇', '$2y$08$k.XTCdIK.SxBoGIBtDGYqeSrmFLJMVEFq21Px1RyPYos6ECGdrFOO', NULL, '', NULL, NULL, NULL, NULL, 1474986789, 0, 1, '全思奇', NULL, NULL, NULL),
(396, '127.0.0.1', '苏娜娜', '$2y$08$3rrpR2JCiaCNcsjb22iVXOu4coKonxAMGQ3WthrRlbcCWSTvoIQ52', NULL, '', NULL, NULL, NULL, NULL, 1474986789, 0, 1, '苏娜娜', NULL, NULL, NULL),
(397, '127.0.0.1', '汪小雅', '$2y$08$307Y5O8gOp5FerYlTvfzy.vzs.u/n8uupV3KLCiRXyJIchBNqoeC6', NULL, '', NULL, NULL, NULL, NULL, 1474986789, 0, 1, '汪小雅', NULL, NULL, NULL),
(398, '127.0.0.1', '王钰雯', '$2y$08$aXDFuBvSHeNDP2b1LhTVvON5335tmes5VjNoRpPzbKeAYacymPCb6', NULL, '', NULL, NULL, NULL, NULL, 1474986789, 0, 1, '王钰雯', NULL, NULL, NULL),
(399, '127.0.0.1', '阳添娥', '$2y$08$qGoc5.xDKFuoQTKA7b47w.rltD.CpgtEhf/LmqLpleZvmJ/RTO4T.', NULL, '', NULL, NULL, NULL, NULL, 1474986789, 0, 1, '阳添娥', NULL, NULL, NULL),
(400, '127.0.0.1', '杨睿轩', '$2y$08$nplXmV6ojLmhEHw5CkC9RuemHqk/ZBOvXz8x/0UboOlVgU/MorVri', NULL, '', NULL, NULL, NULL, NULL, 1474986789, 0, 1, '杨睿轩', NULL, NULL, NULL),
(401, '127.0.0.1', '杨羽仪', '$2y$08$8x7trpWehFXXv8zNCnJz8OqxCkjKX7mBiL67ngTpqshFzuAVRqqH.', NULL, '', NULL, NULL, NULL, NULL, 1474986789, 0, 1, '杨羽仪', NULL, NULL, NULL),
(402, '127.0.0.1', '易昕宇', '$2y$08$ElM5.k.Oer.2iAfHepPeweY425ZzFoZ1DDfSu3l.PHdF4ylt.Yd4y', NULL, '', NULL, NULL, NULL, NULL, 1474986789, 0, 1, '易昕宇', NULL, NULL, NULL),
(403, '127.0.0.1', '郑思妮', '$2y$08$I2Itp6CPiM17gBDvWi/UfuuB1.rh8BTkVv8EDoKZKSGN5XA8NmRw6', NULL, '', NULL, NULL, NULL, NULL, 1474986789, 0, 1, '郑思妮', NULL, NULL, NULL),
(404, '127.0.0.1', '陈思源', '$2y$08$Hg3AeGBrhqM3QgbdrGdFSuO342qGfs1X8cwj7DgdC7EQfrWo0H6fy', NULL, '', NULL, NULL, NULL, NULL, 1474986789, 0, 1, '陈思源', NULL, NULL, NULL),
(405, '127.0.0.1', '陈俣林', '$2y$08$0ZMZCpDfPGuzc7dROnrtIul94kLo33W3KR.rguzbqXeM6P7Ep9t9O', NULL, '', NULL, NULL, NULL, NULL, 1474986789, 0, 1, '陈俣林', NULL, NULL, NULL),
(406, '127.0.0.1', '郭源', '$2y$08$prU4OX4dQTVQz9OIMlw/xuN30pF1K9EsIi3OUDw13IODwr2DFFefi', NULL, '', NULL, NULL, NULL, NULL, 1474986789, 0, 1, '郭源', NULL, NULL, NULL),
(407, '127.0.0.1', '霍鸿超', '$2y$08$uGFiDKhnOX4CAmgL.Y.vquoylbClWye56vsUzhE28nms3fB0k/gLK', NULL, '', NULL, NULL, NULL, NULL, 1474986789, 0, 1, '霍鸿超', NULL, NULL, NULL),
(408, '127.0.0.1', '李思谦', '$2y$08$AggzKvumlQPRE5i8Sw08guxv149CTKc6XaC5K.Cg1mz.qB7N6xmDO', NULL, '', NULL, NULL, NULL, NULL, 1474986789, 0, 1, '李思谦', NULL, NULL, NULL),
(409, '127.0.0.1', '刘志航', '$2y$08$i3mbZnHiyVdPvpURERYN3OYSDslx/0F9DwwzC7nsu5NhUIG8szfp2', NULL, '', NULL, NULL, NULL, NULL, 1474986790, 0, 1, '刘志航', NULL, NULL, NULL),
(410, '127.0.0.1', '王嘉懿', '$2y$08$iGF7FqP11g1OePApFY.7QOFkjx9y4vjUQ8hzl..6RzhBuJvII6ufu', NULL, '', NULL, NULL, NULL, NULL, 1474986790, 0, 1, '王嘉懿', NULL, NULL, NULL),
(411, '127.0.0.1', '王子恺', '$2y$08$cOLuw1x0dC9rDfze5DXtbuMekEY70fPUORaUehSmVaJfSiqtV1L8u', NULL, '', NULL, NULL, NULL, NULL, 1474986790, 0, 1, '王子恺', NULL, NULL, NULL),
(412, '127.0.0.1', '夏浩诚', '$2y$08$zRqmRlbh7p/ETKY.su1T9esNOU9jgqIh7boS9vSqp5BuS0/lnV3tu', NULL, '', NULL, NULL, NULL, NULL, 1474986790, 0, 1, '夏浩诚', NULL, NULL, NULL),
(413, '127.0.0.1', '许文浩', '$2y$08$wU6fpbxWOiroI9T7Utq74ebjKgvAf18CYqUlNGMh2AQ06fpbktJsW', NULL, '', NULL, NULL, NULL, NULL, 1474986790, 0, 1, '许文浩', NULL, NULL, NULL),
(414, '127.0.0.1', '杨天翼', '$2y$08$SSAWDVQtFAgBluggqDh2Te/vCFLBfvV2PPsEplwzBqTPCo64Ndl4e', NULL, '', NULL, NULL, NULL, NULL, 1474986790, 0, 1, '杨天翼', NULL, NULL, NULL),
(415, '127.0.0.1', '张广燏', '$2y$08$Dq78vtNqSMooIJ6UOHPh6uykQnNQ2NBdSfvqok1ywBV9873ue4VLi', NULL, '', NULL, NULL, NULL, NULL, 1474986790, 0, 1, '张广燏', NULL, NULL, NULL),
(416, '127.0.0.1', '张勤睿', '$2y$08$J6eQ13NTGkXwiT13Jw96iOhywHDl/8/hmomdDe5/iEGCZxL2QllCO', NULL, '', NULL, NULL, NULL, NULL, 1474986790, 0, 1, '张勤睿', NULL, NULL, NULL),
(417, '127.0.0.1', '郑杰', '$2y$08$Y9ZmnHgB/UC7KqSCj.PzZ.8GokeHnE/NjfZHrmDjZqYSo5t7vyvZi', NULL, '', NULL, NULL, NULL, NULL, 1474986790, 0, 1, '郑杰', NULL, NULL, NULL),
(418, '127.0.0.1', '周锦诚', '$2y$08$EeHukgZTospFytY79uPqtukgLeZ6v.UIw6ilaSbbZp229ETlGMgLW', NULL, '', NULL, NULL, NULL, NULL, 1474986790, 0, 1, '周锦诚', NULL, NULL, NULL),
(419, '127.0.0.1', '陈柏荣', '$2y$08$ML8u4NSPLalS17P4/2phNu1gI49DMXUgU2jY7hQAG1BKMDW4NB5Di', NULL, '', NULL, NULL, NULL, NULL, 1474986790, 0, 1, '陈柏荣', NULL, NULL, NULL),
(420, '127.0.0.1', '田楷麟', '$2y$08$U1nKiFbNCUqtVmI3MD.sve04FW4w/MpfniduDjoElh8T0NJffCss2', NULL, '', NULL, NULL, NULL, NULL, 1474986790, 0, 1, '田楷麟', NULL, NULL, NULL),
(421, '127.0.0.1', '罗少坚', '$2y$08$x5oMHkhcGtME6nvXvY0FRO2sKB830jPrHQl7r/dcmEOf9jOVw9dEm', NULL, '', NULL, NULL, NULL, NULL, 1474986790, 0, 1, '罗少坚', NULL, NULL, NULL),
(422, '127.0.0.1', '苏鑫浩', '$2y$08$ge6MBzdQFxNHtbBN8cx6R.1zZ1K/py7g5P.rfuON.kxTsN05S6IPy', NULL, '', NULL, NULL, NULL, NULL, 1474986790, 0, 1, '苏鑫浩', NULL, NULL, NULL),
(423, '127.0.0.1', '唐正鹏', '$2y$08$hjjHFSf7pYOr.egre/NJ1uSnnjztf/OxwvX4PpWVH4x3/WHcpux.u', NULL, '', NULL, NULL, NULL, NULL, 1474986790, 0, 1, '唐正鹏', NULL, NULL, NULL),
(424, '127.0.0.1', '罗瀚中', '$2y$08$A8zuyAyWzZDRIpSaPIgsPum3lNXG7FbpoF3Rif801KcpquQrSYrVG', NULL, '', NULL, NULL, NULL, NULL, 1474986790, 0, 1, '罗瀚中', NULL, NULL, NULL),
(425, '127.0.0.1', '王永鑫', '$2y$08$tGswp63IiNu7lIBSpTAZbukLBE1slN3VYcDtBGxJBKup8ClhTyVpC', NULL, '', NULL, NULL, NULL, NULL, 1474986790, 0, 1, '王永鑫', NULL, NULL, NULL),
(426, '127.0.0.1', '郭汝程', '$2y$08$03.OjyBRzzOF3f4qRi7Xe.yHQWFGxAPhdTf0/rZ2B4pxNdU95Ullm', NULL, '', NULL, NULL, NULL, NULL, 1474986790, 0, 1, '郭汝程', NULL, NULL, NULL),
(427, '127.0.0.1', '谭元昊', '$2y$08$JINTHrrvBCj/4OA4NrBhdO.HinHt2Dw0OKLGr/SULQOxosgtVGx4i', NULL, '', NULL, NULL, NULL, NULL, 1474986790, 0, 1, '谭元昊', NULL, NULL, NULL),
(428, '127.0.0.1', '马杰', '$2y$08$3rWFz7hrSFvvcTrbEI6FleEgDDtF930xtLBtBmMsUwfMseyot81S2', NULL, '', NULL, NULL, NULL, NULL, 1474986790, 0, 1, '马杰', NULL, NULL, NULL),
(429, '127.0.0.1', '贺晨曦', '$2y$08$or8uzq3olziOP86idpN3D.2wPmI2YgGKl2e9t7Gd1u3m9Xav.mY2u', NULL, '', NULL, NULL, NULL, NULL, 1474986790, 0, 1, '贺晨曦', NULL, NULL, NULL),
(430, '127.0.0.1', '黄美淇', '$2y$08$kVu7x//sn.yHMtuoULhG2u5wpl7lqDDbcCqPU6sj6kiKj0CTQaNIq', NULL, '', NULL, NULL, NULL, NULL, 1474986790, 0, 1, '黄美淇', NULL, NULL, NULL),
(431, '127.0.0.1', '陈恩希', '$2y$08$mU9it3GUaaaUPl7xoNjvweGL/ze9xk4J0CAug0HsWXSVRZS//atFy', NULL, '', NULL, NULL, NULL, NULL, 1474986790, 0, 1, '陈恩希', NULL, NULL, NULL),
(432, '127.0.0.1', '陈柳璇', '$2y$08$KcoV/..2oyxAYWBpzGwUbunqOaMTOtzUUjFZbYYXGZYe0O7ZqwQrS', NULL, '', NULL, NULL, NULL, NULL, 1474986790, 0, 1, '陈柳璇', NULL, NULL, NULL),
(433, '127.0.0.1', '丁若雯', '$2y$08$Tfv0.RZVh05AWWx1HOATs.9RCDcDl6OVTnzvymvp4jVCYKHJRhUFi', NULL, '', NULL, NULL, NULL, NULL, 1474986790, 0, 1, '丁若雯', NULL, NULL, NULL),
(434, '127.0.0.1', '段中亮', '$2y$08$nvjomU6PscAol3Y/zLzaMugxKIJ59gzzukQOC/eMZFwKojYyUcGQW', NULL, '', NULL, NULL, NULL, NULL, 1474986791, 0, 1, '段中亮', NULL, NULL, NULL),
(435, '127.0.0.1', '顾君雅', '$2y$08$IV3Q.PKzPZX8tolQNzZzLegAPKNWAt9xDmLel2kjI0ySOta3CFdru', NULL, '', NULL, NULL, NULL, NULL, 1474986791, 0, 1, '顾君雅', NULL, NULL, NULL),
(436, '127.0.0.1', '何冰菁', '$2y$08$bq7gHM4HKVQcMnZx3.wW3eRk6Zq5HgZYyXQ.Z1w7op4PcxWBeBdLS', NULL, '', NULL, NULL, NULL, NULL, 1474986791, 0, 1, '何冰菁', NULL, NULL, NULL),
(437, '127.0.0.1', '何璐', '$2y$08$SvaFNBcgdPcSLHuJGcJrZeXUhaPD6CjXNuityNMSPLFT1C1xhdEY.', NULL, '', NULL, NULL, NULL, NULL, 1474986791, 0, 1, '何璐', NULL, NULL, NULL),
(438, '127.0.0.1', '何善碑', '$2y$08$OxY5JG9UCXqha5OebJKnw.oQD10JQBnx62.i13wtHqpvDer58FvSK', NULL, '', NULL, NULL, NULL, NULL, 1474986791, 0, 1, '何善碑', NULL, NULL, NULL),
(439, '127.0.0.1', '胡喆涵', '$2y$08$F90B1vlO3fm/mJ/0CKBNaOU4LBEyNWb0GT204zdClzxbTA35MOkHK', NULL, '', NULL, NULL, NULL, NULL, 1474986791, 0, 1, '胡喆涵', NULL, NULL, NULL),
(440, '127.0.0.1', '黄心婷', '$2y$08$dNj7u8SHVEN6oE7Z2NPghOFquL7e1LHwUGncHGMCIY0EEAzC14pe6', NULL, '', NULL, NULL, NULL, NULL, 1474986791, 0, 1, '黄心婷', NULL, NULL, NULL),
(441, '127.0.0.1', '李冠璇', '$2y$08$VwZg9HozG1vFka9M6eJv.e1i/K78ZGBYA.GWrVKf2J5ysvlyc.HmW', NULL, '', NULL, NULL, NULL, NULL, 1474986791, 0, 1, '李冠璇', NULL, NULL, NULL),
(442, '127.0.0.1', '李嘉慧', '$2y$08$JpMTTqIT3beWziRY1zlDeumCUxoVcJu2oypzSULbAuLfd.Fr/xbxW', NULL, '', NULL, NULL, NULL, NULL, 1474986791, 0, 1, '李嘉慧', NULL, NULL, NULL),
(443, '127.0.0.1', '李青', '$2y$08$WoRzLcb.PjmlngSUQvt8h.ZvxeR/OiE2tVvuBzcBUUUnY9.CRG6i.', NULL, '', NULL, NULL, NULL, NULL, 1474986791, 0, 1, '李青', NULL, NULL, NULL),
(444, '127.0.0.1', '李颖熙', '$2y$08$NyG7nTT8xOJZb4Y13d1OTupPlMMODcXOv22U0krN36v8fuZwSreuK', NULL, '', NULL, NULL, NULL, NULL, 1474986791, 0, 1, '李颖熙', NULL, NULL, NULL),
(445, '127.0.0.1', '李周轩', '$2y$08$u5C2EuBx5ik9PydIYCuhceCN4t5HaWcHL0bnwzPHuoS.z3m1XmgbS', NULL, '', NULL, NULL, NULL, NULL, 1474986791, 0, 1, '李周轩', NULL, NULL, NULL),
(446, '127.0.0.1', '林朝阳', '$2y$08$4o12o/i.bjoyjvIqZ82Rxe9ULPyOa3TU35pBoGKX708HukAdW/9oa', NULL, '', NULL, NULL, NULL, NULL, 1474986791, 0, 1, '林朝阳', NULL, NULL, NULL),
(447, '127.0.0.1', '刘晟翔', '$2y$08$7AsYa12Ba04MBMnfdjnNf.jbHUzd4qhyBC6AQeC6FWqPVtxo1gZ4m', NULL, '', NULL, NULL, NULL, NULL, 1474986791, 0, 1, '刘晟翔', NULL, NULL, NULL),
(448, '127.0.0.1', '刘祖欣', '$2y$08$4N9a.iu5Nka2gzp6VVJkBuqrn9wIoHYwmdXhliubqOIMtWYoV52Bq', NULL, '', NULL, NULL, NULL, NULL, 1474986791, 0, 1, '刘祖欣', NULL, NULL, NULL),
(449, '127.0.0.1', '龙家豪', '$2y$08$oIDe48f0bfbQwQaGFLDbhujFmhamyX3u95aqM3mYja3U2cngUbSP6', NULL, '', NULL, NULL, NULL, NULL, 1474986791, 0, 1, '龙家豪', NULL, NULL, NULL),
(450, '127.0.0.1', '卢嘉依', '$2y$08$x6SSAGiOZINh587U/GELJ..mW1Tze5AyoS0ctBtT0tqwDKPV5VN0W', NULL, '', NULL, NULL, NULL, NULL, 1474986791, 0, 1, '卢嘉依', NULL, NULL, NULL),
(451, '127.0.0.1', '鲁泓哲', '$2y$08$nXmtKcJfQ2fGSSQjNbdO7.oBkVnBI7NWl0J3VVxb.wSe1IfqB.oaa', NULL, '', NULL, NULL, NULL, NULL, 1474986791, 0, 1, '鲁泓哲', NULL, NULL, NULL),
(452, '127.0.0.1', '罗文妍', '$2y$08$/Ttydv./5VnNU9g6AOr57exfjl1YcfMP5p3.toUj1vqmKE3kv3p.W', NULL, '', NULL, NULL, NULL, NULL, 1474986791, 0, 1, '罗文妍', NULL, NULL, NULL),
(453, '127.0.0.1', '罗一洲', '$2y$08$/u70Ltr76GC.QJpxXBvbKueN681O0uLM9SfcijpzFIFsYCZ.Wthx6', NULL, '', NULL, NULL, NULL, NULL, 1474986791, 0, 1, '罗一洲', NULL, NULL, NULL),
(454, '127.0.0.1', '皮家昊', '$2y$08$XZWx0HbyNoIjiGGJB.rDh.XGBZhTt7cGaKeWuyUcH33jDs.0enNgq', NULL, '', NULL, NULL, NULL, NULL, 1474986791, 0, 1, '皮家昊', NULL, NULL, NULL),
(455, '127.0.0.1', '苏逸梵', '$2y$08$wiqdnVElcexcw5TLu/FoGOKQKQTX2O.S12y.IyUDiJczZW7yjkweC', NULL, '', NULL, NULL, NULL, NULL, 1474986791, 0, 1, '苏逸梵', NULL, NULL, NULL),
(456, '127.0.0.1', '汤镕锴', '$2y$08$0ALf29durs.0haXm101vJ.pF0B.Olo8fHfVUNx5TpEiU9mf1bvbnO', NULL, '', NULL, NULL, NULL, NULL, 1474986791, 0, 1, '汤镕锴', NULL, NULL, NULL),
(457, '127.0.0.1', '唐佩容', '$2y$08$6snoJwADQCZ8eHKuMnW98OLYNGAe7y/nUKLJKxneIi1dz.DhcuZEm', NULL, '', NULL, NULL, NULL, NULL, 1474986791, 0, 1, '唐佩容', NULL, NULL, NULL),
(458, '127.0.0.1', '王淳一', '$2y$08$oneje7oCjfNkCNDcBkDT.uLPWXVw1AnGkYKPkiDTZJEE3pa6M2t7m', NULL, '', NULL, NULL, NULL, NULL, 1474986791, 0, 1, '王淳一', NULL, NULL, NULL),
(459, '127.0.0.1', '王珂怡', '$2y$08$qWYdPo2.AF/8t2jeIM7paOLTQ..MT1d5TB9gLCT2snDpI8.36nQa2', NULL, '', NULL, NULL, NULL, NULL, 1474986791, 0, 1, '王珂怡', NULL, NULL, NULL),
(460, '127.0.0.1', '王子郡', '$2y$08$oKN1tjSHRuUFYqeI0eKqB.ADQ.NYoc22ZsBwKedKXfb67lhQLoq7y', NULL, '', NULL, NULL, NULL, NULL, 1474986791, 0, 1, '王子郡', NULL, NULL, NULL),
(461, '127.0.0.1', '伍麒铭', '$2y$08$inuh6YXTCYU5UQC/T/aSfOaZZAL096uBn2/IFm.8ngYPknCBIvFCG', NULL, '', NULL, NULL, NULL, NULL, 1474986792, 0, 1, '伍麒铭', NULL, NULL, NULL),
(462, '127.0.0.1', '夏嘉欣', '$2y$08$vFT4WAhO3ovARVobZLdiCuEh1fMlobEwqsxBq0tjAWvdMv7KZgH6m', NULL, '', NULL, NULL, NULL, NULL, 1474986792, 0, 1, '夏嘉欣', NULL, NULL, NULL),
(463, '127.0.0.1', '谢蕊伊', '$2y$08$/.XZQdGV5vXapdZ/Xo7PM.z0XRt5kNjdiHydMqD2Lv5XSxpK5Qr.2', NULL, '', NULL, NULL, NULL, NULL, 1474986792, 0, 1, '谢蕊伊', NULL, NULL, NULL),
(464, '127.0.0.1', '谢主恩', '$2y$08$h1DiDLKTK.LjNNiHKc44c.6EXg8ejdZJOQ5txLEA05vOki8rXVjiK', NULL, '', NULL, NULL, NULL, NULL, 1474986792, 0, 1, '谢主恩', NULL, NULL, NULL),
(465, '127.0.0.1', '许欣仪', '$2y$08$88AKMDOPyZAS59fayb/FZewfak7ez17KWk5fgD4ogr3E.s09rFMk2', NULL, '', NULL, NULL, NULL, NULL, 1474986792, 0, 1, '许欣仪', NULL, NULL, NULL),
(466, '127.0.0.1', '袁宫仪', '$2y$08$kn4DdDMfEXqSq8e3PqGctOh9HvjSoyM./aFES13aKYTXYIl7ywY96', NULL, '', NULL, NULL, NULL, NULL, 1474986792, 0, 1, '袁宫仪', NULL, NULL, NULL),
(467, '127.0.0.1', '曾湘宇', '$2y$08$7Y.v68dlD/17GGNV3uRHk.Regntc5Nd.VqsAERmu5E/ONir6KT4IK', NULL, '', NULL, NULL, NULL, NULL, 1474986792, 0, 1, '曾湘宇', NULL, NULL, NULL),
(468, '127.0.0.1', '曾翌洲', '$2y$08$IQVDmPop9NZeQ8WUv7pNKOA2JRoVz.mKoCyp8YjVXQgyaE72Xj50W', NULL, '', NULL, NULL, NULL, NULL, 1474986792, 0, 1, '曾翌洲', NULL, NULL, NULL),
(469, '127.0.0.1', '张铭轩', '$2y$08$uybptQFgwQDZ.sNp7d6X4uNXaAziNrguBUayZZA9ZfK3haXNbJYo6', NULL, '', NULL, NULL, NULL, NULL, 1474986792, 0, 1, '张铭轩', NULL, NULL, NULL),
(470, '127.0.0.1', '张哲伟', '$2y$08$Cw3GuNbQmcE486QpPJMZceB3.DSdOInBK51p8JwVxA5JcuH2WCsVG', NULL, '', NULL, NULL, NULL, NULL, 1474986792, 0, 1, '张哲伟', NULL, NULL, NULL),
(471, '127.0.0.1', '朱浩', '$2y$08$8zyDlGR2pbLrxZb8zHUZlOylpbFYOloLgStggQdhc.SzrYJJ/NDva', NULL, '', NULL, NULL, NULL, NULL, 1474986792, 0, 1, '朱浩', NULL, NULL, NULL),
(472, '127.0.0.1', '朱文欣', '$2y$08$dI4Tp0hfBo/plOEMHiL.D.9uBUUJIpPk1HdWYRh./D8WazfH3Vu76', NULL, '', NULL, NULL, NULL, NULL, 1474986792, 0, 1, '朱文欣', NULL, NULL, NULL),
(473, '127.0.0.1', '邹韬越', '$2y$08$UpLLwrSlQdfR3j0jlSuUlOjXKrZJPWEbMKW56ComeoZIrU/nfko/2', NULL, '', NULL, NULL, NULL, NULL, 1474986792, 0, 1, '邹韬越', NULL, NULL, NULL),
(474, '127.0.0.1', '邹昕怡', '$2y$08$8CLJ1xgK7Mv3s9cBjh7I3OQvqy6kRmiSpeJRilA8FPBVPyKsA3KOG', NULL, '', NULL, NULL, NULL, NULL, 1474986792, 0, 1, '邹昕怡', NULL, NULL, NULL),
(475, '127.0.0.1', '罗逸涵', '$2y$08$EwQZl2ZbtmtO76aIlznvvO57IMWfOIau6eyZ4PuHK.yydrFQrv2ty', NULL, '', NULL, NULL, NULL, NULL, 1474986792, 0, 1, '罗逸涵', NULL, NULL, NULL),
(476, '127.0.0.1', '邓宸铭', '$2y$08$4smCXTNUOD5vIL17TSYVNuP9OHyeKEomlbdKyNHbI7QDofOA9a6wK', NULL, '', NULL, NULL, NULL, NULL, 1474986792, 0, 1, '邓宸铭', NULL, NULL, NULL),
(477, '127.0.0.1', '张泓翔', '$2y$08$sPp8s2TyBEZ7pd961uornelfiWjSEx9XlOviz/biziES82KhVM7W2', NULL, '', NULL, NULL, NULL, NULL, 1474986792, 0, 1, '张泓翔', NULL, NULL, NULL),
(478, '127.0.0.1', '文芳', '$2y$08$85vnqw/SAToDlRqmwEA9peHUDjH9PZvMdRDRnjATKQNn2Zy0n1D36', NULL, '', NULL, NULL, NULL, NULL, 1474986792, 0, 1, '文芳', NULL, NULL, NULL),
(479, '127.0.0.1', '刘乃文', '$2y$08$LJfB6ddceadjHW2vdLEgw.9fTpzZ/LcmMXwKCoqz7uta2z8/alCJu', NULL, '', NULL, NULL, NULL, NULL, 1474986792, 0, 1, '刘乃文', NULL, NULL, NULL),
(480, '127.0.0.1', '谭哲涛', '$2y$08$HfixJ0xa9VcKq6402YvyKuTMBSl1RP38jG.hZH71Te9uCtSvUAAGm', NULL, '', NULL, NULL, NULL, NULL, 1474986792, 0, 1, '谭哲涛', NULL, NULL, NULL),
(481, '127.0.0.1', '曾宇菲', '$2y$08$9kM7zMZuiml9ea5QdAqLzOWz1zyxKeqaOxnNl/.w53GVH5RAflrDa', NULL, '', NULL, NULL, NULL, NULL, 1474986792, 0, 1, '曾宇菲', NULL, NULL, NULL),
(482, '127.0.0.1', '张涛', '$2y$08$yY.Jrus8ANOkShtp5UTq/OSU64.mYe2xe/5Wu4YF6Q3fwO0u/eitK', NULL, '', NULL, NULL, NULL, NULL, 1474986792, 0, 1, '张涛', NULL, NULL, NULL),
(483, '127.0.0.1', '邓澔宇', '$2y$08$Dmo0x/rPHHDcqItZeipTIunfA1vL3WyCELJ6WA9FG9I6xMJFxIsKe', NULL, '', NULL, NULL, NULL, NULL, 1474986792, 0, 1, '邓澔宇', NULL, NULL, NULL),
(484, '127.0.0.1', '丁泽涛', '$2y$08$XWzWxx5F2dzuuAQbFUhHbuZyJj2xjDhq8hHCnFIBd9/J/cmeY1UFO', NULL, '', NULL, NULL, NULL, NULL, 1474986792, 0, 1, '丁泽涛', NULL, NULL, NULL),
(485, '127.0.0.1', '贺高远', '$2y$08$3snDGv/45Te1gDQNjTWHNefj2JCeFyVWPWxMtpI0cjbLXPzbAc3nS', NULL, '', NULL, NULL, NULL, NULL, 1474986792, 0, 1, '贺高远', NULL, NULL, NULL),
(486, '127.0.0.1', '贺奕航', '$2y$08$JPFXH5J4AdnMI2/a9jtnye4L6TqlL6IvLXGUFSAxJLs1TtZWEBniW', NULL, '', NULL, NULL, NULL, NULL, 1474986792, 0, 1, '贺奕航', NULL, NULL, NULL),
(487, '127.0.0.1', '胡祺', '$2y$08$yRod.Au3kfxgBplGKLRa2.r1ykcjmCkbNcDO53qasF6jQT5.YaZHK', NULL, '', NULL, NULL, NULL, NULL, 1474986792, 0, 1, '胡祺', NULL, NULL, NULL),
(488, '127.0.0.1', '黄薇洁', '$2y$08$bstGTX4FEoY4VGCLxTnPHudWfCfM9ShD5IWSrycDcnjy7RsPV/MJe', NULL, '', NULL, NULL, NULL, NULL, 1474986792, 0, 1, '黄薇洁', NULL, NULL, NULL),
(489, '127.0.0.1', '蒋嘉和', '$2y$08$6UJu0POAX0.FtbVJETDPxeJRVcMFRExX2RjTWVZdbsmV7Q8QiOm0e', NULL, '', NULL, NULL, NULL, NULL, 1474986793, 0, 1, '蒋嘉和', NULL, NULL, NULL),
(490, '127.0.0.1', '李海志', '$2y$08$eU6uyAMcFFoQYfAeiS5eF.GHskulL7oDjYdqQ2CLzLfATi150j73G', NULL, '', NULL, NULL, NULL, NULL, 1474986793, 0, 1, '李海志', NULL, NULL, NULL),
(491, '127.0.0.1', '李佳欣', '$2y$08$PUGGgbQbacUcoJOlV883d.4Tv1.mU1yQjojNMmnIPW5JXmXuPJAYG', NULL, '', NULL, NULL, NULL, NULL, 1474986793, 0, 1, '李佳欣', NULL, NULL, NULL),
(492, '127.0.0.1', '刘桦雨', '$2y$08$/0yNrYpGI19iDdE8lkO4F.fpjele8i.0Jh/u0TL2UIj7mQ2FgY7/O', NULL, '', NULL, NULL, NULL, NULL, 1474986793, 0, 1, '刘桦雨', NULL, NULL, NULL),
(493, '127.0.0.1', '刘锦坤', '$2y$08$DJ/algwgpY0VJwidy0yai.nwpKr/SZmTkVXikSnRyrEP13LV/jQTu', NULL, '', NULL, NULL, NULL, NULL, 1474986793, 0, 1, '刘锦坤', NULL, NULL, NULL),
(494, '127.0.0.1', '刘柳宋', '$2y$08$57ERFzgeksToky11bgNQ7ed0u9GZTkWZt/xBXWJo2pYJL3LMt4VW2', NULL, '', NULL, NULL, NULL, NULL, 1474986793, 0, 1, '刘柳宋', NULL, NULL, NULL),
(495, '127.0.0.1', '刘米妮', '$2y$08$aL3ckX/xT02SGeW7FF5ZTeLOSvgUg54.VoLf6F0ZIyZkUJcjOf/8m', NULL, '', NULL, NULL, NULL, NULL, 1474986793, 0, 1, '刘米妮', NULL, NULL, NULL),
(496, '127.0.0.1', '龙佰涛', '$2y$08$9CNcmmEio0fqcFhtUsPxnOa7ayivqgXoibyUefV4HFHALE0ueBW7q', NULL, '', NULL, NULL, NULL, NULL, 1474986793, 0, 1, '龙佰涛', NULL, NULL, NULL),
(497, '127.0.0.1', '娄思佳', '$2y$08$MpjNQwxhPRAhVQuaGkEHUu0mZOKULTTt/P3aOxUmw3iMJ0i6auo9e', NULL, '', NULL, NULL, NULL, NULL, 1474986793, 0, 1, '娄思佳', NULL, NULL, NULL),
(498, '127.0.0.1', '卢陈安安', '$2y$08$qbdYT388NBFqxCAOUcahCuUsRquLpI6WR5bmvcmkfI..1EryCT99.', NULL, '', NULL, NULL, NULL, NULL, 1474986793, 0, 1, '卢陈安安', NULL, NULL, NULL),
(499, '127.0.0.1', '鲁家玉', '$2y$08$cS1S8hcWdCkcbA2X6bJDJ.chUELUqymr4OwIM.okDk4sijv/t4t5S', NULL, '', NULL, NULL, NULL, NULL, 1474986793, 0, 1, '鲁家玉', NULL, NULL, NULL),
(500, '127.0.0.1', '罗浚武', '$2y$08$RQsM0bfO/30byEDewl0B/.yLkaxpZCJrIWutcmmv1RE86feWz009K', NULL, '', NULL, NULL, NULL, NULL, 1474986793, 0, 1, '罗浚武', NULL, NULL, NULL),
(501, '127.0.0.1', '马世谦', '$2y$08$tyXlzXB262CUq8dWepqp.upeFDe4gL3.IVRFRCx4u4EJ0PH3143d.', NULL, '', NULL, NULL, NULL, NULL, 1474986793, 0, 1, '马世谦', NULL, NULL, NULL),
(502, '127.0.0.1', '欧阳蔓妮', '$2y$08$l13THNCrLp.kESn.OeLKEuiuvulQCQH8kt019jaTPQiEeR3XieiJa', NULL, '', NULL, NULL, NULL, NULL, 1474986793, 0, 1, '欧阳蔓妮', NULL, NULL, NULL),
(503, '127.0.0.1', '潘嘉诚', '$2y$08$qYaacG8TPBEUEmnUf5g3W.RsLx8WuxkUvEHmwTi0sJt1ipqSamPY2', NULL, '', NULL, NULL, NULL, NULL, 1474986793, 0, 1, '潘嘉诚', NULL, NULL, NULL),
(504, '127.0.0.1', '潘柯颖', '$2y$08$vscuLryb64YOdrClEdv0UOHEAG3uTopAl5Cf/qh.3D9VBONdq/KKG', NULL, '', NULL, NULL, NULL, NULL, 1474986793, 0, 1, '潘柯颖', NULL, NULL, NULL),
(505, '127.0.0.1', '孙思玥', '$2y$08$PjQhVsoEy7n9s2xiYDF/uu0rOq1XWfDzNCOkDJ0GYDTc78o8qVPBe', NULL, '', NULL, NULL, NULL, NULL, 1474986793, 0, 1, '孙思玥', NULL, NULL, NULL),
(506, '127.0.0.1', '谭文韦', '$2y$08$lWcRkfRRVtDt4BFXR8yonONlUqn3hxxqtDCiW2OHgaEXVtKwiVpJC', NULL, '', NULL, NULL, NULL, NULL, 1474986793, 0, 1, '谭文韦', NULL, NULL, NULL),
(507, '127.0.0.1', '田熠雷', '$2y$08$uNpOFgZEWShceU3ItE.ykubJBnGOwFc2bJAx6VZdFnF76HMg3pSde', NULL, '', NULL, NULL, NULL, NULL, 1474986793, 0, 1, '田熠雷', NULL, NULL, NULL),
(508, '127.0.0.1', '童皞宇', '$2y$08$xQpjGfNMOGP7HaN6.kA9..sFjpvzeyRq.oSDnwvJclJpomS5.Sm3u', NULL, '', NULL, NULL, NULL, NULL, 1474986793, 0, 1, '童皞宇', NULL, NULL, NULL),
(509, '127.0.0.1', '王宝婵', '$2y$08$kRafI8yAWwo0YfTURsVvUOJvqP/F2Td4ZaQwpO/r6bvc/Qa.Ky.6i', NULL, '', NULL, NULL, NULL, NULL, 1474986793, 0, 1, '王宝婵', NULL, NULL, NULL),
(510, '127.0.0.1', '王藕颖', '$2y$08$HselKCkwalzNb.4nb.dPRuEQT1Bj31LxKbSPx6BedgjQTrL5v/OxW', NULL, '', NULL, NULL, NULL, NULL, 1474986793, 0, 1, '王藕颖', NULL, NULL, NULL),
(511, '127.0.0.1', '徐哲凯', '$2y$08$rrGLikGUuZYuh7LTlDcj1OlYewE2wzEApgJjf2e8254xIzB8OICSm', NULL, '', NULL, NULL, NULL, NULL, 1474986793, 0, 1, '徐哲凯', NULL, NULL, NULL),
(512, '127.0.0.1', '晏博轩', '$2y$08$sX5vrBcAfnXNGb2zr38R6u7yG4few1nCO1lRAzMvuRn.4KJv4s/4u', NULL, '', NULL, NULL, NULL, NULL, 1474986793, 0, 1, '晏博轩', NULL, NULL, NULL),
(513, '127.0.0.1', '杨泽宇', '$2y$08$e/FPl6h3UXAyfxf72S36M.W90lMG5SFqMYGVyyP3firXF08G6OMZi', NULL, '', NULL, NULL, NULL, NULL, 1474986793, 0, 1, '杨泽宇', NULL, NULL, NULL),
(514, '127.0.0.1', '尤利天', '$2y$08$f6PpHUOAC1iT0.tAYE0Nz.VnDR6HEAhycxXQXejb.Fh7VbxDmxPIO', NULL, '', NULL, NULL, NULL, NULL, 1474986793, 0, 1, '尤利天', NULL, NULL, NULL),
(515, '127.0.0.1', '曾泓淋', '$2y$08$Qknw9a3Ga39HgA2tD1bGQ.iHZ9gRE8TvQnifwUrr.ndGfgL8EX5XG', NULL, '', NULL, NULL, NULL, NULL, 1474986793, 0, 1, '曾泓淋', NULL, NULL, NULL),
(516, '127.0.0.1', '张郭鑫', '$2y$08$ysNhAHj/3AeqZPZtegz8VOCLjjJBZolnBstV46VVnGpqceF1zy5U6', NULL, '', NULL, NULL, NULL, NULL, 1474986794, 0, 1, '张郭鑫', NULL, NULL, NULL),
(517, '127.0.0.1', '张景皓', '$2y$08$EBS73S057eSDlFfftaRJ/esE5FWFMaEFGgbPN/ic1PHTIM0a9Tkmi', NULL, '', NULL, NULL, NULL, NULL, 1474986794, 0, 1, '张景皓', NULL, NULL, NULL),
(518, '127.0.0.1', '张裕卿', '$2y$08$TbKOTfQC5i/USq80fzNzuO9Q.q8iq8Nk9YxRC.AJQe792/Gke4xci', NULL, '', NULL, NULL, NULL, NULL, 1474986794, 0, 1, '张裕卿', NULL, NULL, NULL),
(519, '127.0.0.1', '张卓逊', '$2y$08$.bDa1zHUHuYWkcG5ThXM5uwT5NxZ./YOXSjNJRW6Zww6ibSE0s76S', NULL, '', NULL, NULL, NULL, NULL, 1474986794, 0, 1, '张卓逊', NULL, NULL, NULL),
(520, '127.0.0.1', '谭照宁', '$2y$08$Qu7/ARFuwysdh1jIJVfzQOzVZztalq3HYQIKX6Ciep.zWr0YsXKF6', NULL, '', NULL, NULL, NULL, NULL, 1474986794, 0, 1, '谭照宁', NULL, NULL, NULL),
(521, '127.0.0.1', '周靖童', '$2y$08$RDpMb1Q0ZwTovExCPzAPqeWIFr/MfB/Pb7zW2v6Yr4.ppcRMH2lmS', NULL, '', NULL, NULL, NULL, NULL, 1474986794, 0, 1, '周靖童', NULL, NULL, NULL),
(522, '127.0.0.1', '邹若兮', '$2y$08$Iti4diwh0fVgfVQh/kAwkON5n3QkPEktvXGr.44Ce.kHq80Pf.geC', NULL, '', NULL, NULL, NULL, NULL, 1474986794, 0, 1, '邹若兮', NULL, NULL, NULL),
(523, '127.0.0.1', '邹语敖', '$2y$08$apYyzHbtHeUDOCiDfl.DOO4J/eiXHAOyTueUla//landkOak9.4ba', NULL, '', NULL, NULL, NULL, NULL, 1474986794, 0, 1, '邹语敖', NULL, NULL, NULL),
(524, '127.0.0.1', '胡嘉芊', '$2y$08$48xM02YNaEeImfzMGO3igeO7WYhbZgf6QQMJxZMVHZNbYrAjbsKsy', NULL, '', NULL, NULL, NULL, NULL, 1474986794, 0, 1, '胡嘉芊', NULL, NULL, NULL),
(525, '127.0.0.1', '王梓阁', '$2y$08$XGiMN9U/hd2uZ3Rg8AZGRON2tA4UY4WArkssufSBF9xv7CpIdoBjW', NULL, '', NULL, NULL, NULL, NULL, 1474986794, 0, 1, '王梓阁', NULL, NULL, NULL),
(526, '127.0.0.1', '蔡杨铭', '$2y$08$qNCc9JBFlikVq0tdWDr7NucZIHRRAP5PMO8XL7SHoEC6vFVuq7qmC', NULL, '', NULL, NULL, NULL, NULL, 1474986794, 0, 1, '蔡杨铭', NULL, NULL, NULL),
(527, '127.0.0.1', '李沛航', '$2y$08$lgAE3/ZLMnvxcexIcxEj3OFR38qEjK3drVavyqih/MB8DaGJREB5a', NULL, '', NULL, NULL, NULL, NULL, 1474986794, 0, 1, '李沛航', NULL, NULL, NULL),
(528, '127.0.0.1', '李沐汐', '$2y$08$ibEwlNhDCYSCLDVfXfW.DOVBKxKPmqXrEoFcHQZrTmp0i88AckRjC', NULL, '', NULL, NULL, NULL, NULL, 1474986794, 0, 1, '李沐汐', NULL, NULL, NULL),
(529, '127.0.0.1', '陈雨知', '$2y$08$nlJsfg8fqo9wtznPIKiHfOAnnck62gCxewFsYlt85QlVclSNlR2wO', NULL, '', NULL, NULL, NULL, NULL, 1474986794, 0, 1, '陈雨知', NULL, NULL, NULL),
(530, '127.0.0.1', '李若钰', '$2y$08$nZoNw.EG1XZtQ20sVKgrPup1ejCNlYfJgSVQvyRICnpmcCyFSVZ8q', NULL, '', NULL, NULL, NULL, NULL, 1474986794, 0, 1, '李若钰', NULL, NULL, NULL),
(531, '127.0.0.1', '成政霖', '$2y$08$Z8r8mC9s5Z1N10Cn.7JFUORA1NHSHwasgcZdcuCFZx68DfHja6jQm', NULL, '', NULL, NULL, NULL, NULL, 1474986794, 0, 1, '成政霖', NULL, NULL, NULL),
(532, '127.0.0.1', '陈柏然', '$2y$08$y9peRE3E6MQJZcadpB1ooOf8QregjmYbgolSlrTWdMPkrBwUDaXZG', NULL, '', NULL, NULL, NULL, NULL, 1474986794, 0, 1, '陈柏然', NULL, NULL, NULL),
(533, '127.0.0.1', '崔峻泽', '$2y$08$jH0uzXK5M4Qp0tgonuxL8OS1serp83jwVHJA4jjmFA3xMQwy5a5ju', NULL, '', NULL, NULL, NULL, NULL, 1474986794, 0, 1, '崔峻泽', NULL, NULL, NULL),
(534, '127.0.0.1', '冯意涵', '$2y$08$Ph40dfPMxsw9FEM8kaj0jeI/URmjaRK5A7WsM/E7MB82w7tnvNbvy', NULL, '', NULL, NULL, NULL, NULL, 1474986794, 0, 1, '冯意涵', NULL, NULL, NULL),
(535, '127.0.0.1', '付铭宇', '$2y$08$Eguuqe1G9Yxyh.RqaTFHmOUhQul1RTsVGr3c1lfSLMEaMhWj4iWHa', NULL, '', NULL, NULL, NULL, NULL, 1474986794, 0, 1, '付铭宇', NULL, NULL, NULL),
(536, '127.0.0.1', '高雅萱', '$2y$08$yKzDkDzQN233XkVvRtc7qe6ffqNMCpCgJnZwPSZfdpjdcSsZS4db2', NULL, '', NULL, NULL, NULL, NULL, 1474986794, 0, 1, '高雅萱', NULL, NULL, NULL),
(537, '127.0.0.1', '辜添宇', '$2y$08$lYSlHt91gTz74ivYA929sOXnG87RX9Be9FTYIdcRPa/daJBx4uwIi', NULL, '', NULL, NULL, NULL, NULL, 1474986794, 0, 1, '辜添宇', NULL, NULL, NULL),
(538, '127.0.0.1', '关犁月', '$2y$08$nSpFs6/YmuBgeUOU.s51gudM6xG65Kczx85HxjM7cr3UyBXI.Unfu', NULL, '', NULL, NULL, NULL, NULL, 1474986794, 0, 1, '关犁月', NULL, NULL, NULL),
(539, '127.0.0.1', '胡竣然', '$2y$08$3RKfFPaiySc3Bsx6w4U89.Xip5wilLMFXWaWRlg6ZfvnA2HwfYaCS', NULL, '', NULL, NULL, NULL, NULL, 1474986794, 0, 1, '胡竣然', NULL, NULL, NULL),
(540, '127.0.0.1', '胡乐怡', '$2y$08$LVKG/VTzxSQmJ9Vg3CpW8uLmqhNP/rr16uthBgjiVM8UYRMVx0F0G', NULL, '', NULL, NULL, NULL, NULL, 1474986794, 0, 1, '胡乐怡', NULL, NULL, NULL),
(541, '127.0.0.1', '黄悦熙', '$2y$08$uqBoRZBw0RkZ53vOKMF4J.7tUqLxVpztpYcEKfoF13dH/gjIbOn7i', NULL, '', NULL, NULL, NULL, NULL, 1474986794, 0, 1, '黄悦熙', NULL, NULL, NULL),
(542, '127.0.0.1', '李星梦', '$2y$08$G/PmSHwIC0cnmnvRQ6r5t.XsOEz4Ak9BG2oR7A/OAz/KTE60LVymu', NULL, '', NULL, NULL, NULL, NULL, 1474986795, 0, 1, '李星梦', NULL, NULL, NULL),
(543, '127.0.0.1', '李奕萱', '$2y$08$CF95cEPBA.5lE6QpLtNEq./NcDDY7mEPy41PGQY9UCvy/YSelFGGm', NULL, '', NULL, NULL, NULL, NULL, 1474986795, 0, 1, '李奕萱', NULL, NULL, NULL),
(544, '127.0.0.1', '廖奕佳', '$2y$08$z9VAh8JB/IANnZX5jAxQf.H8iMRk2aPs6QndYDcJ9b6Ho.umecC0m', NULL, '', NULL, NULL, NULL, NULL, 1474986795, 0, 1, '廖奕佳', NULL, NULL, NULL),
(545, '127.0.0.1', '林子森', '$2y$08$jNiujiV.hksasevRuZiXheEYJyal86bxB3bpDMlDdbTcb1hGUBPYi', NULL, '', NULL, NULL, NULL, NULL, 1474986795, 0, 1, '林子森', NULL, NULL, NULL),
(546, '127.0.0.1', '刘婧苗', '$2y$08$IVoCd789OQfdY5s1SilVCuwDGblbg3w.UFzMX5eKYGbQayLnRXh8e', NULL, '', NULL, NULL, NULL, NULL, 1474986795, 0, 1, '刘婧苗', NULL, NULL, NULL),
(547, '127.0.0.1', '刘一颖', '$2y$08$NwsFiKRxV5acbS/y/hilROahadv87UAJrvaqC0LBBQbDwOZUsxg9O', NULL, '', NULL, NULL, NULL, NULL, 1474986795, 0, 1, '刘一颖', NULL, NULL, NULL),
(548, '127.0.0.1', '毛瑀涵', '$2y$08$0pMtY1W9iD5Bk7kHGMuwquPAtlGgM3XdDApxfx.JgrQE0ju7f6EYW', NULL, '', NULL, NULL, NULL, NULL, 1474986795, 0, 1, '毛瑀涵', NULL, NULL, NULL),
(549, '127.0.0.1', '欧和', '$2y$08$R6UyZkc28Pn7oPhcFyXRp.w/yANN6uKCc74Murbq4EKZdXuFbfCdq', NULL, '', NULL, NULL, NULL, NULL, 1474986795, 0, 1, '欧和', NULL, NULL, NULL),
(550, '127.0.0.1', '欧阳逸蓝', '$2y$08$xXQmFvBQBVP9oUnbh06/8usBvm0ZbE/FfH84t3GPpLlK4LBz/./vC', NULL, '', NULL, NULL, NULL, NULL, 1474986795, 0, 1, '欧阳逸蓝', NULL, NULL, NULL),
(551, '127.0.0.1', '彭睿宸', '$2y$08$bY7jDB3jkgtaPf8FFIdJQuO3Y05WoOmChD/L9JDaTDUbSGBf7mPt.', NULL, '', NULL, NULL, NULL, NULL, 1474986795, 0, 1, '彭睿宸', NULL, NULL, NULL),
(552, '127.0.0.1', '任昱霖', '$2y$08$QL/1U/h7DEuujZivmy4p7Omxmc6nIY0gw/XhVCFcfoSxLrB7bwP02', NULL, '', NULL, NULL, NULL, NULL, 1474986795, 0, 1, '任昱霖', NULL, NULL, NULL),
(553, '127.0.0.1', '阮信杰', '$2y$08$0lHmCwG.N5Yx1P.Pcdcf3.f/8Dl34PcP4K1PFrZhBiYelYZL9Uvie', NULL, '', NULL, NULL, NULL, NULL, 1474986795, 0, 1, '阮信杰', NULL, NULL, NULL),
(554, '127.0.0.1', '盛伊琳', '$2y$08$HxPqgrx3hootLTfdxjCyrOyjqGR/dnFHcFSFGKcFxOpCqMogIrekq', NULL, '', NULL, NULL, NULL, NULL, 1474986795, 0, 1, '盛伊琳', NULL, NULL, NULL),
(555, '127.0.0.1', '石汶灵', '$2y$08$0LC3CRmsgk2TxGv2/dLkLuOMdf9uN2yuPdTN6GPneLeF.3gUMXhay', NULL, '', NULL, NULL, NULL, NULL, 1474986795, 0, 1, '石汶灵', NULL, NULL, NULL),
(556, '127.0.0.1', '汤广源', '$2y$08$1O9e7SiDHQiy1cfMvF5zA.O0LdqBvsVVTFFaRz9pWTBlofKsPAjjS', NULL, '', NULL, NULL, NULL, NULL, 1474986795, 0, 1, '汤广源', NULL, NULL, NULL),
(557, '127.0.0.1', '陶芊妤', '$2y$08$RrXCZTz6EWhNe2v28YobWuOTg63y37sbjRml79V1m22Ct2KRU/4dq', NULL, '', NULL, NULL, NULL, NULL, 1474986795, 0, 1, '陶芊妤', NULL, NULL, NULL),
(558, '127.0.0.1', '王源野', '$2y$08$9VdzBMzgVJUDCo0ij7UAxexXLGPVqEtnzTdy1MU/oWLsh5QN3Z1u.', NULL, '', NULL, NULL, NULL, NULL, 1474986795, 0, 1, '王源野', NULL, NULL, NULL),
(559, '127.0.0.1', '吴嘉豪', '$2y$08$4Wiz0TOLCuxVTmo1fjwOH.9yVBTNju/2jMrRwu9cwWfijotDg7tli', NULL, '', NULL, NULL, NULL, NULL, 1474986795, 0, 1, '吴嘉豪', NULL, NULL, NULL),
(560, '127.0.0.1', '吴彤雨', '$2y$08$/kLQJbxvrwWM4jQEo8UZk.jyiPh.TEmKtR9GfCb0OwfBJCL72Rjzm', NULL, '', NULL, NULL, NULL, NULL, 1474986795, 0, 1, '吴彤雨', NULL, NULL, NULL),
(561, '127.0.0.1', '吴雨臻', '$2y$08$X5X.0RigcSwIzRDhiC3fjO/wSXuIPMqsZZd5N4vX.Ox.1PJ.B5tIi', NULL, '', NULL, NULL, NULL, NULL, 1474986795, 0, 1, '吴雨臻', NULL, NULL, NULL),
(562, '127.0.0.1', '吴正洋', '$2y$08$KoO8u2FCt3TykKNrgOD.2O9H.WAWQXo.Q9I0NWrrNltGHCVa6Rhca', NULL, '', NULL, NULL, NULL, NULL, 1474986795, 0, 1, '吴正洋', NULL, NULL, NULL),
(563, '127.0.0.1', '肖筱天', '$2y$08$BxQpLvuHNN/PGKwJmGap1.5wqQmz83B8MzZonTl8x61pPHyK968vq', NULL, '', NULL, NULL, NULL, NULL, 1474986795, 0, 1, '肖筱天', NULL, NULL, NULL),
(564, '127.0.0.1', '徐康迪', '$2y$08$6NoJey8yPh/5XzDSKR2w1u1HXOak7HVAWk2l9r6ULJcNxti8119pe', NULL, '', NULL, NULL, NULL, NULL, 1474986796, 0, 1, '徐康迪', NULL, NULL, NULL),
(565, '127.0.0.1', '严文涓', '$2y$08$16qJxWKlMOTGK.PBSMgVz.Xbgu7QYpyBpyivSlmfjg3EakSIbNwOe', NULL, '', NULL, NULL, NULL, NULL, 1474986796, 0, 1, '严文涓', NULL, NULL, NULL),
(566, '127.0.0.1', '颜钦铃', '$2y$08$13.wz7vEhrB6dR9NXXoWf.AdryUVzRbSe9cyWtaFNB.dY/Ja0.F96', NULL, '', NULL, NULL, NULL, NULL, 1474986796, 0, 1, '颜钦铃', NULL, NULL, NULL),
(567, '127.0.0.1', '杨颖', '$2y$08$YtVIYssdonX7fjYJ10mtSu5h/hb67Ot5Z80f0/xwN8V7IfYJoEjQO', NULL, '', NULL, NULL, NULL, NULL, 1474986796, 0, 1, '杨颖', NULL, NULL, NULL),
(568, '127.0.0.1', '杨宇轩', '$2y$08$omXMdlVIAgLDpmPZdsPX3OBE8BQjWX6gA4azuKF/6LNQDxnkee0y.', NULL, '', NULL, NULL, NULL, NULL, 1474986796, 0, 1, '杨宇轩', NULL, NULL, NULL),
(569, '127.0.0.1', '杨卓鑫', '$2y$08$v/cgw8skBi2a0GHzOVr.7eA7RbsiBVAQX7oeDpyyJ8/Dh4VOA9oiG', NULL, '', NULL, NULL, NULL, NULL, 1474986796, 0, 1, '杨卓鑫', NULL, NULL, NULL),
(570, '127.0.0.1', '杨子千', '$2y$08$QE4fi/H/0D8PaPUIeN5IIe.FXXIMI3L3eB6UhP1x6U.PzQYY3laMK', NULL, '', NULL, NULL, NULL, NULL, 1474986796, 0, 1, '杨子千', NULL, NULL, NULL),
(571, '127.0.0.1', '余乐歆', '$2y$08$bsHLudUVlLPKRKZiJAO6ZOlWWU6QuAe5a/LRbDuOn2lPdVOdFd9Jy', NULL, '', NULL, NULL, NULL, NULL, 1474986796, 0, 1, '余乐歆', NULL, NULL, NULL),
(572, '127.0.0.1', '袁智轩', '$2y$08$Zp/TeKfXR2ptApybVvmaeeiex3XKIXWQLnvZSBKYtxQXYZ6uVjwhS', NULL, '', NULL, NULL, NULL, NULL, 1474986796, 0, 1, '袁智轩', NULL, NULL, NULL),
(573, '127.0.0.1', '曾实', '$2y$08$WOoyQ.29/BpueaTUfcWZDusqBcel0qJ/h5tHPk.1dn5QciNlqJ9mi', NULL, '', NULL, NULL, NULL, NULL, 1474986796, 0, 1, '曾实', NULL, NULL, NULL),
(574, '127.0.0.1', '曾宇博', '$2y$08$DznqONeYYHgE7fDu1NeyGeSb4EjOSkMQlKSGRW0nBiOCZkVJXH9Em', NULL, '', NULL, NULL, NULL, NULL, 1474986796, 0, 1, '曾宇博', NULL, NULL, NULL),
(575, '127.0.0.1', '张可馨', '$2y$08$1Dmd7DdjEMCUkju2pPXY/.dH9/lQl/OV2PZ73RjQMpfpgQ/aUBoYW', NULL, '', NULL, NULL, NULL, NULL, 1474986796, 0, 1, '张可馨', NULL, NULL, NULL),
(576, '127.0.0.1', '章权瑞', '$2y$08$/JsBXYw8Yh7vOvZD6Ia0eehBLPdTWRXNIObOimRjAfyGdEaaLva9a', NULL, '', NULL, NULL, NULL, NULL, 1474986796, 0, 1, '章权瑞', NULL, NULL, NULL),
(577, '127.0.0.1', '郑戈健', '$2y$08$whwVhg7RyaoN1MfwXQdgHeZsccD9JsenpHpSExJDF83iG/Y79qsTK', NULL, '', NULL, NULL, NULL, NULL, 1474986796, 0, 1, '郑戈健', NULL, NULL, NULL),
(578, '127.0.0.1', '许以', '$2y$08$LLclHkVwLodUeFQ6fJSSJebJ4406GSMNACb16pvusrpGWXPrft3ry', NULL, '', NULL, NULL, NULL, NULL, 1474986796, 0, 1, '许以', NULL, NULL, NULL),
(579, '127.0.0.1', '吴伊晗', '$2y$08$9d6ETDFXPakMpb9Ov5jrrOem2gTtWUtNjwAQrgLUIbd/SROoEl9/G', NULL, '', NULL, NULL, NULL, NULL, 1474986796, 0, 1, '吴伊晗', NULL, NULL, NULL),
(580, '127.0.0.1', '晏子依', '$2y$08$emYwReQJCCacauiWqI281uQvwxJHEgYbh9HdRZdr43M6juZCNtIQu', NULL, '', NULL, NULL, NULL, NULL, 1474986796, 0, 1, '晏子依', NULL, NULL, NULL),
(581, '127.0.0.1', '邓天赐', '$2y$08$4T4PXGPGe8a154bMLiSs4edz3swOQyObvnJS1NOOVWnUzLy2Tx2XC', NULL, '', NULL, NULL, NULL, NULL, 1474986796, 0, 1, '邓天赐', NULL, NULL, NULL),
(582, '127.0.0.1', '蔡宇星', '$2y$08$oK75khYYUH.14MJD6GMy8.2eaTWQscX5TfDBOo6Pd90824UbxZqmS', NULL, '', NULL, NULL, NULL, NULL, 1474986796, 0, 1, '蔡宇星', NULL, NULL, NULL),
(583, '127.0.0.1', '陈默雷', '$2y$08$Qf6/1Do72Lgd1pggR6cJhugbVnfflwMMbiPs4WgTE3lbdIWSsdJRy', NULL, '', NULL, NULL, NULL, NULL, 1474986796, 0, 1, '陈默雷', NULL, NULL, NULL),
(584, '127.0.0.1', '陈茜茹', '$2y$08$kk/rk10iqA1uX5QX2csSQO.zpAE8K0FSGgVcIf1BBVocd62BlVIWu', NULL, '', NULL, NULL, NULL, NULL, 1474986796, 0, 1, '陈茜茹', NULL, NULL, NULL),
(585, '127.0.0.1', '邓佳欣', '$2y$08$7YDdvofM8NifQhwzFq8Zeu2MxGgHJvk29EQC6wBrF9HsLUkNLpzDG', NULL, '', NULL, NULL, NULL, NULL, 1474986796, 0, 1, '邓佳欣', NULL, NULL, NULL),
(586, '127.0.0.1', '董思萌', '$2y$08$2frMVcz.yHJsQBy6uzwISen2i0RQvO96Cx/yD7b9Sx8YwSjv3jK.i', NULL, '', NULL, NULL, NULL, NULL, 1474986796, 0, 1, '董思萌', NULL, NULL, NULL),
(587, '127.0.0.1', '方昌浩', '$2y$08$Pxq1jq5Yl7IY7WeVgHwbMeFdnY7XiNsd.2SzT5jlCa0NmTYb9l8/u', NULL, '', NULL, NULL, NULL, NULL, 1474986796, 0, 1, '方昌浩', NULL, NULL, NULL),
(588, '127.0.0.1', '方嘉铭', '$2y$08$iwFGqJ3pN07s2NSxjTaz9OncwzWp65FV/D7IUcSVrxcuJxvJXrKam', NULL, '', NULL, NULL, NULL, NULL, 1474986796, 0, 1, '方嘉铭', NULL, NULL, NULL),
(589, '127.0.0.1', '郭文轩', '$2y$08$O2pxIzjC1K4UFSexRDneaO3SzIPJhcbglygzKzTwYbm62Fua6TxJm', NULL, '', NULL, NULL, NULL, NULL, 1474986796, 0, 1, '郭文轩', NULL, NULL, NULL),
(590, '127.0.0.1', '黄锦廷', '$2y$08$U9Skz1.aUqYoTxAQSJ/n9eBKXHR2mGQgWWapjZjy6JnqY8a3UOYTO', NULL, '', NULL, NULL, NULL, NULL, 1474986796, 0, 1, '黄锦廷', NULL, NULL, NULL),
(591, '127.0.0.1', '江方亮', '$2y$08$hHTAuBUJw./fUnJwJO6.Z.JCVsN6Z7hFs0rKWLmMA7Tg/1syj06fG', NULL, '', NULL, NULL, NULL, NULL, 1474986797, 0, 1, '江方亮', NULL, NULL, NULL),
(592, '127.0.0.1', '瞿思睿', '$2y$08$atrx2Lhd5clI8NryOFr7i.D/./M1VKz5Ls/r/AgXIaKKDGdUPZko6', NULL, '', NULL, NULL, NULL, NULL, 1474986797, 0, 1, '瞿思睿', NULL, NULL, NULL),
(593, '127.0.0.1', '蓝梓洋', '$2y$08$Wt3qiXqPD4OBioykl.V7nuMAj4658.EVG6n9BNpo6FG9zqZODGlc2', NULL, '', NULL, NULL, NULL, NULL, 1474986797, 0, 1, '蓝梓洋', NULL, NULL, NULL),
(594, '127.0.0.1', '雷晋怡', '$2y$08$ttyOZmQU1A7qTzoqbWDcZ.8Lc6HbgCm7qTjhMQCUkEY.kKqd.vOwW', NULL, '', NULL, NULL, NULL, NULL, 1474986797, 0, 1, '雷晋怡', NULL, NULL, NULL),
(595, '127.0.0.1', '李涵宇', '$2y$08$qtlp5zQw.9zprRt8wRqGLe8mWcC1.ZrKieXYD.O/4FcpcyNdAPQ4a', NULL, '', NULL, NULL, NULL, NULL, 1474986797, 0, 1, '李涵宇', NULL, NULL, NULL),
(596, '127.0.0.1', '李佳颖', '$2y$08$.G7v/Vman7v513kTwEMjmObCzXIGbw22U5Fwl5SR5zhdi739C.jOa', NULL, '', NULL, NULL, NULL, NULL, 1474986797, 0, 1, '李佳颖', NULL, NULL, NULL),
(597, '127.0.0.1', '李沁铭', '$2y$08$PlIKSMkSoxVpS5f0Kw8.LeirpxsvBxxANkMOKFSer4AbPQglSgevC', NULL, '', NULL, NULL, NULL, NULL, 1474986797, 0, 1, '李沁铭', NULL, NULL, NULL),
(598, '127.0.0.1', '李峥', '$2y$08$jZyAU8TWXqZlDLT681nGyOjpD26HqPISgqq6c9gtiadejILKzClI.', NULL, '', NULL, NULL, NULL, NULL, 1474986797, 0, 1, '李峥', NULL, NULL, NULL),
(599, '127.0.0.1', '廖可欣', '$2y$08$LU7P0.XPE0K68zMp7oBdoeq869URDLEYVwSLpczVxuwekLyNEGgOG', NULL, '', NULL, NULL, NULL, NULL, 1474986797, 0, 1, '廖可欣', NULL, NULL, NULL),
(600, '127.0.0.1', '刘启萌', '$2y$08$EF9GzXvg7Ub9tPGwzmAu2usxhja0y..zQLF6yiZ.3kGKjhtVmMo0S', NULL, '', NULL, NULL, NULL, NULL, 1474986797, 0, 1, '刘启萌', NULL, NULL, NULL),
(601, '127.0.0.1', '刘瑞美', '$2y$08$6bRL/wNqyumdS4upTRtFzOHfJzg12cTJ4FAW6X714G44jxgSJBv4G', NULL, '', NULL, NULL, NULL, NULL, 1474986797, 0, 1, '刘瑞美', NULL, NULL, NULL),
(602, '127.0.0.1', '刘少瑞', '$2y$08$fbWOvJjBETuM9OqO0S/HBuzjYNKEW3Klg.RP28XtgnKPFmSfGGniG', NULL, '', NULL, NULL, NULL, NULL, 1474986797, 0, 1, '刘少瑞', NULL, NULL, NULL),
(603, '127.0.0.1', '卢旺达', '$2y$08$IZa0ckTrcY4N8Hq0QiSLS.StyghFNLOZvuk41EUOk.GlSUeDaLjtm', NULL, '', NULL, NULL, NULL, NULL, 1474986797, 0, 1, '卢旺达', NULL, NULL, NULL),
(604, '127.0.0.1', '欧阳铭惠', '$2y$08$laFOGEvNbka0O3aSH3xQ0uqewKkNUzhQu0ZFpcJIXEv2lZEl4CvRW', NULL, '', NULL, NULL, NULL, NULL, 1474986797, 0, 1, '欧阳铭惠', NULL, NULL, NULL),
(605, '127.0.0.1', '庞成荫', '$2y$08$K/svZYQvsw9PnHCRPVu/aeqzapC8SrmAZWCpN9GMyie1YWnO0A3e6', NULL, '', NULL, NULL, NULL, NULL, 1474986797, 0, 1, '庞成荫', NULL, NULL, NULL),
(606, '127.0.0.1', '裴川雅', '$2y$08$fR846pGbPsPdRchtHvKPcu/cF7W5e8fyQUTOsuLt14WXwQH1lwyVS', NULL, '', NULL, NULL, NULL, NULL, 1474986797, 0, 1, '裴川雅', NULL, NULL, NULL),
(607, '127.0.0.1', '彭薏融', '$2y$08$16iY76nkk7mM6SkBs2yq/ultN9/r8jgnEdj9phAruerOCwR/TLj5S', NULL, '', NULL, NULL, NULL, NULL, 1474986797, 0, 1, '彭薏融', NULL, NULL, NULL),
(608, '127.0.0.1', '全偲齐', '$2y$08$ZKz4k5EtMXopkmmQlZOR5.7T0z7tQlsp3HCKw80.oH0WY8k/hHaEq', NULL, '', NULL, NULL, NULL, NULL, 1474986797, 0, 1, '全偲齐', NULL, NULL, NULL),
(609, '127.0.0.1', '饶梓月', '$2y$08$hWjqEQ7G0urka2BnJEufLOOoxyRJ3D8ZPZzvhwFakCmfXDTqmxcRu', NULL, '', NULL, NULL, NULL, NULL, 1474986797, 0, 1, '饶梓月', NULL, NULL, NULL),
(610, '127.0.0.1', '宋昕岳', '$2y$08$sliMxQNw.EXvRyC8Abf9e.gLy7wnL4Z4Gdoxl7J/HWbNpdQar8fS2', NULL, '', NULL, NULL, NULL, NULL, 1474986797, 0, 1, '宋昕岳', NULL, NULL, NULL),
(611, '127.0.0.1', '孙万通', '$2y$08$cSnrecGrQZdaBNdK/E233OBWVntDgBkbznNNDKgiPqXwbjo2yiyOi', NULL, '', NULL, NULL, NULL, NULL, 1474986797, 0, 1, '孙万通', NULL, NULL, NULL),
(612, '127.0.0.1', '王天翼', '$2y$08$ZOA.j42534vtOSqs7U/DDewFvCAbsdfCysQXikETJRVcP74nrI7im', NULL, '', NULL, NULL, NULL, NULL, 1474986797, 0, 1, '王天翼', NULL, NULL, NULL),
(613, '127.0.0.1', '王子睿', '$2y$08$pmrzV.8eUQyKxw3rZZSuOulccDAXIF.kvG8aa9.ye7UPFAdDudA5a', NULL, '', NULL, NULL, NULL, NULL, 1474986797, 0, 1, '王子睿', NULL, NULL, NULL),
(614, '127.0.0.1', '文宇', '$2y$08$opJYAUdqr2BPRT3PZzfjx.ia7NmdGM0O9lVTd/KTOX7PQdiMMeA/K', NULL, '', NULL, NULL, NULL, NULL, 1474986797, 0, 1, '文宇', NULL, NULL, NULL),
(615, '127.0.0.1', '吴宛娉', '$2y$08$kCQyonE4nyqS5WEaINRbruOElB2k35Kq4mKQCyKWGpKMFdTPkHBWW', NULL, '', NULL, NULL, NULL, NULL, 1474986798, 0, 1, '吴宛娉', NULL, NULL, NULL),
(616, '127.0.0.1', '熊嘉慧', '$2y$08$7OUUxp7aV2.SsU537ryL9eNxJ/1b96HkmvEPtgrCWld0PSRUltnPy', NULL, '', NULL, NULL, NULL, NULL, 1474986798, 0, 1, '熊嘉慧', NULL, NULL, NULL),
(617, '127.0.0.1', '徐浩鑫', '$2y$08$0.ak/zehFyEj2qMnU0nXCOhq5hjpIooYMY055OpmE8JLa893wRW2m', NULL, '', NULL, NULL, NULL, NULL, 1474986798, 0, 1, '徐浩鑫', NULL, NULL, NULL),
(618, '127.0.0.1', '杨鸿韬', '$2y$08$NvaU0An9eboqqEw957m2AOnv/7MCpAFi1jR2oTcvt0Q4wqdOjrOv.', NULL, '', NULL, NULL, NULL, NULL, 1474986798, 0, 1, '杨鸿韬', NULL, NULL, NULL),
(619, '127.0.0.1', '杨歆宇', '$2y$08$9qaj3Bigc7hxpwUdveHcpOb8HRyIRacjOHYTH.WxuT1uNcrBqbYCu', NULL, '', NULL, NULL, NULL, NULL, 1474986798, 0, 1, '杨歆宇', NULL, NULL, NULL),
(620, '127.0.0.1', '姚嘉诚', '$2y$08$tlnIE65stXKBtlP8yAZ8K.PVEASaipOwdQDddlOx4IS0ZuYxWnKI6', NULL, '', NULL, NULL, NULL, NULL, 1474986798, 0, 1, '姚嘉诚', NULL, NULL, NULL),
(621, '127.0.0.1', '曾婉婷', '$2y$08$9ka982VI1lql8wyzbV5Z/.hQ3.3w2iSwS9FQernLiE/YyCYMKiJ96', NULL, '', NULL, NULL, NULL, NULL, 1474986798, 0, 1, '曾婉婷', NULL, NULL, NULL),
(622, '127.0.0.1', '张博文', '$2y$08$0VVMlbXG4owHRauCa3TfU.zAp5ym.gng7Jz4spHA5.vKHHm48PBXm', NULL, '', NULL, NULL, NULL, NULL, 1474986798, 0, 1, '张博文', NULL, NULL, NULL),
(623, '127.0.0.1', '张祎庆', '$2y$08$wleyBaB4CjnjxPVsi4cSquPaw03K/N1D7BASVED0MUbwFFufpnMP2', NULL, '', NULL, NULL, NULL, NULL, 1474986798, 0, 1, '张祎庆', NULL, NULL, NULL),
(624, '127.0.0.1', '周启航', '$2y$08$QKSRf5kJtoIOB0N94xxu9e12OpjKG/gyb.qagswMakSpznXKUSKWC', NULL, '', NULL, NULL, NULL, NULL, 1474986798, 0, 1, '周启航', NULL, NULL, NULL),
(625, '127.0.0.1', '朱珏鑫', '$2y$08$D66bqlrW3h1xFFrEmTncxOdmflE.w9PsIU0LO6GP.Uzb6B75GbSCm', NULL, '', NULL, NULL, NULL, NULL, 1474986798, 0, 1, '朱珏鑫', NULL, NULL, NULL),
(626, '127.0.0.1', '邹宇轩', '$2y$08$VqoaAXVypBPlU6QPAGEr7eqNYWpcinVBbNh0r7Y.AD3FdD5I.1zFu', NULL, '', NULL, NULL, NULL, NULL, 1474986798, 0, 1, '邹宇轩', NULL, NULL, NULL),
(627, '127.0.0.1', '黎梓彤', '$2y$08$Ob1qlrm8wWnFCA907YKlqeBBlIFedsFLVMPhlFoLJx2aOCzLt.BOm', NULL, '', NULL, NULL, NULL, NULL, 1474986798, 0, 1, '黎梓彤', NULL, NULL, NULL),
(628, '127.0.0.1', '欧阳豪', '$2y$08$7GgEDZr51noHKN7LVOMBme31WLS9Gk0IbzwiaLzTvXXHZLluORkJe', NULL, '', NULL, NULL, NULL, NULL, 1474986798, 0, 1, '欧阳豪', NULL, NULL, NULL),
(629, '127.0.0.1', '李沐晴', '$2y$08$DC2qh6o9HvW84hJ7QD20M.cudOdWpbFID.14XOsJyl7EXUMR9N006', NULL, '', NULL, NULL, NULL, NULL, 1474986798, 0, 1, '李沐晴', NULL, NULL, NULL),
(630, '127.0.0.1', '魏芝涵', '$2y$08$OiSMoCDvO/m9nUbwSCXWhuZE9zJmG3LSJGAKLRSbTUVcCBpEmD3GC', NULL, '', NULL, NULL, NULL, NULL, 1474986798, 0, 1, '魏芝涵', NULL, NULL, NULL),
(631, '127.0.0.1', '陈思翰', '$2y$08$Ou11yAJg06d9pi507Dq5NehTsgbK2cJqcfZkQv1b6G2ER3VJdkSje', NULL, '', NULL, NULL, NULL, NULL, 1474986798, 0, 1, '陈思翰', NULL, NULL, NULL),
(632, '127.0.0.1', '张裕婧', '$2y$08$160LOBZpDu7URcrnLXOJuuzuXE44KA5i3QZCTbtxipoNQjvGMEc62', NULL, '', NULL, NULL, NULL, NULL, 1474986798, 0, 1, '张裕婧', NULL, NULL, NULL),
(633, '127.0.0.1', '蔡诗慧', '$2y$08$C9sznIa00E1tYGEit5SQ5OGGbnjfhoM5Q/xMP3LgieDk2fqS0y4Me', NULL, '', NULL, NULL, NULL, NULL, 1474986798, 0, 1, '蔡诗慧', NULL, NULL, NULL),
(634, '127.0.0.1', '蒋晨雨', '$2y$08$UD51IzOe5n3hKJQJW2ps0u1y8qb9.SevYW9yAvv79cMap6fy0hr/m', NULL, '', NULL, NULL, NULL, NULL, 1474986798, 0, 1, '蒋晨雨', NULL, NULL, NULL),
(635, '127.0.0.1', '张芷瑄', '$2y$08$LiraS5RmmCAY.S2HQ9jS7.8wp3vg9iTQ0KQNj/vG/wH8ZfN7NeDMW', NULL, '', NULL, NULL, NULL, NULL, 1474986798, 0, 1, '张芷瑄', NULL, NULL, NULL),
(636, '127.0.0.1', '杜曾好', '$2y$08$B5YlHQD8uGSdH5UoBtyXR.OyzEWx9JygSxftpC.ymZZuuURlrO4uy', NULL, '', NULL, NULL, NULL, NULL, 1474986798, 0, 1, '杜曾好', NULL, NULL, NULL),
(637, '127.0.0.1', '王思颖', '$2y$08$QjHq9P5qKlnc/KS3Z7Dli.DP3BVnn6fq61vsw3xbTK2xV1BsCkZrK', NULL, '', NULL, NULL, NULL, NULL, 1474986798, 0, 1, '王思颖', NULL, NULL, NULL),
(638, '127.0.0.1', '罗涵语', '$2y$08$RVdNKt3/aLy7qdlmL.uVtOAUHiXctDTHbxIouzR6I5PjKiT5FPBay', NULL, '', NULL, NULL, NULL, NULL, 1474986798, 0, 1, '罗涵语', NULL, NULL, NULL),
(639, '127.0.0.1', '刘珂如', '$2y$08$v7bNS.9IS/1Uo0fjPZHJhOv2I2yGueyh1Eko8aFLYsH9YcrtuxdmW', NULL, '', NULL, NULL, NULL, NULL, 1474986798, 0, 1, '刘珂如', NULL, NULL, NULL),
(640, '127.0.0.1', '黄心童', '$2y$08$IOfCEaLc9/GJyIZYJtSWa.fOqNcRQKjv0FXKRIVlmG5PbcctOo/jm', NULL, '', NULL, NULL, NULL, NULL, 1474986798, 0, 1, '黄心童', NULL, NULL, NULL),
(641, '127.0.0.1', '刘熙梓', '$2y$08$i80esm.an/eCYLLrQrsAKeqGUKk1N.Yn3eFBKFjeuG36Yk6PbCiY.', NULL, '', NULL, NULL, NULL, NULL, 1474986799, 0, 1, '刘熙梓', NULL, NULL, NULL),
(642, '127.0.0.1', '阙士芹', '$2y$08$EXa21YS08WdJASSCbaDyF.DeJO/ig0NiN1gVelNPwSUtpP0.7Ql3C', NULL, '', NULL, NULL, NULL, NULL, 1474986799, 0, 1, '阙士芹', NULL, NULL, NULL),
(643, '127.0.0.1', '任子瑶', '$2y$08$AxiVly0lpCFDd5BHb9Ji5ukwm/7UvjHrCuhp.XxLATFW9tOadbCa2', NULL, '', NULL, NULL, NULL, NULL, 1474986799, 0, 1, '任子瑶', NULL, NULL, NULL),
(644, '127.0.0.1', '王奕兮', '$2y$08$GBCJPLmsEj3oU2aNww3IFOpuPnJkV0Ya/yqT2HmzDJBWPdT/uJjz.', NULL, '', NULL, NULL, NULL, NULL, 1474986799, 0, 1, '王奕兮', NULL, NULL, NULL),
(645, '127.0.0.1', '李嘉格冰', '$2y$08$yentO5iQhAgg4zU7Z1bune.b0J2aLSwodmNgQi0TS70aIN/e4PvUe', NULL, '', NULL, NULL, NULL, NULL, 1474986799, 0, 1, '李嘉格冰', NULL, NULL, NULL),
(646, '127.0.0.1', '邹思钰', '$2y$08$bBLA/Pw3GYo.HTWf91LC9O9aebq/.EuH7VdObkJpSsNpDbEvgIoke', NULL, '', NULL, NULL, NULL, NULL, 1474986799, 0, 1, '邹思钰', NULL, NULL, NULL),
(647, '127.0.0.1', '刘心悦', '$2y$08$tv9GRQEFaLqG6A.ribL3R.b84gq0OhNyR1XChBlKMgWFJgoHkwr7K', NULL, '', NULL, NULL, NULL, NULL, 1474986799, 0, 1, '刘心悦', NULL, NULL, NULL),
(648, '127.0.0.1', '钟煜妍', '$2y$08$fJ8lx/sNoy/IZGBES4s6Ae6n2GZFE8ym0QFx/BwrvbiprEQ.gfkLq', NULL, '', NULL, NULL, NULL, NULL, 1474986799, 0, 1, '钟煜妍', NULL, NULL, NULL),
(649, '127.0.0.1', '刘乐怡', '$2y$08$FE5eUubzSbSQ16NZ9RuYXeZGaW3SUcXLAFY6CnWqYbZLXQrfshana', NULL, '', NULL, NULL, NULL, NULL, 1474986799, 0, 1, '刘乐怡', NULL, NULL, NULL),
(650, '127.0.0.1', '沈焕钧', '$2y$08$Px4UfQIoyo1c0xaKduJdi.I.1MXGGXcKLfz9ITWdnpLmffXLJr/fq', NULL, '', NULL, NULL, NULL, NULL, 1474986799, 0, 1, '沈焕钧', NULL, NULL, NULL),
(651, '127.0.0.1', '刘紫鸢', '$2y$08$KXUr36K7B1sOd5eftdnnb..AH9wak31iYh22f03N78URlMKKGFgJG', NULL, '', NULL, NULL, NULL, NULL, 1474986799, 0, 1, '刘紫鸢', NULL, NULL, NULL),
(652, '127.0.0.1', '吴冠宁', '$2y$08$ELHTqaA0mTvuaRBY2xFFR.JGaFPDbw7PS3.EvaRUqhsPtBLtIyC3G', NULL, '', NULL, NULL, NULL, NULL, 1474986799, 0, 1, '吴冠宁', NULL, NULL, NULL),
(653, '127.0.0.1', '唐铭程', '$2y$08$ow3LVi3e1cTK0K.xD4/nT.epm6zdkUE.Go2BWX7hGnxePl2FTURRm', NULL, '', NULL, NULL, NULL, NULL, 1474986799, 0, 1, '唐铭程', NULL, NULL, NULL),
(654, '127.0.0.1', '吉崇瑞', '$2y$08$d0fcK7GYwCAEhWsa3MJEguj7Fm6qGvO1znypbVE2Ysot3U1rOrIO6', NULL, '', NULL, NULL, NULL, NULL, 1474986799, 0, 1, '吉崇瑞', NULL, NULL, NULL),
(655, '127.0.0.1', '吴灼俊', '$2y$08$bTe9iJCKzsn4RbmIGvLr0uWOy1l0XAm66/pcJtSp7wKLsV0QHieU6', NULL, '', NULL, NULL, NULL, NULL, 1474986799, 0, 1, '吴灼俊', NULL, NULL, NULL),
(656, '127.0.0.1', '向柄臣', '$2y$08$D7P/.0hGmv/SdMKGNsZWM.zqHesZ5qScWW3JXdws48Z65n7EAQpmq', NULL, '', NULL, NULL, NULL, NULL, 1474986799, 0, 1, '向柄臣', NULL, NULL, NULL),
(657, '127.0.0.1', '欧柘希', '$2y$08$aC2i4fEMm9A50JyKxdaBOemBdGy7Q9WMSQfzKokS8k3zJoiWKiNP6', NULL, '', NULL, NULL, NULL, NULL, 1474986799, 0, 1, '欧柘希', NULL, NULL, NULL),
(658, '127.0.0.1', '胡墨林', '$2y$08$OEt00/qr7B64Eg45BEyX6ueLlC6mjtS8GzN5x/AzYBWlaDUmLwjBq', NULL, '', NULL, NULL, NULL, NULL, 1474986799, 0, 1, '胡墨林', NULL, NULL, NULL),
(659, '127.0.0.1', '刘宇宸', '$2y$08$as9N9Rdbv6mUq8UGaA.hi.t53AmwgzLswgrvyXaJ2Z22.fQ5nFFYS', NULL, '', NULL, NULL, NULL, NULL, 1474986799, 0, 1, '刘宇宸', NULL, NULL, NULL),
(660, '127.0.0.1', '林恒宇', '$2y$08$O23HaW2Bw8sEYX6PPC8VL.K9xppH49o06T2ocZo.bxLv7ip8iDNdu', NULL, '', NULL, NULL, NULL, NULL, 1474986799, 0, 1, '林恒宇', NULL, NULL, NULL),
(661, '127.0.0.1', '欧阳文博', '$2y$08$b6BUawbrbG3ozJDDeJeoJuyqxL3feKtiM6Cyfv23JHrDKFbdQRQVG', NULL, '', NULL, NULL, NULL, NULL, 1474986799, 0, 1, '欧阳文博', NULL, NULL, NULL),
(662, '127.0.0.1', '王星达', '$2y$08$73R3kDw6XTRimDraK1fhA.tiGcxh8bgoTR7aLtPVQK0V7dEJ4xMdq', NULL, '', NULL, NULL, NULL, NULL, 1474986799, 0, 1, '王星达', NULL, NULL, NULL),
(663, '127.0.0.1', '赖宣行', '$2y$08$VPnLQuIcs5968bnu85Dk9OhzidHRX5V13xFqkcJqYLM3tRL6m13Vq', NULL, '', NULL, NULL, NULL, NULL, 1474986799, 0, 1, '赖宣行', NULL, NULL, NULL),
(664, '127.0.0.1', '杨奇智', '$2y$08$gF6KcUeLVJXRx0p8tLyGpeIwAfssDzcVEtlBUhJKoLARfDfLZzWXe', NULL, '', NULL, NULL, NULL, NULL, 1474986799, 0, 1, '杨奇智', NULL, NULL, NULL),
(665, '127.0.0.1', '易丞煦', '$2y$08$GfXWTBOZoRGMSFdlA/rbRuJLfugzPwRXM9NmnoahE9cpvBOOfFOPu', NULL, '', NULL, NULL, NULL, NULL, 1474986799, 0, 1, '易丞煦', NULL, NULL, NULL),
(666, '127.0.0.1', '王若盟', '$2y$08$QRBvIXimBo9oaoSIwIJpF.NgAc4ks3yNGqby3vyUc9U2RTrS4Bd12', NULL, '', NULL, NULL, NULL, NULL, 1474986800, 0, 1, '王若盟', NULL, NULL, NULL),
(667, '127.0.0.1', '林睿斯', '$2y$08$y76RoXNKc2ZH7VtKCuYOeuO7S8CN6p.MnVCJxiradNkvtoWXWSBe2', NULL, '', NULL, NULL, NULL, NULL, 1474986800, 0, 1, '林睿斯', NULL, NULL, NULL),
(668, '127.0.0.1', '刘奥', '$2y$08$e6P9lg272rPkRxVsMUPGJeLXdL85hl.DZFSP4CQMmO5c0oBMTF8r6', NULL, '', NULL, NULL, NULL, NULL, 1474986800, 0, 1, '刘奥', NULL, NULL, NULL);
INSERT INTO `users` (`id`, `ip_address`, `username`, `password`, `salt`, `email`, `activation_code`, `forgotten_password_code`, `forgotten_password_time`, `remember_code`, `created_on`, `last_login`, `active`, `first_name`, `last_name`, `company`, `phone`) VALUES
(669, '127.0.0.1', '唐逸轩', '$2y$08$kKLBfBHIrcnzq8I.4wQb2eUCgNOlbYQcj7Vk1Kgqahr59yFAaC5Gm', NULL, '', NULL, NULL, NULL, NULL, 1474986800, 0, 1, '唐逸轩', NULL, NULL, NULL),
(670, '127.0.0.1', '江祐良', '$2y$08$bY8OhjE2QsWlA.yNCliGfOxpiWSpfonSnlPTdR4SXiwAdNPr51Ft6', NULL, '', NULL, NULL, NULL, NULL, 1474986800, 0, 1, '江祐良', NULL, NULL, NULL),
(671, '127.0.0.1', '陈宇帆', '$2y$08$Ubuc1JBZHDatyfRSwDx8FeVoxAcQsF6y80OjXozv1jzgne4i2eyly', NULL, '', NULL, NULL, NULL, NULL, 1474986800, 0, 1, '陈宇帆', NULL, NULL, NULL),
(672, '127.0.0.1', '潘俊安', '$2y$08$EerdfBgD5KvacCfeZzS2P.nZgMJIRYR2H5tdnCq4Z93tYOh5OBVXe', NULL, '', NULL, NULL, NULL, NULL, 1474986800, 0, 1, '潘俊安', NULL, NULL, NULL),
(673, '127.0.0.1', '张钦恺', '$2y$08$66MgGzYaAFnWmgLZfpaj/.PAYXKKjitpwn4N8Nh/.AmwP6pAnOQEK', NULL, '', NULL, NULL, NULL, NULL, 1474986800, 0, 1, '张钦恺', NULL, NULL, NULL),
(674, '127.0.0.1', '潘嘉晨', '$2y$08$7ZBbZQx/Wo6a2TtDi1K7XeloA2p4K74BNR3kofC5kOo3HS8am9eoi', NULL, '', NULL, NULL, NULL, NULL, 1474986800, 0, 1, '潘嘉晨', NULL, NULL, NULL),
(675, '127.0.0.1', '张瑞', '$2y$08$ns9VFCmug9zlW9fZOWp7eu/yDuVpw9krPhT6bNBHQoE77DjkYzKXG', NULL, '', NULL, NULL, NULL, NULL, 1474986800, 0, 1, '张瑞', NULL, NULL, NULL),
(676, '127.0.0.1', '潘妮', '$2y$08$S2osXuxVQ/TiMTarmiT5/ecE4vcaSGDNQ0/5JlabT91AsZucsEDfy', NULL, '', NULL, NULL, NULL, NULL, 1474986800, 0, 1, '潘妮', NULL, NULL, NULL),
(677, '127.0.0.1', '罗钟宇', '$2y$08$YetHEPZkR6AnxEd1VvUKkeEIT7ghJSNfCL9U1EAG7MiCymLil.WMO', NULL, '', NULL, NULL, NULL, NULL, 1474986800, 0, 1, '罗钟宇', NULL, NULL, NULL),
(678, '127.0.0.1', '赖苏薇', '$2y$08$02jsaeUsCJpSqGtubt7OQ.bJG70JVbCgdtiFpWSjRFexyQ7iZRFKe', NULL, '', NULL, NULL, NULL, NULL, 1474986800, 0, 1, '赖苏薇', NULL, NULL, NULL),
(679, '127.0.0.1', '阳海玲', '$2y$08$JHMlpzwnFTTRuLHrv/FBqepljvIbnSC5f1BnEuBM1RIFzslTrP7Pm', NULL, '', NULL, NULL, NULL, NULL, 1474986800, 0, 1, '阳海玲', NULL, NULL, NULL),
(680, '127.0.0.1', '周籽睿', '$2y$08$dywrE2y2SzCRXcIV5XEw7uv4A4DAjpqTaMjeIZHiMMpng71YxTF4e', NULL, '', NULL, NULL, NULL, NULL, 1474986800, 0, 1, '周籽睿', NULL, NULL, NULL),
(681, '127.0.0.1', '王思睿', '$2y$08$QMarutOKzIo3XS0sjG8Tl.a31Sn03mmpbHIzH4Z623r0llC8pFeMe', NULL, '', NULL, NULL, NULL, NULL, 1474986800, 0, 1, '王思睿', NULL, NULL, NULL),
(682, '127.0.0.1', '王赵呦呦', '$2y$08$/sWv.dVp6ItXvoM7Xj1xB.MZGIuslyia5dc.FxCm3tOUUqAYwvndC', NULL, '', NULL, NULL, NULL, NULL, 1474986800, 0, 1, '王赵呦呦', NULL, NULL, NULL),
(683, '127.0.0.1', '李嘉沂', '$2y$08$tcbVKAnkMYlkBRbwPdHMU.JZGpEeChZvQQAScZfcmFflBC97PTN1.', NULL, '', NULL, NULL, NULL, NULL, 1474986800, 0, 1, '李嘉沂', NULL, NULL, NULL),
(684, '127.0.0.1', '李蔓昕', '$2y$08$Eg4R7aq9nX8jdXD61eX09un9lfMNB1n5mJje3vpRnDu84hUnTXXyq', NULL, '', NULL, NULL, NULL, NULL, 1474986800, 0, 1, '李蔓昕', NULL, NULL, NULL),
(685, '127.0.0.1', '谭怡萱', '$2y$08$4L7f3WcpqPOM6kucWwIz/u.59FAzpQW6Mx577Tf1vuYKfblDpn3RW', NULL, '', NULL, NULL, NULL, NULL, 1474986800, 0, 1, '谭怡萱', NULL, NULL, NULL),
(686, '127.0.0.1', '李慧', '$2y$08$3zr1/4I.TAv1nPQwLa9/G.BBquZot0wQCIHfeYKetyC2JY5leENQS', NULL, '', NULL, NULL, NULL, NULL, 1474986800, 0, 1, '李慧', NULL, NULL, NULL),
(687, '127.0.0.1', '刘若兮', '$2y$08$cl2s5FQHDyMAmGzJmSX3puRqfRyaQ1vELteoGMcST8sSpQp0YDU..', NULL, '', NULL, NULL, NULL, NULL, 1474986800, 0, 1, '刘若兮', NULL, NULL, NULL),
(688, '127.0.0.1', '韦许诺', '$2y$08$S9YwHK5nJj/3.zKMlJAblOg7n3c1KtrRpHsbM2EjPYejhywajGdvi', NULL, '', NULL, NULL, NULL, NULL, 1474986800, 0, 1, '韦许诺', NULL, NULL, NULL),
(689, '127.0.0.1', '彭奥玲', '$2y$08$3E37WMf4Y/sOcptdQxE3y.epihsxCjoFhrBAyzE/aAw09PTDsQXzi', NULL, '', NULL, NULL, NULL, NULL, 1474986800, 0, 1, '彭奥玲', NULL, NULL, NULL),
(690, '127.0.0.1', '曾悦成', '$2y$08$vRn3J82DljJHQxdbLVo5h.a6NkcxSTrQDY8s8s6UccrgaMsv.e5Ea', NULL, '', NULL, NULL, NULL, NULL, 1474986800, 0, 1, '曾悦成', NULL, NULL, NULL),
(691, '127.0.0.1', '周以恒', '$2y$08$18Fm0M/04P6vD7rllrCyWejDxHfR1FQJNYq6eL.q6.Ye65yXk4BiC', NULL, '', NULL, NULL, NULL, NULL, 1474986800, 0, 1, '周以恒', NULL, NULL, NULL),
(692, '127.0.0.1', '胡可涵', '$2y$08$1GYLdUapQW39Z/dOCJnpXua3VJ7J05xZFTrMaKcI624IXJ363Wrxa', NULL, '', NULL, NULL, NULL, NULL, 1474986800, 0, 1, '胡可涵', NULL, NULL, NULL),
(693, '127.0.0.1', '王妙也', '$2y$08$ueXNhcnGXcicTTY08COWCeSnGh8jcUVWQvGC7e6Qng1AiCzhhfbVa', NULL, '', NULL, NULL, NULL, NULL, 1474986801, 0, 1, '王妙也', NULL, NULL, NULL),
(694, '127.0.0.1', '陈薇伊', '$2y$08$r9Kmaq3wq9jGPYJnQjJEVOmoFRQcqFmhd7TCPeKLVTgarU9/QUSny', NULL, '', NULL, NULL, NULL, NULL, 1474986801, 0, 1, '陈薇伊', NULL, NULL, NULL),
(695, '127.0.0.1', '袁一静', '$2y$08$rX6Npyu1hNVQ6leS2gvSk.PJu52db/yeL4NpXFu13dfidgDQep5fi', NULL, '', NULL, NULL, NULL, NULL, 1474986801, 0, 1, '袁一静', NULL, NULL, NULL),
(696, '127.0.0.1', '龙紫逸', '$2y$08$fqGtE5cS1EdbwZu8suU/Ju3N5LsmNuEZCryQREk3ONBK.CzjiVsvy', NULL, '', NULL, NULL, NULL, NULL, 1474986801, 0, 1, '龙紫逸', NULL, NULL, NULL),
(697, '127.0.0.1', '余以楠', '$2y$08$Q/Jn.KdqMPDjeQx1DUUN/e/wJ4mzO/O4Y2/e5MWKimS4gYFO7pAvS', NULL, '', NULL, NULL, NULL, NULL, 1474986801, 0, 1, '余以楠', NULL, NULL, NULL),
(698, '127.0.0.1', '刘弈勋', '$2y$08$uhZ1HWOigzHXLS8PW.no3ug/Fph74SoKQzBS1.DQD/2wsedE/rUD2', NULL, '', NULL, NULL, NULL, NULL, 1474986801, 0, 1, '刘弈勋', NULL, NULL, NULL),
(699, '127.0.0.1', '陈昱霖', '$2y$08$zXh0iQRwp87zOoej2RvNB.RflKKQwYSq2bhxOa3ZHCF3rtGegj/wa', NULL, '', NULL, NULL, NULL, NULL, 1474986801, 0, 1, '陈昱霖', NULL, NULL, NULL),
(700, '127.0.0.1', '陈彦钢', '$2y$08$0m1OyfLivjeWn.ax32/.1Oqog8K4BgB11dfzy9TT6x.0Yk7R3dfUm', NULL, '', NULL, NULL, NULL, NULL, 1474986801, 0, 1, '陈彦钢', NULL, NULL, NULL),
(701, '127.0.0.1', '刘攀', '$2y$08$jP2mJ98F5OGHKKziGZEOO.7qB9T2TwzdndkcJQEbLGSZHu6j2wi7.', NULL, '', NULL, NULL, NULL, NULL, 1474986801, 0, 1, '刘攀', NULL, NULL, NULL),
(702, '127.0.0.1', '曾子航', '$2y$08$9dkanhQMR0EjYUbOshRSwOvJJq.gUHoMeF9FlLEpnfQEKNFge819W', NULL, '', NULL, NULL, NULL, NULL, 1474986801, 0, 1, '曾子航', NULL, NULL, NULL),
(703, '127.0.0.1', '周思进', '$2y$08$xt4kW7h6SKcWiENlrkp6xuCMV.WsMavw/qkU9T0Cw6ZWZ1on2Z4G.', NULL, '', NULL, NULL, NULL, NULL, 1474986801, 0, 1, '周思进', NULL, NULL, NULL),
(704, '127.0.0.1', '刘锦宸', '$2y$08$r.kDMXCdftXb0DUEN86JEej/4l/GQKRnJnpX.K59uo8g4uyXjCuEO', NULL, '', NULL, NULL, NULL, NULL, 1474986801, 0, 1, '刘锦宸', NULL, NULL, NULL),
(705, '127.0.0.1', '贺栋楠', '$2y$08$JmkaPb4f6dFxznuv2m21zOYgg4w3dFBmGQSfvSMieeO2DTv5C4jz.', NULL, '', NULL, NULL, NULL, NULL, 1474986801, 0, 1, '贺栋楠', NULL, NULL, NULL),
(706, '127.0.0.1', '吴柏炜', '$2y$08$HFpYDmNYBqDi1WJe1Rlx9OleEpFozLZOxCvnzFelJEHdTkhWxRGPy', NULL, '', NULL, NULL, NULL, NULL, 1474986801, 0, 1, '吴柏炜', NULL, NULL, NULL),
(707, '127.0.0.1', '李泽恺', '$2y$08$78hdgdP0d647n5IIxvGvRuG8VwuPu4JviOnCEiGyDomG1Kuj48jQ2', NULL, '', NULL, NULL, NULL, NULL, 1474986801, 0, 1, '李泽恺', NULL, NULL, NULL),
(708, '127.0.0.1', '谢子盾', '$2y$08$T/dcFAjwBbYuj.WyjO3/Fupa3zilZeP2HIeeRDo3AkgT4FLe1YZhi', NULL, '', NULL, NULL, NULL, NULL, 1474986801, 0, 1, '谢子盾', NULL, NULL, NULL),
(709, '127.0.0.1', '杨曾祺', '$2y$08$g1AcZTHpIo50qC3NIFlc7.QwDAOoNS77Ho6mWmNwOu9c3snElc5aS', NULL, '', NULL, NULL, NULL, NULL, 1474986801, 0, 1, '杨曾祺', NULL, NULL, NULL),
(710, '127.0.0.1', '周以忱', '$2y$08$cEOvgARTsnw.1/ShX5ikCevuMgt27cTAVN0HsYUFpTncMvP45iNuu', NULL, '', NULL, NULL, NULL, NULL, 1474986801, 0, 1, '周以忱', NULL, NULL, NULL),
(711, '127.0.0.1', '李琛', '$2y$08$R88sH7tfPLx.q7nLSdj4h.ZM9F14KLHOZCytivF.XWVQ42r7TLmle', NULL, '', NULL, NULL, NULL, NULL, 1474986801, 0, 1, '李琛', NULL, NULL, NULL),
(712, '127.0.0.1', '于子航', '$2y$08$Vc4D2fhAYBTYPU.BvBMbaOmwuKrUfrbuDa3hP4KwZ/ynwuDfL.jCq', NULL, '', NULL, NULL, NULL, NULL, 1474986801, 0, 1, '于子航', NULL, NULL, NULL),
(713, '127.0.0.1', '杨启华', '$2y$08$iWidYdv/wUBvG1CXlpl/W.j.0uz.CV5al1pHHaRxO73rWK.ewwZ/S', NULL, '', NULL, NULL, NULL, NULL, 1474986801, 0, 1, '杨启华', NULL, NULL, NULL),
(714, '127.0.0.1', '吴限', '$2y$08$.diD.S3Aax1LVNYurkTyP.CJhhNSqGftbfoixA53v7AAqHMuh6p4u', NULL, '', NULL, NULL, NULL, NULL, 1474986801, 0, 1, '吴限', NULL, NULL, NULL),
(715, '127.0.0.1', '金久哲', '$2y$08$2kd/OEfb/KkvYb.r5ZMDI.4.V7zC3V.gkLT2fSuKXv9Ihu7nWQPk6', NULL, '', NULL, NULL, NULL, NULL, 1474986801, 0, 1, '金久哲', NULL, NULL, NULL),
(716, '127.0.0.1', '杨笑镔', '$2y$08$MqOVZ0Tl9aVNRGGSDXGku.VvHYRVHHRigEPG3omw3Huq/3MpsQbDa', NULL, '', NULL, NULL, NULL, NULL, 1474986801, 0, 1, '杨笑镔', NULL, NULL, NULL),
(717, '127.0.0.1', '励懿宸', '$2y$08$ycr6Ml0WqnTcAEFn/zdAbefx1GqZBFIgNRcwja0ncPd9ua0rXjGPi', NULL, '', NULL, NULL, NULL, NULL, 1474986801, 0, 1, '励懿宸', NULL, NULL, NULL),
(718, '127.0.0.1', '高子健', '$2y$08$VOM8kMfeylCD1Al8GSPUuuHJW1xly7/m7BEqgZacvj3Dx4sH02d4C', NULL, '', NULL, NULL, NULL, NULL, 1474986801, 0, 1, '高子健', NULL, NULL, NULL),
(719, '127.0.0.1', '续立寒', '$2y$08$eSbC/KmYBmZcpnqet397KuAhCw5I1Hhef7ZvCwhq0NOeVFQ27zy22', NULL, '', NULL, NULL, NULL, NULL, 1474986802, 0, 1, '续立寒', NULL, NULL, NULL),
(720, '127.0.0.1', '陈珊好', '$2y$08$1gdMlwYtIdbW.RSJk4221uEM8O/1KEDs/3pF06N3a0B4M7rZAQ6/6', NULL, '', NULL, NULL, NULL, NULL, 1474986802, 0, 1, '陈珊好', NULL, NULL, NULL),
(721, '127.0.0.1', '邓铮远', '$2y$08$qAR5.ZCtUhHptAd8DBsP5.nOp42TS/uVpHEKe9qbKQxOk1npKqVcS', NULL, '', NULL, NULL, NULL, NULL, 1474986802, 0, 1, '邓铮远', NULL, NULL, NULL),
(722, '127.0.0.1', '肖恩祺', '$2y$08$9Xcf1MMa6TEavSTKr5izyujsxlQkiuAxjq01EgbiZvoO4kAPiSp3a', NULL, '', NULL, NULL, NULL, NULL, 1474986802, 0, 1, '肖恩祺', NULL, NULL, NULL),
(723, '127.0.0.1', '张晓颖', '$2y$08$VM2AvUolZWD7xYi/vGAHD.F3KfMBRrboq6VClbYdpAlyM5hB1o/z6', NULL, '', NULL, NULL, NULL, NULL, 1474986802, 0, 1, '张晓颖', NULL, NULL, NULL),
(724, '127.0.0.1', '胡译丹', '$2y$08$XffV9TZi9vMPO4jPFJadjelGFx2CiPkSYbL7EJgLolnNzLuYeUvNS', NULL, '', NULL, NULL, NULL, NULL, 1474986802, 0, 1, '胡译丹', NULL, NULL, NULL),
(725, '127.0.0.1', '肖冉熙', '$2y$08$qO30heywV7khEPRR9QiCB.sb1amYd3mKPDz08WtFCFn7aR8Dh4KuW', NULL, '', NULL, NULL, NULL, NULL, 1474986802, 0, 1, '肖冉熙', NULL, NULL, NULL),
(726, '127.0.0.1', '屈子淇', '$2y$08$eCj5cz4sVLdsMkC92yYygeCKll.V39MOWYB7V9kSYlcqi0GrUJyTq', NULL, '', NULL, NULL, NULL, NULL, 1474986802, 0, 1, '屈子淇', NULL, NULL, NULL),
(727, '127.0.0.1', '张祺雅', '$2y$08$8xrqH2QoxEYycd0aRzil7.EmNGpAe9shRzlu4owqBBBTWHiWuanXa', NULL, '', NULL, NULL, NULL, NULL, 1474986802, 0, 1, '张祺雅', NULL, NULL, NULL),
(728, '127.0.0.1', '罗筠婷', '$2y$08$wNRiQ2WES95m32hEDPmseOMqjkx9BAxmwoDldjEMPN93/AlRliJ7S', NULL, '', NULL, NULL, NULL, NULL, 1474986802, 0, 1, '罗筠婷', NULL, NULL, NULL),
(729, '127.0.0.1', '何姿妤', '$2y$08$eDl.urmpQBd17f.rBPocDuDBknnUMkN5zq6Zsko.mlpNlLe7RK2LS', NULL, '', NULL, NULL, NULL, NULL, 1474986802, 0, 1, '何姿妤', NULL, NULL, NULL),
(730, '127.0.0.1', '刘依瑶', '$2y$08$5YeiuXSsHW6fm0VSLqgoReoAJAOq9KOX0BVDP/n.c/1P62CV57dL6', NULL, '', NULL, NULL, NULL, NULL, 1474986802, 0, 1, '刘依瑶', NULL, NULL, NULL),
(731, '127.0.0.1', '汤雅利', '$2y$08$dorlFa/iVOyfIkmD2OUiI.ya07FDQWQkFMLY/UQ8p2nlVWOg6B3rq', NULL, '', NULL, NULL, NULL, NULL, 1474986802, 0, 1, '汤雅利', NULL, NULL, NULL),
(732, '127.0.0.1', '钟佳妮', '$2y$08$pJ/QSdd8S9zIRq3qFOuXheJrIOKQz7fCGQvzWiLjXYJaA19vhwI5S', NULL, '', NULL, NULL, NULL, NULL, 1474986802, 0, 1, '钟佳妮', NULL, NULL, NULL),
(733, '127.0.0.1', '任沐晗晗', '$2y$08$PgUql6eSUC/cepl3KFVTRudPHkLNnpDrOe3Br82yDPUknBLHREooy', NULL, '', NULL, NULL, NULL, NULL, 1474986802, 0, 1, '任沐晗晗', NULL, NULL, NULL),
(734, '127.0.0.1', '欧泽慬', '$2y$08$kc/417.GXjApQxQ90nCszOVKwyRTMPipFDsRksZdWLqqhSrvO9q3O', NULL, '', NULL, NULL, NULL, NULL, 1474986802, 0, 1, '欧泽慬', NULL, NULL, NULL),
(735, '127.0.0.1', '袁悦桐', '$2y$08$IoID2oXgb3GwBOXWV5xGKuqmPsVbNkQp68eMNIDuKWgwpmwhZ2Zk6', NULL, '', NULL, NULL, NULL, NULL, 1474986802, 0, 1, '袁悦桐', NULL, NULL, NULL),
(736, '127.0.0.1', '袁紫云', '$2y$08$g0i9sZ48ylmP/OKuh35fcOXGyW./kBha.7U.gWTWoxwmdrs6UWqvm', NULL, '', NULL, NULL, NULL, NULL, 1474986802, 0, 1, '袁紫云', NULL, NULL, NULL),
(737, '127.0.0.1', '江珊桐', '$2y$08$MERBIzCuxOQYd6/vpw2wY.6Vn8rawWbhJ1hVyz4Pz/ec23gVNxfmO', NULL, '', NULL, NULL, NULL, NULL, 1474986802, 0, 1, '江珊桐', NULL, NULL, NULL),
(738, '127.0.0.1', '戴嘉怡', '$2y$08$sk.OPk1gTLQna2U9NPXDR.0jV0PznZjZw5xuLZNsfdg5TojjAHyqK', NULL, '', NULL, NULL, NULL, NULL, 1474986802, 0, 1, '戴嘉怡', NULL, NULL, NULL),
(739, '127.0.0.1', '吴依婷', '$2y$08$XZcEnpyKAxJJIwyVGwljruCp1A/hN7L42PLt.r58KfSUWKyXMupje', NULL, '', NULL, NULL, NULL, NULL, 1474986802, 0, 1, '吴依婷', NULL, NULL, NULL),
(740, '127.0.0.1', '吴澌琪', '$2y$08$UhHZuLQ39iWNeNJLFuqoW./NXAf20G5QLPuSPvnuhN0o8ABnI3Oz.', NULL, '', NULL, NULL, NULL, NULL, 1474986802, 0, 1, '吴澌琪', NULL, NULL, NULL),
(741, '127.0.0.1', '李美怡', '$2y$08$xttCIM11zx9InXP4/0QSRuyDY1GPqHWW7GgF5dIsTJoLV52HcrcTK', NULL, '', NULL, NULL, NULL, NULL, 1474986802, 0, 1, '李美怡', NULL, NULL, NULL),
(742, '127.0.0.1', '陈语轩', '$2y$08$7A771Ug.jFOl2mdthRNcb.hFgrCTe0JsfRq//I0QMXZlrPCkC8dZS', NULL, '', NULL, NULL, NULL, NULL, 1474986802, 0, 1, '陈语轩', NULL, NULL, NULL),
(743, '127.0.0.1', '戴文隽', '$2y$08$66UVMHuh3cxv64YBH5yGcueapVD3w2VF7ictIB.uJmuMqGOVPIGJi', NULL, '', NULL, NULL, NULL, NULL, 1474986802, 0, 1, '戴文隽', NULL, NULL, NULL),
(744, '127.0.0.1', '罗鸿予', '$2y$08$W/6sftJwdLmQvm0CeL2bf.Ctz2k5irUVgXiPvBGas8rOyLiWu7KHi', NULL, '', NULL, NULL, NULL, NULL, 1474986802, 0, 1, '罗鸿予', NULL, NULL, NULL),
(745, '127.0.0.1', '李俊熙', '$2y$08$7l8XPfHHosPk07uJVHdfhONlRqot6VvWqvba5HXN8vLdqywN4OPIa', NULL, '', NULL, NULL, NULL, NULL, 1474986802, 0, 1, '李俊熙', NULL, NULL, NULL),
(746, '127.0.0.1', '罗智宸', '$2y$08$qD7A7olGdy13KY/oVFkk6OBJgMGylHYAFailvwbAAaqFJ72nDYwTy', NULL, '', NULL, NULL, NULL, NULL, 1474986803, 0, 1, '罗智宸', NULL, NULL, NULL),
(747, '127.0.0.1', '罗海纳', '$2y$08$KetB2uu6.Qt3pvT8rhE8Du7DUgZmARWUKJb1Uc9fHgT8fpIdefMy2', NULL, '', NULL, NULL, NULL, NULL, 1474986803, 0, 1, '罗海纳', NULL, NULL, NULL),
(748, '127.0.0.1', '吴嘉琪', '$2y$08$XtVBtRbmusB6dI2V2w5EpOsT9ovnOHUs7ADr9U8peGSWHjR4q6WOy', NULL, '', NULL, NULL, NULL, NULL, 1474986803, 0, 1, '吴嘉琪', NULL, NULL, NULL),
(749, '127.0.0.1', '王思诺', '$2y$08$vlJum6RSEItRX5/c2m6Q2eqKxrnRhzpFo.BsFqoQGCljpu4z0WCdm', NULL, '', NULL, NULL, NULL, NULL, 1474986803, 0, 1, '王思诺', NULL, NULL, NULL),
(750, '127.0.0.1', '陈之羽', '$2y$08$Z7keSdDY4xww7Tko004zjuzm9FlKFOn.qBR0ZH/g3J/7CcqGhQmk6', NULL, '', NULL, NULL, NULL, NULL, 1474986803, 0, 1, '陈之羽', NULL, NULL, NULL),
(751, '127.0.0.1', '杨梓煜', '$2y$08$3Oou8R7Ie2Zutkg7hgjohe3RW.MB/jBYqRh3nBf8g.ocmmQ0LHLs2', NULL, '', NULL, NULL, NULL, NULL, 1474986803, 0, 1, '杨梓煜', NULL, NULL, NULL),
(752, '127.0.0.1', '彭钰钦', '$2y$08$vhGYSV5By6chIjVwJp9AXOhHO13k6eHucJZi6kv8voS6Y/.vN6ZmW', NULL, '', NULL, NULL, NULL, NULL, 1474986803, 0, 1, '彭钰钦', NULL, NULL, NULL),
(753, '127.0.0.1', '许智泰', '$2y$08$uNR.psxnq1MB0I.4X.wm9.0H6F4vgaAelvf9.bkHLtRHQhvLbjxSy', NULL, '', NULL, NULL, NULL, NULL, 1474986803, 0, 1, '许智泰', NULL, NULL, NULL),
(754, '127.0.0.1', '刘金昀', '$2y$08$MXddIs6GzOIRttzQEI2taeGnyZ/qPb9TsWZvcXnXeZQMGbh1TSdcu', NULL, '', NULL, NULL, NULL, NULL, 1474986803, 0, 1, '刘金昀', NULL, NULL, NULL),
(755, '127.0.0.1', '陈涵俊', '$2y$08$Y0gDGYdEHXohwu6kkHmIhOmr2n7mbrUjcdFDv6loTaPdyVNQmx9h6', NULL, '', NULL, NULL, NULL, NULL, 1474986803, 0, 1, '陈涵俊', NULL, NULL, NULL),
(756, '127.0.0.1', '陈裕贤', '$2y$08$nYMeDX8R7TIFqorXze4/y.wwZW8aPOL3AUV7qL.dyHiOaq/N3NoPC', NULL, '', NULL, NULL, NULL, NULL, 1474986803, 0, 1, '陈裕贤', NULL, NULL, NULL),
(757, '127.0.0.1', '欧阳雨辰', '$2y$08$7bWIMoW/iyxVs4QbVhlnb.WUyw2itMG1AJIjwoK0Olt./tNzeQ58O', NULL, '', NULL, NULL, NULL, NULL, 1474986803, 0, 1, '欧阳雨辰', NULL, NULL, NULL),
(758, '127.0.0.1', '刘彭万', '$2y$08$5CTsQ4i6DhNiA5M0iqIez.vzZIZqisax.GchGnQe6HGdlMENQCUOO', NULL, '', NULL, NULL, NULL, NULL, 1474986803, 0, 1, '刘彭万', NULL, NULL, NULL),
(759, '127.0.0.1', '龚湘洋', '$2y$08$BzzoRNzx2eILIfKiqiM5/u3Hsvc8lpIHH.dzH/mLf7DMRp9WXV8ra', NULL, '', NULL, NULL, NULL, NULL, 1474986803, 0, 1, '龚湘洋', NULL, NULL, NULL),
(760, '127.0.0.1', '洪皓', '$2y$08$jHd7V5yosLq4DyhVLCBVc.FCeorSKJ5In9o.pierXs87RKy7TRQzu', NULL, '', NULL, NULL, NULL, NULL, 1474986803, 0, 1, '洪皓', NULL, NULL, NULL),
(761, '127.0.0.1', '邓先成', '$2y$08$huC4hPgHxt3Oxu0GNsLGYuUjdbJ8dANIxrL8eJzOJjoONaEdWW9Tu', NULL, '', NULL, NULL, NULL, NULL, 1474986803, 0, 1, '邓先成', NULL, NULL, NULL),
(762, '127.0.0.1', '张鑫琦', '$2y$08$.7jDQPDKOdS250AUtcYln.hAKHf3HO2dzsAw1bCz1Hvq8eG/9LQH2', NULL, '', NULL, NULL, NULL, NULL, 1474986803, 0, 1, '张鑫琦', NULL, NULL, NULL),
(763, '127.0.0.1', '曾恩惠', '$2y$08$d0uk69w5cAiw6oJgjpCbGuuvQd5PRys/LmyiJkjE8jR4IHsakCYYW', NULL, '', NULL, NULL, NULL, NULL, 1474986803, 0, 1, '曾恩惠', NULL, NULL, NULL),
(764, '127.0.0.1', '苗雨欣', '$2y$08$fzA8e1UR5k97Cw7ToXRKseTi2jKLzqxZmIcTbFOt9/G6SdH1G1eCu', NULL, '', NULL, NULL, NULL, NULL, 1474986803, 0, 1, '苗雨欣', NULL, NULL, NULL),
(765, '127.0.0.1', '曹静妍', '$2y$08$VjS9xRpw6kI2DyZ88o3BR.Yyo4HoirdFn8xb4WKltYiW.9f7cMjVi', NULL, '', NULL, NULL, NULL, NULL, 1474986803, 0, 1, '曹静妍', NULL, NULL, NULL),
(766, '127.0.0.1', '石佳欣', '$2y$08$gqKuMcI0i1aXHxbcGY9mq.dsyhNCu27j3dpvhN4wyYhc12948Mufa', NULL, '', NULL, NULL, NULL, NULL, 1474986803, 0, 1, '石佳欣', NULL, NULL, NULL),
(767, '127.0.0.1', '张蕊', '$2y$08$KYtBTranPsV5nefszv7rg.AXmOAIZCMMgpp4u/tLkRuaH5hrj81H6', NULL, '', NULL, NULL, NULL, NULL, 1474986803, 0, 1, '张蕊', NULL, NULL, NULL),
(768, '127.0.0.1', '吴嘉曦', '$2y$08$47Tguu73Bxf.fdsbMeizJO7ychkCZK.anRCnau3D9orXUTPa5e1Cy', NULL, '', NULL, NULL, NULL, NULL, 1474986803, 0, 1, '吴嘉曦', NULL, NULL, NULL),
(769, '127.0.0.1', '袁姝涵', '$2y$08$rY9cQZncvMsTJ2QHIVkxju9SCkeGuOSwOU9vHKTsvYBlF7IdErL5q', NULL, '', NULL, NULL, NULL, NULL, 1474986803, 0, 1, '袁姝涵', NULL, NULL, NULL),
(770, '127.0.0.1', '许璐瑶', '$2y$08$4d9kcSQspiquMcf4q04n4ulZqpNlAi.AU7rAqSxjpN2Cl.Q3uwuOK', NULL, '', NULL, NULL, NULL, NULL, 1474986803, 0, 1, '许璐瑶', NULL, NULL, NULL),
(771, '127.0.0.1', '李清扬', '$2y$08$He8gGmF9i3mzMHT3.5V7lubtZ4NH6YcdLGcfFQkuDYSokt6TatEeK', NULL, '', NULL, NULL, NULL, NULL, 1474986803, 0, 1, '李清扬', NULL, NULL, NULL),
(772, '127.0.0.1', '沈凡茜', '$2y$08$s9XEthn3m8JW8RwFtkYLDeX1dOkLgmuhqbDaHnvdNNmBTnckUMGpC', NULL, '', NULL, NULL, NULL, NULL, 1474986804, 0, 1, '沈凡茜', NULL, NULL, NULL),
(773, '127.0.0.1', '董韵涵', '$2y$08$sfLoob/KQBj5W./uXQa9e.vDINmI4lp3J/PQEdj/25cHtiRh5p7c2', NULL, '', NULL, NULL, NULL, NULL, 1474986804, 0, 1, '董韵涵', NULL, NULL, NULL),
(774, '127.0.0.1', '张予琪', '$2y$08$JZzKvUUEkGYVf0GQDMjT2.KhGToPRir5qXZ5xbQijznX7g1eRkdj6', NULL, '', NULL, NULL, NULL, NULL, 1474986804, 0, 1, '张予琪', NULL, NULL, NULL),
(775, '127.0.0.1', '徐梓怡', '$2y$08$lwZZ94ejeaT/tsK/gFj8xe5sKqwdSazHzA0jrDNMXq/6w.DgvK3Ku', NULL, '', NULL, NULL, NULL, NULL, 1474986804, 0, 1, '徐梓怡', NULL, NULL, NULL),
(776, '127.0.0.1', '宋周豫', '$2y$08$z7jCx70cCSU8wdLMaiP3qugR52yavPmNo8R.U8AtIYflvJiLcR7dW', NULL, '', NULL, NULL, NULL, NULL, 1474986804, 0, 1, '宋周豫', NULL, NULL, NULL),
(777, '127.0.0.1', '沈思琪', '$2y$08$jkkjlGjrvpQVNGEMmy07o.CrQNaftA1yIVbrrIqLG7t0SKg6YB/8G', NULL, '', NULL, NULL, NULL, NULL, 1474986804, 0, 1, '沈思琪', NULL, NULL, NULL),
(778, '127.0.0.1', '马慧珍', '$2y$08$kLIvbwzCS3qgDqCyl6F.wOFXDTMT1vkYMzUoix2njStFA6RN.o3oi', NULL, '', NULL, NULL, NULL, NULL, 1474986804, 0, 1, '马慧珍', NULL, NULL, NULL),
(779, '127.0.0.1', '郭桐昕', '$2y$08$FZC1VzDAPzxsTNG47IS/Yea7l/5P1rjji1pOKQm9i8Ngn5eXeYJaG', NULL, '', NULL, NULL, NULL, NULL, 1474986804, 0, 1, '郭桐昕', NULL, NULL, NULL),
(780, '127.0.0.1', '刘子瑜', '$2y$08$ey0P2rTAxoheYe4czvbbAeFByKSz.VQVmKPQTCCQje4xSMda/Fea6', NULL, '', NULL, NULL, NULL, NULL, 1474986804, 0, 1, '刘子瑜', NULL, NULL, NULL),
(781, '127.0.0.1', '高彩妍', '$2y$08$OhrMVha7XSRIS2mQ2CxoVeFT44Wa/ENn25kZr.btyUjXdu98eC4TC', NULL, '', NULL, NULL, NULL, NULL, 1474986804, 0, 1, '高彩妍', NULL, NULL, NULL),
(782, '127.0.0.1', '赵堇瑾', '$2y$08$n1yJYuec3YF/JjgZ7.n5meDg3q/zCl/B2FJK1W6INIveZGjUP5avO', NULL, '', NULL, NULL, NULL, NULL, 1474986804, 0, 1, '赵堇瑾', NULL, NULL, NULL),
(783, '127.0.0.1', '马可馨', '$2y$08$L5.zHXnLl6aIpRGPdTBUveUH1bXr19xRk5KDn3QP2gez3UfFqJOPe', NULL, '', NULL, NULL, NULL, NULL, 1474986804, 0, 1, '马可馨', NULL, NULL, NULL),
(784, '127.0.0.1', '肖佳烨', '$2y$08$bp153Da8Ycbb3hiYwZYbt.zRf2rvhT5glIZ7MoB1xHL/2IfukT03K', NULL, '', NULL, NULL, NULL, NULL, 1474986804, 0, 1, '肖佳烨', NULL, NULL, NULL),
(785, '127.0.0.1', '吴莎莎', '$2y$08$2SAC1uZU/o4fXXOGrkVQeuJjda3E/boo.Xl1TpJqYh2ykh1g2f0QG', NULL, '', NULL, NULL, NULL, NULL, 1474986804, 0, 1, '吴莎莎', NULL, NULL, NULL),
(786, '127.0.0.1', '张瑜丹', '$2y$08$..BC9yX/nK1d8a9Fz5ywfusDnZ88.RA7OP02OiaB2lY4SXJOMq8oW', NULL, '', NULL, NULL, NULL, NULL, 1474986804, 0, 1, '张瑜丹', NULL, NULL, NULL),
(787, '127.0.0.1', '白陈亮', '$2y$08$8HaLHwkunmpnX/g1xcE.l./HLsFDNEK/lcR5e9aHqoSRETGz/WUp.', NULL, '', NULL, NULL, NULL, NULL, 1474986804, 0, 1, '白陈亮', NULL, NULL, NULL),
(788, '127.0.0.1', '陆林基', '$2y$08$iKbPLVziibpwBUGd4TqcCuVhxdenAWNeD8CzMM7gvfyHtRupSy0za', NULL, '', NULL, NULL, NULL, NULL, 1474986804, 0, 1, '陆林基', NULL, NULL, NULL),
(789, '127.0.0.1', '盛炯棠', '$2y$08$sJSmXsLgfDHGyuOoA2Gr5.qUugGOunrnjxqH4zGlxcrUx.SiUxilS', NULL, '', NULL, NULL, NULL, NULL, 1474986804, 0, 1, '盛炯棠', NULL, NULL, NULL),
(790, '127.0.0.1', '张皓安', '$2y$08$fJkA9cRcASueRSp0xGWrvulRCbHfIm8.ZtnMFQZuQwokh0Yrib6Ca', NULL, '', NULL, NULL, NULL, NULL, 1474986804, 0, 1, '张皓安', NULL, NULL, NULL),
(791, '127.0.0.1', '龙傲寒', '$2y$08$gIzD6y1nOnrFhF/8Pi6JHeFsIfrgdqgYpQvqlj93b3A7N0Jw6LpXy', NULL, '', NULL, NULL, NULL, NULL, 1474986804, 0, 1, '龙傲寒', NULL, NULL, NULL),
(792, '127.0.0.1', '罗嘉轩', '$2y$08$C0coq4QWRqLzZC/nqDVCQOGLromPgvcqdndkVXtMwyTX0IYcZpfo.', NULL, '', NULL, NULL, NULL, NULL, 1474986804, 0, 1, '罗嘉轩', NULL, NULL, NULL),
(793, '127.0.0.1', '喻子祥', '$2y$08$AhaA0U/sKzqu3wWtGkNHYekcD1LwDxkXZAFkIQz3PrgrTIffa/hMm', NULL, '', NULL, NULL, NULL, NULL, 1474986804, 0, 1, '喻子祥', NULL, NULL, NULL),
(794, '127.0.0.1', '杨志杰', '$2y$08$EmeGJuLC9B9a4fm./r9kM.1arpbAtVn2uY1otsHUEqp/b.Rv8mR9y', NULL, '', NULL, NULL, NULL, NULL, 1474986804, 0, 1, '杨志杰', NULL, NULL, NULL),
(795, '127.0.0.1', '罗俊宇', '$2y$08$.OyGmy8LAUBhu8yJtgAyFuIDtodzLJhCOHXZrERsI2EKdq8eRMUkq', NULL, '', NULL, NULL, NULL, NULL, 1474986804, 0, 1, '罗俊宇', NULL, NULL, NULL),
(796, '127.0.0.1', '肖何锦烨', '$2y$08$N6RQfqGClaYpk8b5F.pNjOZkDH2zCLk7cqeA5HtTRb6/k3JXnTrra', NULL, '', NULL, NULL, NULL, NULL, 1474986804, 0, 1, '肖何锦烨', NULL, NULL, NULL),
(797, '127.0.0.1', '胡钰祺', '$2y$08$xM6KTZxWcCDKjCrwlQm3FeIDGdUCoVMiRfhtRYUqn205eZIg0B0cy', NULL, '', NULL, NULL, NULL, NULL, 1474986804, 0, 1, '胡钰祺', NULL, NULL, NULL),
(798, '127.0.0.1', '胡毓轩', '$2y$08$iL/H7n37BNDkViDpVSiIyuUcsz8G2rE8en4FqTmPfob0jECvNf7h6', NULL, '', NULL, NULL, NULL, NULL, 1474986805, 0, 1, '胡毓轩', NULL, NULL, NULL),
(799, '127.0.0.1', '戴铭宸', '$2y$08$Ks4JJldjW6gJbyQHW9ACFuIrVsnIo2htiSKwr6R5Xx.rQBk4F9MfC', NULL, '', NULL, NULL, NULL, NULL, 1474986805, 0, 1, '戴铭宸', NULL, NULL, NULL),
(800, '127.0.0.1', '黄竞扬', '$2y$08$UWp9ubIr3lWwJmZZP4KYee4OsOqp5uUQ6b8qFaC61AyjIjhy/zPgS', NULL, '', NULL, NULL, NULL, NULL, 1474986805, 0, 1, '黄竞扬', NULL, NULL, NULL),
(801, '127.0.0.1', '刘稀见', '$2y$08$.P0407.ZVUTWuuzZj2/eieeHKl9JdI/.FhWGLLCRwLXdIsQzl/f5e', NULL, '', NULL, NULL, NULL, NULL, 1474986805, 0, 1, '刘稀见', NULL, NULL, NULL),
(802, '127.0.0.1', '刘为易', '$2y$08$HotCkfooVnaU3QCGXw8PuuSxTiqgd2/YzbdItZvMfMuzLkUObcQpi', NULL, '', NULL, NULL, NULL, NULL, 1474986805, 0, 1, '刘为易', NULL, NULL, NULL),
(803, '127.0.0.1', '朱佳煌', '$2y$08$1o8bSaojiqkg7HRYiEew7.WvXh9OCMn8uqOtUJXmQJjhgXuVlhxt6', NULL, '', NULL, NULL, NULL, NULL, 1474986805, 0, 1, '朱佳煌', NULL, NULL, NULL),
(804, '127.0.0.1', '沈炜涛', '$2y$08$KWpulOyPVGXxkc75JoGMn.O6wFniV8jan8u49d3naU6kqDkLd5ZT.', NULL, '', NULL, NULL, NULL, NULL, 1474986805, 0, 1, '沈炜涛', NULL, NULL, NULL),
(805, '127.0.0.1', '李中奥', '$2y$08$NypnposS2ZjhWefc1ixm2ufBwFbyDSnqM7B0V/cM2iqRHeDizF.Om', NULL, '', NULL, NULL, NULL, NULL, 1474986805, 0, 1, '李中奥', NULL, NULL, NULL),
(806, '127.0.0.1', '谭哲溪', '$2y$08$SNbPzlLhx3lj2uAJQfWW4e12Z9KEoEskgXHlxAxP7zlrzE/lICujW', NULL, '', NULL, NULL, NULL, NULL, 1474986805, 0, 1, '谭哲溪', NULL, NULL, NULL),
(807, '127.0.0.1', '张博轩', '$2y$08$TkNaEcfW6IP16BamsXNwjuCKLlvmkbHJzHYh9QTPubPflXbSoPs.i', NULL, '', NULL, NULL, NULL, NULL, 1474986805, 0, 1, '张博轩', NULL, NULL, NULL),
(808, '127.0.0.1', '杨亚烨', '$2y$08$4ZWRIc67s/uv6ZWZWz4ky.LRmeUP7IRPRa/ggSn7caipgppI1wJ3m', NULL, '', NULL, NULL, NULL, NULL, 1474986805, 0, 1, '杨亚烨', NULL, NULL, NULL),
(809, '127.0.0.1', '申奥琪', '$2y$08$Ur3whEzncVjpv2zgycyyCe2XVlNf7UXpCDW4JsseXHNFTeRWBOqPi', NULL, '', NULL, NULL, NULL, NULL, 1474986805, 0, 1, '申奥琪', NULL, NULL, NULL),
(810, '127.0.0.1', '樊宸瑄', '$2y$08$NU.nFl7LJmGr54L90u7rXu8XHQxWzguNIZufar0rIbCctV4rX9xNm', NULL, '', NULL, NULL, NULL, NULL, 1474986805, 0, 1, '樊宸瑄', NULL, NULL, NULL),
(811, '127.0.0.1', '陈政宇', '$2y$08$.EU.Cymsbi7X0F07ovz3/uSDxs3Cs9Heme60OV6TgpcK8526dI2mG', NULL, '', NULL, NULL, NULL, NULL, 1474986805, 0, 1, '陈政宇', NULL, NULL, NULL),
(812, '127.0.0.1', '潘思远', '$2y$08$n59JaYhv9lUe6tedmLW9tOoeyZIstp9AL1BSaYm8CI9T6gKGcWN9W', NULL, '', NULL, NULL, NULL, NULL, 1474986805, 0, 1, '潘思远', NULL, NULL, NULL),
(813, '127.0.0.1', '刘震宏', '$2y$08$StkdjZWuEGhC./grOgxkZOjCDD7lvtxaa1fXVLsHPiSgF/A.E.Ntu', NULL, '', NULL, NULL, NULL, NULL, 1474986805, 0, 1, '刘震宏', NULL, NULL, NULL),
(814, '127.0.0.1', '梁梓麟', '$2y$08$Kq3T1gZ76G93XL2xGNqqwel3TUCmHuUYRbjqWdianOBYorlPe4bz6', NULL, '', NULL, NULL, NULL, NULL, 1474986805, 0, 1, '梁梓麟', NULL, NULL, NULL),
(815, '127.0.0.1', '彭柯晓', '$2y$08$vjm5nbARZC65FRcXqmwPQOblmU.liMm7zCXDQMgR73w272mD.OSK2', NULL, '', NULL, NULL, NULL, NULL, 1474986805, 0, 1, '彭柯晓', NULL, NULL, NULL),
(816, '127.0.0.1', '朱宜轩', '$2y$08$nWSqCsHq4c69osIyvEaJGOmCQXoYLt8.IgSYcUvEbRWZOGXNpwekm', NULL, '', NULL, NULL, NULL, NULL, 1474986805, 0, 1, '朱宜轩', NULL, NULL, NULL),
(817, '127.0.0.1', '袁钛', '$2y$08$jjCxXqwLDs/9yUBrofOhpOwLQSKjOUdKQPiROWtMODejWTrbnoBQ2', NULL, '', NULL, NULL, NULL, NULL, 1474986805, 0, 1, '袁钛', NULL, NULL, NULL),
(818, '127.0.0.1', '刘俊豪', '$2y$08$JIhGHFk6XIT.JWQs56g9keYMS6TlbrkOMF5a8Yp1OKXmS.LY0O4y6', NULL, '', NULL, NULL, NULL, NULL, 1474986805, 0, 1, '刘俊豪', NULL, NULL, NULL),
(819, '127.0.0.1', '胡灿铭', '$2y$08$sCrO7g8ggdsGgTsHIjdkOu0y4.u6GQ4MFUzDwfefP0NoNWtUT18/.', NULL, '', NULL, NULL, NULL, NULL, 1474986805, 0, 1, '胡灿铭', NULL, NULL, NULL),
(820, '127.0.0.1', '唐劭涵', '$2y$08$qft4gSl03347BjGd.v9m4O/uVCOJ/TyCIVPlEoI6rzgJUKkWm6mP6', NULL, '', NULL, NULL, NULL, NULL, 1474986805, 0, 1, '唐劭涵', NULL, NULL, NULL),
(821, '127.0.0.1', '常紫涵', '$2y$08$48muQj/qIY7Gcmk1c2YJ7ec4dOLOJVAO3NUdNaGa8TFNINnB28PpG', NULL, '', NULL, NULL, NULL, NULL, 1474986805, 0, 1, '常紫涵', NULL, NULL, NULL),
(822, '127.0.0.1', '周子骞', '$2y$08$JibGSgAw.BzCizMFWaHEDO4E39JuiKKUhLKvZnvHJcQEsK7Rf/yly', NULL, '', NULL, NULL, NULL, NULL, 1474986805, 0, 1, '周子骞', NULL, NULL, NULL),
(823, '127.0.0.1', '余柯莹', '$2y$08$QWVpOpwDpBEHOb51Lbrkjee5mkBh8eI71rcv.khxTh3XfMm4OvYT.', NULL, '', NULL, NULL, NULL, NULL, 1474986805, 0, 1, '余柯莹', NULL, NULL, NULL),
(824, '127.0.0.1', '刘潇颖', '$2y$08$paMrPsG7ZjijjKzeieLLqe2ckUSw168.38IyYfyZ5YGxXyq9e77XO', NULL, '', NULL, NULL, NULL, NULL, 1474986806, 0, 1, '刘潇颖', NULL, NULL, NULL),
(825, '127.0.0.1', '张珈铭', '$2y$08$hVxH6YJkOsRVr0RJezAYxe8DMs5qpHr3q7IfdhkhD1RdpG/dOHCbK', NULL, '', NULL, NULL, NULL, NULL, 1474986806, 0, 1, '张珈铭', NULL, NULL, NULL),
(826, '127.0.0.1', '刘一苇', '$2y$08$qt4aNwJqZ2lNkoFP2osK2.Y2WcfQK6S9j8u9EAo.TchrYhzsjj7LG', NULL, '', NULL, NULL, NULL, NULL, 1474986806, 0, 1, '刘一苇', NULL, NULL, NULL),
(827, '127.0.0.1', '陶司意', '$2y$08$X69ZCFPKKbSyidpyO6Vy9uLUoCkzO158H2zQhch13mrYwt0E14aFy', NULL, '', NULL, NULL, NULL, NULL, 1474986806, 0, 1, '陶司意', NULL, NULL, NULL),
(828, '127.0.0.1', '冯晓妍', '$2y$08$E4lHyiIJNIDc/MzozFiOiewLc3zvFmfaBy7gApAogPv2jgJKeaAXm', NULL, '', NULL, NULL, NULL, NULL, 1474986806, 0, 1, '冯晓妍', NULL, NULL, NULL),
(829, '127.0.0.1', '刘苡萱', '$2y$08$/adqDmzDnduXv147lXyVwOTrb/68/.26WdfFdg74BXd43J/s3wGuG', NULL, '', NULL, NULL, NULL, NULL, 1474986806, 0, 1, '刘苡萱', NULL, NULL, NULL),
(830, '127.0.0.1', '欧阳楚', '$2y$08$TnVyFv.V.v6ZfjpeHCKcpuHz5syX.XCjoULR3KnorhQhOx9FDp3Qy', NULL, '', NULL, NULL, NULL, NULL, 1474986806, 0, 1, '欧阳楚', NULL, NULL, NULL),
(831, '127.0.0.1', '周泓雨', '$2y$08$c5/ZsKW/3NshXkAHgG8aEeCk3dLhijXTHv/E2dPpRbV/vSBO05MTG', NULL, '', NULL, NULL, NULL, NULL, 1474986806, 0, 1, '周泓雨', NULL, NULL, NULL),
(832, '127.0.0.1', '余子牧', '$2y$08$7RPAScxiJnO9arqL8qBC1ebRa7AZNCaFgAEjZJZ3cSU4AFFOZQPy2', NULL, '', NULL, NULL, NULL, NULL, 1474986806, 0, 1, '余子牧', NULL, NULL, NULL),
(833, '127.0.0.1', '蔡锦程', '$2y$08$qlNr3gw3ClI5cojzaCyF1evyk/UQ7y//A3vPWlWoJMwa2ZX7ns9Rq', NULL, '', NULL, NULL, NULL, NULL, 1474986806, 0, 1, '蔡锦程', NULL, NULL, NULL),
(834, '127.0.0.1', '刘睿杰', '$2y$08$Afg8eb4yj.xHYFr4OAo5audn7qVoCX0jyeng/OoZHYM.2uq5peTy6', NULL, '', NULL, NULL, NULL, NULL, 1474986806, 0, 1, '刘睿杰', NULL, NULL, NULL),
(835, '127.0.0.1', '文舜', '$2y$08$AwSRY9GMgQgX6q/uhLgK8eDo9aXpKqzoe3Bia9p6QDwTzcGz92/VS', NULL, '', NULL, NULL, NULL, NULL, 1474986806, 0, 1, '文舜', NULL, NULL, NULL),
(836, '127.0.0.1', '胡馨月', '$2y$08$VHYQCadsPixrKTaef0yHMuHUGl1D/y9.MOUzTOBCXpOiq.qBUPRs.', NULL, '', NULL, NULL, NULL, NULL, 1474986806, 0, 1, '胡馨月', NULL, NULL, NULL),
(837, '127.0.0.1', '熊欣怡', '$2y$08$HkZQYw/x9dWJc2H8ho4Mc.6U2Xbi4mc.5bq3A0xNR3o8D3HaXsz2q', NULL, '', NULL, NULL, NULL, NULL, 1474986806, 0, 1, '熊欣怡', NULL, NULL, NULL),
(838, '127.0.0.1', '左馨冉', '$2y$08$4LOC6twYG1QPlJkVGYQX0uDSqYwaABdOAir.t04zkWSvKafRZ/H7a', NULL, '', NULL, NULL, NULL, NULL, 1474986806, 0, 1, '左馨冉', NULL, NULL, NULL),
(839, '127.0.0.1', '颜家昕', '$2y$08$OowwADOJM6U7RaLwGqRrTOw6/Qnd8aYXtV/GtJfJ.LpfnN5O8zsRe', NULL, '', NULL, NULL, NULL, NULL, 1474986806, 0, 1, '颜家昕', NULL, NULL, NULL),
(840, '127.0.0.1', '李袁琪', '$2y$08$lWCfwjuhjjh9lLY7YOy4ruEJLG9wFSKo1RftS5a2rEMHYJO5QACCi', NULL, '', NULL, NULL, NULL, NULL, 1474986806, 0, 1, '李袁琪', NULL, NULL, NULL),
(841, '127.0.0.1', '陈程', '$2y$08$K6n2UHDFHCaHeVoSzgGiYeemX0Hj56Kixd9nCf6sreS6pDw/xqtWu', NULL, '', NULL, NULL, NULL, NULL, 1474986806, 0, 1, '陈程', NULL, NULL, NULL),
(842, '127.0.0.1', '廖芷婧', '$2y$08$Am7F0DW4.mak7LoHfe8ybOPKiQhhhEsK7TKu/DNK8riuaFY3daXVO', NULL, '', NULL, NULL, NULL, NULL, 1474986806, 0, 1, '廖芷婧', NULL, NULL, NULL),
(843, '127.0.0.1', '贺瑞烜', '$2y$08$OjVWZ.qtF9rqg2pNkWt2je75T8XWEajiVhLZzOjpVHFvpcCHsuQXa', NULL, '', NULL, NULL, NULL, NULL, 1474986806, 0, 1, '贺瑞烜', NULL, NULL, NULL),
(844, '127.0.0.1', '刘志恒', '$2y$08$RiPhtx6103/GQ5JOsY8xKO5XAvHXj/BEsxioYJuNI1t/JOz361dx6', NULL, '', NULL, NULL, NULL, NULL, 1474986806, 0, 1, '刘志恒', NULL, NULL, NULL),
(845, '127.0.0.1', '王雨馨', '$2y$08$jcZUB5WgtAbYVIsfW3S86uBQUXuQpRHSyv3574Mr0qK0lvh0QX.Y.', NULL, '', NULL, NULL, NULL, NULL, 1474986806, 0, 1, '王雨馨', NULL, NULL, NULL),
(846, '127.0.0.1', '黄山', '$2y$08$qgTJWegId1pRVgoaobtP1OpiDbIFaAPHA0LOdY5cWA.ZivBCaglKq', NULL, '', NULL, NULL, NULL, NULL, 1474986806, 0, 1, '黄山', NULL, NULL, NULL),
(847, '127.0.0.1', '黄湘妮', '$2y$08$Gc4T02M9r94zXY.eJf0JdOQUy7SZ/Q7Gse6wLd.mp.zhHz7EfGB7u', NULL, '', NULL, NULL, NULL, NULL, 1474986806, 0, 1, '黄湘妮', NULL, NULL, NULL),
(848, '127.0.0.1', '李辰皓', '$2y$08$uVuHhylLNjX.vAZZxxwm9.fX.lwAXkVe3KSBtdxOvfHvH.PsdKbnm', NULL, '', NULL, NULL, NULL, NULL, 1474986806, 0, 1, '李辰皓', NULL, NULL, NULL),
(849, '127.0.0.1', '邓丽莎', '$2y$08$LE9pMSAwd1H4MV1GHG3n3.ilYWYg6YBZ5C5dtO/OXniNIF4ARTWju', NULL, '', NULL, NULL, NULL, NULL, 1474986807, 0, 1, '邓丽莎', NULL, NULL, NULL),
(850, '127.0.0.1', '陈熙杰', '$2y$08$qmgtXX10p5jAvZxExuQYuODZbRJ9RvBKPN88pmYCIwmZOSDmCG8Xa', NULL, '', NULL, NULL, NULL, NULL, 1474986807, 0, 1, '陈熙杰', NULL, NULL, NULL),
(851, '127.0.0.1', '彭诗尧', '$2y$08$eKjKq6WMneZVU5ZtoORoH.Wd5gjYOXTP32.UYdqadZtsd5WggyyaK', NULL, '', NULL, NULL, NULL, NULL, 1474986807, 0, 1, '彭诗尧', NULL, NULL, NULL),
(852, '127.0.0.1', '王浩然', '$2y$08$KQloGT8UY0LsRTGlFiBsFOLr/euKVh36RK3LEc3p3VX6OjmydQdDe', NULL, '', NULL, NULL, NULL, NULL, 1474986807, 0, 1, '王浩然', NULL, NULL, NULL),
(853, '127.0.0.1', '张博帆', '$2y$08$NgKVzApdVpNXPt4AbrfsEurVyX6bdVu2mSMh9CTm5a2otV5l1nhdi', NULL, '', NULL, NULL, NULL, NULL, 1474986807, 0, 1, '张博帆', NULL, NULL, NULL),
(854, '127.0.0.1', '程楷轩', '$2y$08$pFqXUQRDcTV5RAuAG34PEeQgP7imLCchwSQoXakn3M8GhTD10D3J2', NULL, '', NULL, NULL, NULL, NULL, 1474986807, 0, 1, '程楷轩', NULL, NULL, NULL),
(855, '127.0.0.1', '王凯瑞', '$2y$08$slJ3QiHMdi5LXBQZW2tYPunU46WWEiMLa2m.oA7Euzvq53ypnrJmO', NULL, '', NULL, NULL, NULL, NULL, 1474986807, 0, 1, '王凯瑞', NULL, NULL, NULL),
(856, '127.0.0.1', '崔子坤', '$2y$08$77zCMUN6F1tjXS2/hsoaherNcGFiiy7A/4CEYM33e9MfJwmecO8Zq', NULL, '', NULL, NULL, NULL, NULL, 1474986807, 0, 1, '崔子坤', NULL, NULL, NULL),
(857, '127.0.0.1', '苏子谦', '$2y$08$dFRd7UPzL0XFNn2bdk.t2u6Qssz74SOnXVDKrr8CLwjyJgW/23nuu', NULL, '', NULL, NULL, NULL, NULL, 1474986807, 0, 1, '苏子谦', NULL, NULL, NULL),
(858, '127.0.0.1', '于钱', '$2y$08$XOPTiUX4L4r06OYBxzn0G.Z0p5AWm.xEhjGXuIBp4qzZ1a4BVHfO6', NULL, '', NULL, NULL, NULL, NULL, 1474986807, 0, 1, '于钱', NULL, NULL, NULL),
(859, '127.0.0.1', '姜雅薰', '$2y$08$FQJJBmM.U2H8/vSKMm1Om.gTVUbrLt68Ftj7opC2DtmDARh5x9U26', NULL, '', NULL, NULL, NULL, NULL, 1474986807, 0, 1, '姜雅薰', NULL, NULL, NULL),
(860, '127.0.0.1', '唐筱珂', '$2y$08$rOJ1ZgPdhmv9rwkAsqVfTOEQg.WbZXUx7qxh7HtOTB7qzUzYOQF7G', NULL, '', NULL, NULL, NULL, NULL, 1474986807, 0, 1, '唐筱珂', NULL, NULL, NULL),
(861, '127.0.0.1', '李雨函', '$2y$08$lwI2FSNVLmxIyfCW5WjxUe.k/elEWRVLMYUT30GtFEdPx7oyo8Gky', NULL, '', NULL, NULL, NULL, NULL, 1474986807, 0, 1, '李雨函', NULL, NULL, NULL),
(862, '127.0.0.1', '赵英琦', '$2y$08$LwzZqcxshLobQxqA60uRjuR7LOwICraxYr9Egko3yNHAnWFKe32Nm', NULL, '', NULL, NULL, NULL, NULL, 1474986807, 0, 1, '赵英琦', NULL, NULL, NULL),
(863, '127.0.0.1', '贺棽', '$2y$08$wZgmXIDe7jqNTiTp.4gbF.joIcSd6EyFEwTXcV9PRuVlfb2M0cz6q', NULL, '', NULL, NULL, NULL, NULL, 1474986807, 0, 1, '贺棽', NULL, NULL, NULL),
(864, '127.0.0.1', '袁葆臻', '$2y$08$r32JiP88xgPfH5p6eFbzwuku.peQdBpoKK/BQEcDHN0SxTcyThgNy', NULL, '', NULL, NULL, NULL, NULL, 1474986807, 0, 1, '袁葆臻', NULL, NULL, NULL),
(865, '127.0.0.1', '唐垂意', '$2y$08$69VNACznbTwbGxSgiIczDumogq9JAnd/7NXie0bdNJkITuWDVj9Ua', NULL, '', NULL, NULL, NULL, NULL, 1474986807, 0, 1, '唐垂意', NULL, NULL, NULL),
(866, '127.0.0.1', '王雯煜', '$2y$08$Y04O7Do3FTDP51WTUyA/y.yrL1PTC49HJnQZjon0nqEUr99aCRSnS', NULL, '', NULL, NULL, NULL, NULL, 1474986807, 0, 1, '王雯煜', NULL, NULL, NULL),
(867, '127.0.0.1', '张梓琳', '$2y$08$dyGjF7lgMNT3qE7AdejV5OvPZgZtgUVw1o.qeNmViynozSl2Wjul2', NULL, '', NULL, NULL, NULL, NULL, 1474986807, 0, 1, '张梓琳', NULL, NULL, NULL),
(868, '127.0.0.1', '陈斯窈', '$2y$08$ZU6BPMpmNUTUucKptHrcg.OlfD33T85DxDgilcNcDnatgSIJOmE5i', NULL, '', NULL, NULL, NULL, NULL, 1474986807, 0, 1, '陈斯窈', NULL, NULL, NULL),
(869, '127.0.0.1', '谭诗琦', '$2y$08$xizvNk0GdL9ORKpwUFmIGOI1roLQnhM2w4OxcRrV3jtpq5dv8T9im', NULL, '', NULL, NULL, NULL, NULL, 1474986807, 0, 1, '谭诗琦', NULL, NULL, NULL),
(870, '127.0.0.1', '周润松', '$2y$08$MTEuLEABAgxbVFD6LG6HDeoCmyYMiuRCpZbbaONZqRPvhtiYiljRq', NULL, '', NULL, NULL, NULL, NULL, 1474986807, 0, 1, '周润松', NULL, NULL, NULL),
(871, '127.0.0.1', '龙欢', '$2y$08$9PZSv9zLO8BcOWFoDWVFuufgkF1h0YrKQ4QRuT4BLmNa.gPgPi99m', NULL, '', NULL, NULL, NULL, NULL, 1474986807, 0, 1, '龙欢', NULL, NULL, NULL),
(872, '127.0.0.1', '魏梓轩', '$2y$08$ZlCiZJHZLqq4jnQM33VSheEPzoQbNa1BMrPS3YFlJsOnhKYivn1Ne', NULL, '', NULL, NULL, NULL, NULL, 1474986807, 0, 1, '魏梓轩', NULL, NULL, NULL),
(873, '127.0.0.1', '刘妍西', '$2y$08$7KXTFuGQ1ZpSfDPYfDpjOeMrHdDYizUJrC91CWHwzXfBMrTKG6Ske', NULL, '', NULL, NULL, NULL, NULL, 1474986807, 0, 1, '刘妍西', NULL, NULL, NULL),
(874, '127.0.0.1', '陈鑫', '$2y$08$4ZXMkpNt3iWJbsFp4JppluXuNYFEeo1jcl0Vt14bIrL2XJqGDvzJG', NULL, '', NULL, NULL, NULL, NULL, 1474986808, 0, 1, '陈鑫', NULL, NULL, NULL),
(875, '127.0.0.1', '李熠辰', '$2y$08$MIUV624Daj7RHslL5wxwT.08WYmRs3x7gXN1uof5lrPoDGFXXVspG', NULL, '', NULL, NULL, NULL, NULL, 1474986808, 0, 1, '李熠辰', NULL, NULL, NULL),
(876, '127.0.0.1', '唐筱婉', '$2y$08$SYwCDyUalUCuYX2zDUsLYeonX3Ewj46cae1ZyN7Prf3J9y5bFB7/i', NULL, '', NULL, NULL, NULL, NULL, 1474986808, 0, 1, '唐筱婉', NULL, NULL, NULL),
(877, '127.0.0.1', '皮昊天', '$2y$08$inZP5vCz85UvZ2sHr4cqUOuHol/8cc4lI3k7FgFaIwpQPdZmpoh32', NULL, '', NULL, NULL, NULL, NULL, 1474986808, 0, 1, '皮昊天', NULL, NULL, NULL),
(878, '127.0.0.1', '左礼铭', '$2y$08$aGQc/S1cwpaWmECZcmLLB.EfMgeQwJOPDsefzzflbt.40cS9DaijW', NULL, '', NULL, NULL, NULL, NULL, 1474986808, 0, 1, '左礼铭', NULL, NULL, NULL),
(879, '127.0.0.1', '曾紫涵', '$2y$08$oU50dVa21yQiofcm0bl4kOd7pBOoPXG5FXO9vvdWn6J17bSunwKLa', NULL, '', NULL, NULL, NULL, NULL, 1474986808, 0, 1, '曾紫涵', NULL, NULL, NULL),
(880, '127.0.0.1', '陈星妤', '$2y$08$cgmz/aApGLOdCWWOLeoq6.jA3XTIGkXoZwlCuBB1A9sSR20W4KIEm', NULL, '', NULL, NULL, NULL, NULL, 1474986808, 0, 1, '陈星妤', NULL, NULL, NULL),
(881, '127.0.0.1', '孙誉玮', '$2y$08$xG0kVQcznWm1EqYMqKMYP.uuHUZhgzP6QUnMQH4XLqTwpdANbsCxu', NULL, '', NULL, NULL, NULL, NULL, 1474986808, 0, 1, '孙誉玮', NULL, NULL, NULL),
(882, '127.0.0.1', '苏静雅', '$2y$08$zFD54IJu4bjAjKEt5BuOLuPgeaC9YMQydhQIBmBRStDG7MNQaH//6', NULL, '', NULL, NULL, NULL, NULL, 1474986808, 0, 1, '苏静雅', NULL, NULL, NULL),
(883, '127.0.0.1', '唐浙皓', '$2y$08$bqzpVbsMpQdK1gcyOX2QQuBzZWLxww2nsBo0d0NpDD4OXI94gJG1y', NULL, '', NULL, NULL, NULL, NULL, 1474986808, 0, 1, '唐浙皓', NULL, NULL, NULL),
(884, '127.0.0.1', '杨欣林', '$2y$08$pq.WhhN4/Hkvgz350NxIz.dIK.PCjSD5aXTP1Qy/btajGedG0CtT2', NULL, '', NULL, NULL, NULL, NULL, 1474986808, 0, 1, '杨欣林', NULL, NULL, NULL),
(885, '127.0.0.1', '龚润石', '$2y$08$Cx78go2Mq24YWFTOSUlBW.8zvJDcjQvPvDRCaRdzeuWUnxsCeWY5S', NULL, '', NULL, NULL, NULL, NULL, 1474986808, 0, 1, '龚润石', NULL, NULL, NULL),
(886, '127.0.0.1', '陈子佳', '$2y$08$LPtd63v.pFl6E488oc.IxuOfZh/MMpPOcwJ/fc2njmC4igB2YGyVG', NULL, '', NULL, NULL, NULL, NULL, 1474986808, 0, 1, '陈子佳', NULL, NULL, NULL),
(887, '127.0.0.1', '陈雨泽', '$2y$08$GoKdLfDZ8US.juXsQrQccuPTpLoIDuTksF/2Rnwr9N3OBFoW..yee', NULL, '', NULL, NULL, NULL, NULL, 1474986808, 0, 1, '陈雨泽', NULL, NULL, NULL),
(888, '127.0.0.1', '蒋佩颐', '$2y$08$0L15PzL5B1NWCGG/tR94Keta5vx4haow6UuH106.2VibMeNW2L2yG', NULL, '', NULL, NULL, NULL, NULL, 1474986808, 0, 1, '蒋佩颐', NULL, NULL, NULL),
(889, '127.0.0.1', '陈劲帆', '$2y$08$irMPEmkN8juLcRvIDab7yOwRvzT7lbsnh3YlQQOxOO/Ad2IVD6jCm', NULL, '', NULL, NULL, NULL, NULL, 1474986808, 0, 1, '陈劲帆', NULL, NULL, NULL),
(890, '127.0.0.1', '彭磊', '$2y$08$v35fqUffwh4xVmbSrLTof.DXtkttF8uQ24vlekuJT7KY19hqJqRSS', NULL, '', NULL, NULL, NULL, NULL, 1474986808, 0, 1, '彭磊', NULL, NULL, NULL),
(891, '127.0.0.1', '尤利舟', '$2y$08$mSaXmbSChEePSfxylWywuOxxaPyl0M1VUzO9059wjG1C1iVCvAZTq', NULL, '', NULL, NULL, NULL, NULL, 1474986808, 0, 1, '尤利舟', NULL, NULL, NULL),
(892, '127.0.0.1', '姚睿熙', '$2y$08$G0VqaMEW2XPDweo1S5LVWeZAJx8JlHHzAezoJbgyu10QkS1.AHquO', NULL, '', NULL, NULL, NULL, NULL, 1474986808, 0, 1, '姚睿熙', NULL, NULL, NULL),
(893, '127.0.0.1', '蔡嘉宜', '$2y$08$S2a4wUMu1cjT2dLJLiDyP.dR5L7cgYR4UtKUBskbIIVNzXYOtVNBC', NULL, '', NULL, NULL, NULL, NULL, 1474986808, 0, 1, '蔡嘉宜', NULL, NULL, NULL),
(894, '127.0.0.1', '张锦博', '$2y$08$Nhm5O9X2kNFPPXgpv4Cffup9y3F/Q4EOO57kO7d6FTSSnXXDVb/7u', NULL, '', NULL, NULL, NULL, NULL, 1474986808, 0, 1, '张锦博', NULL, NULL, NULL),
(895, '127.0.0.1', '戴亦璐', '$2y$08$oQo7Cq2ivNFOSg/w.Tqz6Onaz6xhCfJTfURfawlOMBIRNXoWDR19a', NULL, '', NULL, NULL, NULL, NULL, 1474986808, 0, 1, '戴亦璐', NULL, NULL, NULL),
(896, '127.0.0.1', '易梓琳', '$2y$08$u0g0gE.iCzTThQ8eXDNiP.g1MDOqI5dqpM/xHm/usFzCkU/KU8LDW', NULL, '', NULL, NULL, NULL, NULL, 1474986808, 0, 1, '易梓琳', NULL, NULL, NULL),
(897, '127.0.0.1', '刘鸿儒', '$2y$08$bDGCFmAmJNMtXk/qn7MS5.jI64iJkfx0AKgHcoDekv5Kwh9WKNb7C', NULL, '', NULL, NULL, NULL, NULL, 1474986808, 0, 1, '刘鸿儒', NULL, NULL, NULL),
(898, '127.0.0.1', '陈美霖', '$2y$08$fEDoQGGdz9DsMoEZd3Lu0.O6C3iwLbEbeQM14Zr.xZFoIdkfLF3s6', NULL, '', NULL, NULL, NULL, NULL, 1474986808, 0, 1, '陈美霖', NULL, NULL, NULL),
(899, '127.0.0.1', '袁维择', '$2y$08$ZhvqouEi5lkkLSMhIXg25Oc3GMa0aUUg0/fPk8eB2oq39abEuYrGK', NULL, '', NULL, NULL, NULL, NULL, 1474986808, 0, 1, '袁维择', NULL, NULL, NULL),
(900, '127.0.0.1', '唐瑞垚', '$2y$08$FhpCpG6lZVX1xCj0ngusku98Viq.FrXQaaC.SNpzljyHEK9NzUq7K', NULL, '', NULL, NULL, NULL, NULL, 1474986809, 0, 1, '唐瑞垚', NULL, NULL, NULL),
(901, '127.0.0.1', '邓佳浪', '$2y$08$A8WoY1IEyGL8h8n0neQx2ubfVQHXsHFXtoT3.PwhBEChldmXSU9Zu', NULL, '', NULL, NULL, NULL, NULL, 1474986809, 0, 1, '邓佳浪', NULL, NULL, NULL),
(902, '127.0.0.1', '罗都有', '$2y$08$MNb8zeGRkAGBGaQVh8f7..V1Imx0KbkKpMfz0VdsjzAXARk/soh/e', NULL, '', NULL, NULL, NULL, NULL, 1474986809, 0, 1, '罗都有', NULL, NULL, NULL),
(903, '127.0.0.1', '张珏琳', '$2y$08$wb9/Zv9062fuVbL9s65Wue7K9sYI/6omnbOYdPXK7.3Ze8KNXYj0a', NULL, '', NULL, NULL, NULL, NULL, 1474986809, 0, 1, '张珏琳', NULL, NULL, NULL),
(904, '127.0.0.1', '文一如', '$2y$08$N6Ri9r52PDrYRI5yrdRam.H3ATVyDmymN3ZGKYxxIeU8tDf1CvTiG', NULL, '', NULL, NULL, NULL, NULL, 1474986809, 0, 1, '文一如', NULL, NULL, NULL),
(905, '127.0.0.1', '赵铭宇', '$2y$08$EkXVzHL41x2z3E7KvXOb8OQGBY4vJdefL4ILULzNtYcss.DXwqQ.O', NULL, '', NULL, NULL, NULL, NULL, 1474986809, 0, 1, '赵铭宇', NULL, NULL, NULL),
(906, '127.0.0.1', '朱翔', '$2y$08$sTAgEg0CbVcYkN9MSPDIV.V1JpMoPdPBfq0R4BfsCowqzJzACkNve', NULL, '', NULL, NULL, NULL, NULL, 1474986809, 0, 1, '朱翔', NULL, NULL, NULL),
(907, '127.0.0.1', '刘芯怡', '$2y$08$sp7DUxzfZbutMA3jOjOMD.mTFpcp3oys3VLn3X/LiPCZNOxPAvpSK', NULL, '', NULL, NULL, NULL, NULL, 1474986809, 0, 1, '刘芯怡', NULL, NULL, NULL),
(908, '127.0.0.1', '韩睿', '$2y$08$BdRWyJZIZVnwildr7kyvYOG.QheHM4NIfQ9EihObw/WMhaVitA/CK', NULL, '', NULL, NULL, NULL, NULL, 1474986809, 0, 1, '韩睿', NULL, NULL, NULL),
(909, '127.0.0.1', '彭钟慧', '$2y$08$0RS8gd.S9bRGrdoKFFrfHeDDjpz4A1NL34o1PFjzlGCyy1Wla7u.e', NULL, '', NULL, NULL, NULL, NULL, 1474986809, 0, 1, '彭钟慧', NULL, NULL, NULL),
(910, '127.0.0.1', '胡颖', '$2y$08$ghMglIBVtIEvqC3oECDFF.wJImF0R6MLNob8Uql7gxI9Zv0ZKhLrC', NULL, '', NULL, NULL, NULL, NULL, 1474986809, 0, 1, '胡颖', NULL, NULL, NULL),
(911, '127.0.0.1', '柯黎一乐', '$2y$08$3jrKaIplhbcnEwXTaV66pObk6JESYuHSTXXFekrWfml8Fkz7BeFOe', NULL, '', NULL, NULL, NULL, NULL, 1474986809, 0, 1, '柯黎一乐', NULL, NULL, NULL),
(912, '127.0.0.1', '蔡俊杰', '$2y$08$oEFSQm/yFy8iF7UEqY0pweyP1LUV8hRi/e24gyK..KMUIdyzEdh/K', NULL, '', NULL, NULL, NULL, NULL, 1474986809, 0, 1, '蔡俊杰', NULL, NULL, NULL),
(913, '127.0.0.1', '倪浚浩', '$2y$08$.zYAclaHo4hMc5tcEqJp0uj2Rilpq2OB9.QRtv1gKfRCvJXjr1j/.', NULL, '', NULL, NULL, NULL, NULL, 1474986809, 0, 1, '倪浚浩', NULL, NULL, NULL),
(914, '127.0.0.1', '王雨萱', '$2y$08$0orqFdanhXCWaunrN0Hd8e7afPaZ/aeCHH8ZEYfrR2gpxrpmEe09C', NULL, '', NULL, NULL, NULL, NULL, 1474986809, 0, 1, '王雨萱', NULL, NULL, NULL),
(915, '127.0.0.1', '刘锦诚', '$2y$08$n5OEWhNzR49f5JMcxsU9w.3juHnbRvx3GW4umFfwhjtgWXRtUl4yG', NULL, '', NULL, NULL, NULL, NULL, 1474986809, 0, 1, '刘锦诚', NULL, NULL, NULL),
(916, '127.0.0.1', '许颖', '$2y$08$HK5I6HgH6Qfp.FoEc7PK4OtZhWXdhy.I8i9ywVtxIP0EyURMfuo5m', NULL, '', NULL, NULL, NULL, NULL, 1474986809, 0, 1, '许颖', NULL, NULL, NULL),
(917, '127.0.0.1', '邹沛洋', '$2y$08$202JeGXQ55vWP3IzPbnLF.9KwwRkAusnm0LoanbPbECkSOPSubhiO', NULL, '', NULL, NULL, NULL, NULL, 1474986809, 0, 1, '邹沛洋', NULL, NULL, NULL),
(918, '127.0.0.1', '龚文杰', '$2y$08$6adRWVMeB394SiweQa/gzOj3otfXF8Za.f1voo0fq4BopuDSVqtKW', NULL, '', NULL, NULL, NULL, NULL, 1474986809, 0, 1, '龚文杰', NULL, NULL, NULL),
(919, '127.0.0.1', '周涵宇', '$2y$08$CmrF5CD96VU0vjhXrfv69OXNQiQHAeeXVG/mGkl/GRWVP2vQO9s0e', NULL, '', NULL, NULL, NULL, NULL, 1474986809, 0, 1, '周涵宇', NULL, NULL, NULL),
(920, '127.0.0.1', '邓邵宇', '$2y$08$6su8H19RTejJi2Ch/f.vIOLx3V18FaA0ytCbGkoitrIxmRjsPi./e', NULL, '', NULL, NULL, NULL, NULL, 1474986809, 0, 1, '邓邵宇', NULL, NULL, NULL),
(921, '127.0.0.1', '周韬宇', '$2y$08$7oFH1nR2lQLmOY4P1xR8FOqLfpKeSCzDzlKMuh/0WsC2LRzNEaCKK', NULL, '', NULL, NULL, NULL, NULL, 1474986809, 0, 1, '周韬宇', NULL, NULL, NULL),
(922, '127.0.0.1', '彭煜涵', '$2y$08$d0c9e6Knzasr0WzCiIk86usy/yynqqMbSa6nPSMuEQAYs/3ERzlly', NULL, '', NULL, NULL, NULL, NULL, 1474986809, 0, 1, '彭煜涵', NULL, NULL, NULL),
(923, '127.0.0.1', '王文斌', '$2y$08$zIZtQOpVHVjvV0LHmwE7R.OJsNvE9uNogafcyWF2sRDWucRi7HEy.', NULL, '', NULL, NULL, NULL, NULL, 1474986809, 0, 1, '王文斌', NULL, NULL, NULL),
(924, '127.0.0.1', '吴敏佳', '$2y$08$EcKjAXaEcIj9c1GU/EkRCuDbKn3WtIJ6NWrBZvF.xt.Lnz66f4juu', NULL, '', NULL, NULL, NULL, NULL, 1474986809, 0, 1, '吴敏佳', NULL, NULL, NULL),
(925, '127.0.0.1', '张曦予', '$2y$08$.1X2TVunMKHFzQIie/znpuaf7bMOJUoQSpZOj97BYwIcT/eyWVL0i', NULL, '', NULL, NULL, NULL, NULL, 1474986809, 0, 1, '张曦予', NULL, NULL, NULL),
(926, '127.0.0.1', '张祺煊', '$2y$08$WsjgZpeEG9frylUyg54Isen9ujUBkQ9uPqqu8d8FvzrUWnrtE6r/S', NULL, '', NULL, NULL, NULL, NULL, 1474986810, 0, 1, '张祺煊', NULL, NULL, NULL),
(927, '127.0.0.1', '李海容', '$2y$08$n4TU1O8s.1RDOyXogZa4zOzq83cv2KYj32ZAqrENB8tbDblT6643O', NULL, '', NULL, NULL, NULL, NULL, 1474986810, 0, 1, '李海容', NULL, NULL, NULL),
(928, '127.0.0.1', '谭俊熙', '$2y$08$h.L5nqxWegxuuWAyHzWK/uDvGUDNHWhV4Mq3yQXK3hu9eASoWXmaa', NULL, '', NULL, NULL, NULL, NULL, 1474986810, 1474987650, 1, '谭俊熙', NULL, NULL, NULL),
(929, '127.0.0.1', '袁泽轩', '$2y$08$jqfmCid6AlHRotbDeLDdY.oGR/9B7OrxrSP3OO9ME.4AX1NF7mBS.', NULL, '', NULL, NULL, NULL, NULL, 1474986810, 0, 1, '袁泽轩', NULL, NULL, NULL),
(930, '127.0.0.1', '黄玉洁', '$2y$08$iaz8KAj3RjGqL713oGkzqO3bufeLuGd2mcJ5dWVplY4nSOjzWXwyq', NULL, '', NULL, NULL, NULL, NULL, 1474986810, 0, 1, '黄玉洁', NULL, NULL, NULL),
(931, '127.0.0.1', '卢仁杰', '$2y$08$ci60cJuodTPI4KcrCLPni.Q6HUy6GYruD8jGb0gS.CiEWZYnTChIW', NULL, '', NULL, NULL, NULL, NULL, 1474986810, 0, 1, '卢仁杰', NULL, NULL, NULL),
(932, '127.0.0.1', '凌诗淇', '$2y$08$c3eZcYRF2rn7PQmFNr/FAODHb8bYk5oNdRkuzCsGKscGuon.9Fzkq', NULL, '', NULL, NULL, NULL, NULL, 1474986810, 0, 1, '凌诗淇', NULL, NULL, NULL),
(933, '127.0.0.1', '郑傲宁', '$2y$08$wxdftpb.HT9tuSZXUyi8dOheT2j1QsVuGqUf5fOVRyvP0oKN3t/8y', NULL, '', NULL, NULL, NULL, NULL, 1474986810, 0, 1, '郑傲宁', NULL, NULL, NULL),
(934, '127.0.0.1', '李锦洲', '$2y$08$.R6X6rq2M02crwNrUvJFluDZdgoa7D8Uepgoy2A13jsk3el21zqOK', NULL, '', NULL, NULL, NULL, NULL, 1474986810, 0, 1, '李锦洲', NULL, NULL, NULL),
(935, '127.0.0.1', '宋思辰', '$2y$08$Q7rDrkXjWbK.8rk89rTpgOtsH9RzX/VikxuTPo0SFsc8acZyaOmNW', NULL, '', NULL, NULL, NULL, NULL, 1474986810, 0, 1, '宋思辰', NULL, NULL, NULL),
(1077, '127.0.0.1', '唐冬梅', '$2y$08$EMI/5TGwLYwz9yZHCs/xV.B7WCX2vMCjJBcUQ7cWZ53BOSupoatXG', NULL, '', NULL, NULL, NULL, NULL, 1475552110, 0, 1, '唐冬梅', NULL, NULL, NULL),
(1078, '127.0.0.1', '罗霞', '$2y$08$Tt8HpcHtcumEPZCja7oaa..UPiwG/nBv26byV3q9I7Et2w2l5rw.m', NULL, '', NULL, NULL, NULL, NULL, 1475552110, 0, 1, '罗霞', NULL, NULL, NULL),
(1079, '127.0.0.1', '陈薇', '$2y$08$P7c8xX766rZo4fWR03w8KORfXjZZOmn7ZqsFx0Lvd0p3PO2c9t85y', NULL, '', NULL, NULL, NULL, NULL, 1475552110, 0, 1, '陈薇', NULL, NULL, NULL),
(1080, '127.0.0.1', '姚攀', '$2y$08$k/zjoD9L5lR2FtzA1wPk7eGrWEbW2u0RCsAx6R9AxQ5hCDpspE.VS', NULL, '', NULL, NULL, NULL, NULL, 1475552110, 0, 1, '姚攀', NULL, NULL, NULL),
(1081, '127.0.0.1', '王蓉', '$2y$08$1KQd11rXS1pyU2SFc6KCHeR2Ymviu3a/Gt4wVONJxlGylhHePxu0y', NULL, '', NULL, NULL, NULL, NULL, 1475552110, 0, 1, '王蓉', NULL, NULL, NULL),
(1082, '127.0.0.1', '李宜', '$2y$08$m8d1UsRGYcQIvyIEmAhSve5P0ZyCtDKc9xVq4I8ebPHlMX1csN6SS', NULL, '', NULL, NULL, NULL, NULL, 1475552110, 0, 1, '李宜', NULL, NULL, NULL),
(1083, '127.0.0.1', '赵毅', '$2y$08$jlX9djWymBcesqzAUFgIpuW5v2dITI1yoB.qm0IIEPBHsVf3w7mgu', NULL, '', NULL, NULL, NULL, NULL, 1475552110, 0, 1, '赵毅', NULL, NULL, NULL),
(1084, '127.0.0.1', '周莹', '$2y$08$7/HCRTQQyie19yG/Mq1WlOP2ABKOGONiWd85Q.xc1aC5o8xw2Y9Pm', NULL, '', NULL, NULL, NULL, NULL, 1475552110, 0, 1, '周莹', NULL, NULL, NULL),
(1085, '127.0.0.1', '许建新', '$2y$08$zaGscOwo6hIqLbJ5ga7ZsusRixiDbJXViOj09QTjrpEhL0Vfq4SR.', NULL, '', NULL, NULL, NULL, NULL, 1475552110, 0, 1, '许建新', NULL, NULL, NULL),
(1086, '127.0.0.1', '胡智文', '$2y$08$jHD4JsqTAOkVLlmX3TqUsenQu.QO3lSJLMCU9/xZ.LUI8LTGaMxb.', NULL, '', NULL, NULL, NULL, NULL, 1475552110, 0, 1, '胡智文', NULL, NULL, NULL),
(1087, '127.0.0.1', '黄波', '$2y$08$bOvSe7gGjHhBu6ynLu0ikuh6k7pgnojvQ7KlHvc3n1rS3FlQfFKyK', NULL, '', NULL, NULL, NULL, NULL, 1475552110, 0, 1, '黄波', NULL, NULL, NULL),
(1088, '127.0.0.1', '胡双一', '$2y$08$J5bUxatLa6.RnIu9AP81.eTCzT8NbxtFEbhv6MugpOq.Xvgp4tbCm', NULL, '', NULL, NULL, NULL, NULL, 1475552110, 0, 1, '胡双一', NULL, NULL, NULL),
(1089, '127.0.0.1', '肖元芳', '$2y$08$HlYrTTQ1I/YHQtxI7nQyHOmBt/o.0ndqFhJsyfVhS4n4ttINwljM.', NULL, '', NULL, NULL, NULL, NULL, 1475552110, 0, 1, '肖元芳', NULL, NULL, NULL),
(1090, '127.0.0.1', '魏菲', '$2y$08$N/AyUa5lfffN58Y08bFkXOe2JpSdfXTcPagHMqgwNeGr1lO6osHhS', NULL, '', NULL, NULL, NULL, NULL, 1475552110, 0, 1, '魏菲', NULL, NULL, NULL),
(1091, '127.0.0.1', '黄菁', '$2y$08$xq.5UfOdkdEFTVCSs0R42Oiof8o998BHIOViCbhxHaapPK6EN/liO', NULL, '', NULL, NULL, NULL, NULL, 1475552110, 0, 1, '黄菁', NULL, NULL, NULL),
(1092, '127.0.0.1', '蔡燕霞', '$2y$08$PsU2wwk3TrtyVC8DWpYFHeELCnnLdCL9f40Zh1QCA.G9GXGHnyXpC', NULL, '', NULL, NULL, NULL, NULL, 1475552110, 0, 1, '蔡燕霞', NULL, NULL, NULL),
(1093, '127.0.0.1', '谭柳', '$2y$08$sINsuUrnZgkyJ4fsnk1wTeUGg1i23PDRivk2AGAu7m1eMqtYh4va6', NULL, '', NULL, NULL, NULL, NULL, 1475552110, 0, 1, '谭柳', NULL, NULL, NULL),
(1094, '127.0.0.1', '林细艳', '$2y$08$BBqtbvBCmE5bp3F6MAwHHeXmR0x1GBrZS3IBOFFvy.qC9vLOe1V86', NULL, '', NULL, NULL, NULL, NULL, 1475552110, 0, 1, '林细艳', NULL, NULL, NULL),
(1095, '127.0.0.1', '田利群', '$2y$08$f1yOMG.fmsz2x6LM0Ii7G.m76CG8ZSH2biyvFcn/Y6k./lkVJhMG.', NULL, '', NULL, NULL, NULL, NULL, 1475552110, 0, 1, '田利群', NULL, NULL, NULL),
(1096, '127.0.0.1', '李妹娥', '$2y$08$S5oVLUGBRTnUpQNFxpscs.Q2J4OfUIGs4R0huRrKDk844BQ54wNYq', NULL, '', NULL, NULL, NULL, NULL, 1475552110, 0, 1, '李妹娥', NULL, NULL, NULL),
(1097, '127.0.0.1', '罗琼环', '$2y$08$/3AdUh3AE4JdcDQOlgZNau5n.xU18vSGUh7ozeCuSabSZyvLm23ie', NULL, '', NULL, NULL, NULL, NULL, 1475552110, 0, 1, '罗琼环', NULL, NULL, NULL),
(1098, '127.0.0.1', '黄虹菲', '$2y$08$FR7s.8XLHP514R2Yt91B4.Urpon1Xv.2KhK3v.sONYPssKsFWGnZa', NULL, '', NULL, NULL, NULL, NULL, 1475552110, 0, 1, '黄虹菲', NULL, NULL, NULL),
(1099, '127.0.0.1', '陈辉', '$2y$08$W8YB2HLIRdvMQhj3ZJKDmOgnBhnLt.Gy.Ivckh5fgTSAb9BHrCXv6', NULL, '', NULL, NULL, NULL, NULL, 1475552110, 0, 1, '陈辉', NULL, NULL, NULL),
(1100, '127.0.0.1', '蔡利华', '$2y$08$6N.jnvJ8NvTnU9ZhyybJy.SzihipjBTsq0.LMiM6.XYqKtdh1grwG', NULL, '', NULL, NULL, NULL, NULL, 1475552111, 0, 1, '蔡利华', NULL, NULL, NULL),
(1101, '127.0.0.1', '阎娜', '$2y$08$mh07G5c6glgWfMMvkfUcMOXV9iBJ5GKKsccqQEHrale9b6yHqTtyq', NULL, '', NULL, NULL, NULL, NULL, 1475552111, 0, 1, '阎娜', NULL, NULL, NULL),
(1102, '127.0.0.1', '袁牧雯', '$2y$08$LRP6Pl5rjdLak9svFnPqXul/cYEq/JtLVLXGE9MS22hmZ4gHBVjLe', NULL, '', NULL, NULL, NULL, NULL, 1475552111, 0, 1, '袁牧雯', NULL, NULL, NULL),
(1103, '127.0.0.1', '王小青', '$2y$08$IeiankGkqU/MXdyeRN1EpuKe9HhALaRexi8WfomWuYOMJv.u8l3cq', NULL, '', NULL, NULL, NULL, NULL, 1475552111, 0, 1, '王小青', NULL, NULL, NULL),
(1104, '127.0.0.1', '曹海英', '$2y$08$3JmHUZOfOj9AXRAhYh96PuqWkuv7kzc/y4dxkSTfNgbsfx8/kxUSO', NULL, '', NULL, NULL, NULL, NULL, 1475552111, 0, 1, '曹海英', NULL, NULL, NULL),
(1105, '127.0.0.1', '周可', '$2y$08$I71/jKRvVr26kddobn18pO7OIPXZtbYsfYBPZqXOPh9X7LThDFnPq', NULL, '', NULL, NULL, NULL, NULL, 1475552111, 0, 1, '周可', NULL, NULL, NULL),
(1106, '127.0.0.1', '范双', '$2y$08$P0q0N/JUqPd7A9UgZlKpQu/UGbob67dBK2nAox.M4GTbt5xyDXnPG', NULL, '', NULL, NULL, NULL, NULL, 1475552111, 0, 1, '范双', NULL, NULL, NULL),
(1107, '127.0.0.1', '喻旭阳', '$2y$08$jAkmMNHOXCTc3yTre9NTie0DyezzVFYslXtrpw3Apgd.Y8vGjkhVe', NULL, '', NULL, NULL, NULL, NULL, 1475552111, 0, 1, '喻旭阳', NULL, NULL, NULL),
(1108, '127.0.0.1', '陈婵', '$2y$08$tRuJ0ZKLpUr3q8d481/theDGCuP2BvXRM6scqQjYco9g4iTiAeS9O', NULL, '', NULL, NULL, NULL, NULL, 1475552111, 0, 1, '陈婵', NULL, NULL, NULL);
INSERT INTO `users` (`id`, `ip_address`, `username`, `password`, `salt`, `email`, `activation_code`, `forgotten_password_code`, `forgotten_password_time`, `remember_code`, `created_on`, `last_login`, `active`, `first_name`, `last_name`, `company`, `phone`) VALUES
(1109, '127.0.0.1', '郑格玲', '$2y$08$ixA/4yW38L95Il.nZxw4MOD4r74dFiexDI8FUpKZyV/t63UK.D/Ki', NULL, '', NULL, NULL, NULL, NULL, 1475552111, 0, 1, '郑格玲', NULL, NULL, NULL),
(1110, '127.0.0.1', '李爱萍', '$2y$08$griLnLDkCX5/pysXjGJTFOlJCsRRCvUebikLeGfu2semR6Z1wkGAu', NULL, '', NULL, NULL, NULL, NULL, 1475552111, 0, 1, '李爱萍', NULL, NULL, NULL),
(1111, '127.0.0.1', '陈英', '$2y$08$agGJWwKki5z62dCCQKE1lesZg1emg.txY4cALlEe7A/TqeJjybu9.', NULL, '', NULL, NULL, NULL, NULL, 1475552111, 0, 1, '陈英', NULL, NULL, NULL),
(1112, '127.0.0.1', '邓小娅', '$2y$08$k1exw51xmLbt.TjUm7AipOG94OHBpqzT1Jvr06CpeoKtg9JFwBpOS', NULL, '', NULL, NULL, NULL, NULL, 1475552111, 0, 1, '邓小娅', NULL, NULL, NULL),
(1113, '127.0.0.1', '李军辉', '$2y$08$GV7epmLlcgeDGTLRPUXCue9vEc4tNmdwlA/V84teGhBqkvzyVrjXa', NULL, '', NULL, NULL, NULL, NULL, 1475552111, 0, 1, '李军辉', NULL, NULL, NULL),
(1114, '127.0.0.1', '彭英', '$2y$08$AuCOToAaVeCZ4OrBk8coLuUHhifmgcHkw3FEjFdpmJZ8Unhc43QFK', NULL, '', NULL, NULL, NULL, NULL, 1475552111, 0, 1, '彭英', NULL, NULL, NULL),
(1115, '127.0.0.1', '汤婷', '$2y$08$lMRO7IxEMDRdIyiGaBAeSeGCcRmKIaTvDUZJFcOt49GofKF1P0apa', NULL, '', NULL, NULL, NULL, NULL, 1475552111, 0, 1, '汤婷', NULL, NULL, NULL),
(1116, '127.0.0.1', '廖琳', '$2y$08$TA4m4cBxJ9k8JOLCn05mcOdwC92PWsri9sneORqtjTXfcDqk4ltn.', NULL, '', NULL, NULL, NULL, NULL, 1475552111, 0, 1, '廖琳', NULL, NULL, NULL),
(1117, '127.0.0.1', '陈姣', '$2y$08$HRrBey4RbSEPMvVhI1bMMeS85JWYR5NFw.JUXQG0PGKCjzn2MxCLC', NULL, '', NULL, NULL, NULL, NULL, 1475552111, 0, 1, '陈姣', NULL, NULL, NULL),
(1118, '127.0.0.1', '曹晓露', '$2y$08$oGLkNM8mceRQCJuhu9lJ2e/6faRRbN0R1Vm/Lak8s035Wh6w4.iW6', NULL, '', NULL, NULL, NULL, NULL, 1475552111, 0, 1, '曹晓露', NULL, NULL, NULL),
(1119, '127.0.0.1', '喻纯', '$2y$08$0CBMV6m68CrZJ35TzdtRwOFK7FrOsNy6hm6prdPPR12ysW32C6STa', NULL, '', NULL, NULL, NULL, NULL, 1475552111, 0, 1, '喻纯', NULL, NULL, NULL),
(1120, '127.0.0.1', '梁曦', '$2y$08$kM37xlKXaWDqmh0siI3RaeU4ocqnOm0qir19pan9i274i2KqojdFe', NULL, '', NULL, NULL, NULL, NULL, 1475552111, 0, 1, '梁曦', NULL, NULL, NULL),
(1121, '127.0.0.1', '田鸫', '$2y$08$eNksuraIzwBQ5w2TxVncZ.NisizCTyrHj8ZDCsfjctJjg.370Tmb6', NULL, '', NULL, NULL, NULL, NULL, 1475552111, 0, 1, '田鸫', NULL, NULL, NULL),
(1122, '127.0.0.1', '尤文杰', '$2y$08$r6pehWoc1BtyCsm4MceuWeyoUXiGq2kcGwcn1ihwk9pSr5gfreWQm', NULL, '', NULL, NULL, NULL, NULL, 1475552111, 0, 1, '尤文杰', NULL, NULL, NULL),
(1123, '127.0.0.1', '黄洁', '$2y$08$gxHzX0o21r1/WUEON/EcUe4P1aFP4TOEKVKuqZvmatbLSLe4m3K4m', NULL, '', NULL, NULL, NULL, NULL, 1475552111, 0, 1, '黄洁', NULL, NULL, NULL),
(1124, '127.0.0.1', '左逢源', '$2y$08$daG210UAU4N2UPI5FOKpzeLFVQTAKM9GCPfGHPMFO989hK6cVFwEC', NULL, '', NULL, NULL, NULL, NULL, 1475552111, 0, 1, '左逢源', NULL, NULL, NULL),
(1125, '127.0.0.1', '刘婉意', '$2y$08$DTPZGKSsrwVtoYRsq88IYe4nhAulFh2/2qjhDWmly.LEdXe87UM/6', NULL, '', NULL, NULL, NULL, NULL, 1475552111, 0, 1, '刘婉意', NULL, NULL, NULL),
(1126, '127.0.0.1', '魏旭', '$2y$08$8VhsBKIJ/Q.Bi6Rh4bEOJuojOlS42O9pbyqFq8I0cDAAx4k4M93vi', NULL, '', NULL, NULL, NULL, NULL, 1475552111, 0, 1, '魏旭', NULL, NULL, NULL),
(1127, '127.0.0.1', '黄轶', '$2y$08$XTnx7u9.OeYVbmLPJMBvwOcjLkixAx7o/801l4Hyx8kQNaA.FBAOi', NULL, '', NULL, NULL, NULL, NULL, 1475552111, 0, 1, '黄轶', NULL, NULL, NULL),
(1128, '127.0.0.1', '严小年', '$2y$08$Rs9YaSKgrrs3qBnSfByuWOiV16XG0KoYjNOEaS1N6tDCrhCCp6CKO', NULL, '', NULL, NULL, NULL, NULL, 1475552112, 0, 1, '严小年', NULL, NULL, NULL),
(1129, '127.0.0.1', '戴晚香', '$2y$08$cd7H8UDs12ZiAwD9azbP2.0a21T.N.Jh8SmBFajnKpkEQj3teikhC', NULL, '', NULL, NULL, NULL, NULL, 1475552112, 0, 1, '戴晚香', NULL, NULL, NULL),
(1130, '127.0.0.1', '许可敦', '$2y$08$vwKSeav81gvSUMbnfkfZ7uPEB58t7Tk/hOmWAKoqqWiv5dwtBxNKS', NULL, '', NULL, NULL, NULL, NULL, 1475552112, 0, 1, '许可敦', NULL, NULL, NULL),
(1131, '127.0.0.1', '杨倩茹', '$2y$08$QS/Lun5Scpc5IyY2cXb/IeB/umqhzbFAj1gXFFm/mcEeFJ/7nRGs2', NULL, '', NULL, NULL, NULL, NULL, 1475552112, 0, 1, '杨倩茹', NULL, NULL, NULL),
(1132, '127.0.0.1', '吴岚', '$2y$08$024VMbjpPf.mgfGmHYzPleoWE.wEbEYsJVfd.cJuf.fU/HzdQv1p2', NULL, '', NULL, NULL, NULL, NULL, 1475552112, 0, 1, '吴岚', NULL, NULL, NULL),
(1133, '127.0.0.1', '黄维', '$2y$08$qMc3ouwJb4tRVnqFSvv1xe9zDb2xPFwsVMcPVjNT53KX4inXd4Fae', NULL, '', NULL, NULL, NULL, NULL, 1475552112, 0, 1, '黄维', NULL, NULL, NULL),
(1134, '127.0.0.1', '卢俏', '$2y$08$E8dZPf0eqMj.YkfdkbqVh./Ss5SQMO6UBMlSiO.pu57TDxuFmhirS', NULL, '', NULL, NULL, NULL, NULL, 1475552112, 0, 1, '卢俏', NULL, NULL, NULL),
(1135, '127.0.0.1', '周里婧', '$2y$08$o638DTPRI4kvfX9l0NaRe.Dxh8vx/KiwYbvok5omYjBT1mVTITQWO', NULL, '', NULL, NULL, NULL, NULL, 1475552112, 0, 1, '周里婧', NULL, NULL, NULL),
(1136, '127.0.0.1', '李捷', '$2y$08$HmtGtGgX/7tPTEKevaVQyu7lOjy2sjf0rnKC7LrwNh0jBIudYUN72', NULL, '', NULL, NULL, NULL, NULL, 1475552112, 0, 1, '李捷', NULL, NULL, NULL),
(1137, '127.0.0.1', '熊凯', '$2y$08$HAf4E7eVbzdDCeubtZEdNeVnPSC9M/vCmniRD5SstamespOAm3KyC', NULL, '', NULL, NULL, NULL, NULL, 1475552112, 0, 1, '熊凯', NULL, NULL, NULL),
(1138, '127.0.0.1', '孙慧', '$2y$08$3EzjQSZQ/0ct7dDdoUlBq.OJluRt3pG8mQOoAn/bdo7YPeG511Qdy', NULL, '', NULL, NULL, NULL, NULL, 1475552112, 0, 1, '孙慧', NULL, NULL, NULL),
(1139, '127.0.0.1', '刘芳', '$2y$08$uCnczxFhWDDny9VxhRAZTeB2dOAr1njwNgeYLHWKxcV3HkKVQ5eoy', NULL, '', NULL, NULL, NULL, NULL, 1475552112, 0, 1, '刘芳', NULL, NULL, NULL),
(1140, '127.0.0.1', '彭媛', '$2y$08$dxxNeU5buaKQbgib98grb.XpkOGJcbemQkNda79yGaj50v0d9qbp2', NULL, '', NULL, NULL, NULL, NULL, 1475552112, 0, 1, '彭媛', NULL, NULL, NULL),
(1141, '127.0.0.1', '姚岚', '$2y$08$O15mPN96fHDegqFWJTgtI.zs0qaydrhTfz50m9pS71vc2qzQ8GA2C', NULL, '', NULL, NULL, NULL, NULL, 1475552112, 0, 1, '姚岚', NULL, NULL, NULL),
(1142, '127.0.0.1', '李启迪', '$2y$08$an8ywSoQoE/8n2tLGjFIU.NnqHVI1C8y2zWF8Q.0w4kuEm10swJ1y', NULL, '', NULL, NULL, NULL, NULL, 1475552112, 0, 1, '李启迪', NULL, NULL, NULL),
(1143, '127.0.0.1', '胡冬香', '$2y$08$Xzha/lgdRflg9Y.G3DYYPuiba6oYuzE2uWO15en2Gq8miJBg0/KlW', NULL, '', NULL, NULL, NULL, NULL, 1475552112, 0, 1, '胡冬香', NULL, NULL, NULL),
(1144, '127.0.0.1', '甄志', '$2y$08$tv1uh3ZUQ/14cXWg8fXQUOEYGdC9gz1sYWbSuCpW/7DXbHwtSfnCa', NULL, '', NULL, NULL, NULL, NULL, 1475552112, 0, 1, '甄志', NULL, NULL, NULL),
(1145, '127.0.0.1', '肖鹏', '$2y$08$QRE8Z1/Fey7PN9cRCmP.feYtjGMzD52sPsWeMeXOWZkDO36NuU8Au', NULL, '', NULL, NULL, NULL, NULL, 1475552112, 0, 1, '肖鹏', NULL, NULL, NULL),
(1146, '127.0.0.1', '你好', '$2y$08$dfULxm/zjHrjyik5O1qIB.6tug8Ne8rg9I2z6.bVmOBvj/eI5qs7m', NULL, '', NULL, NULL, NULL, NULL, 1475584386, 0, 1, '你好', NULL, NULL, NULL),
(1147, '127.0.0.1', '曹乐翔', '$2y$08$hOaRpvIfStqYFW39el5oHeeJf0a/FMUZ7hXouP2VxyiyRyEQ15LjW', NULL, '', NULL, NULL, NULL, NULL, 1475811147, 0, 1, '曹乐翔', NULL, NULL, NULL),
(1148, '127.0.0.1', '曾祥恒', '$2y$08$IzSzLKquhg0h/niiVR11Pus1tIam2CxLvsUo2g2bSEQbNnYb.vctq', NULL, '', NULL, NULL, NULL, NULL, 1475811147, 0, 1, '曾祥恒', NULL, NULL, NULL),
(1149, '127.0.0.1', '陈楚灵', '$2y$08$xktbRQTkMx6PmyfKazXOqOOOfk2IAKWEZ5p30.Cpqm4QbgN/nvr7K', NULL, '', NULL, NULL, NULL, NULL, 1475811147, 0, 1, '陈楚灵', NULL, NULL, NULL),
(1150, '127.0.0.1', '陈子锐', '$2y$08$esCSDQffzwPL2VVEwtlmM.5//rIZwHEh6eW91Qk.HVPoOwbtXvkQ2', NULL, '', NULL, NULL, NULL, NULL, 1475811147, 0, 1, '陈子锐', NULL, NULL, NULL),
(1151, '127.0.0.1', '丁卉子', '$2y$08$RLw57thq7Njf5fXvYJIicuSFqHFP19h/3jCfGwQplTnRfYUSfX.yC', NULL, '', NULL, NULL, NULL, NULL, 1475811147, 0, 1, '丁卉子', NULL, NULL, NULL),
(1152, '127.0.0.1', '冯思瑶', '$2y$08$PP3qWXPDzjlBorMY6.wq6eLRCSbg8FoHocVx/GHgGHA.rcQfFA7JW', NULL, '', NULL, NULL, NULL, NULL, 1475811147, 0, 1, '冯思瑶', NULL, NULL, NULL),
(1153, '127.0.0.1', '贺羿锟', '$2y$08$saki4PE8EX5JEiNy3M1uUuLqzy85sk7sIzMiYS3Xl9IqL161aSLBu', NULL, '', NULL, NULL, NULL, NULL, 1475811147, 0, 1, '贺羿锟', NULL, NULL, NULL),
(1154, '127.0.0.1', '胡可怡', '$2y$08$pg.ruw.fdtqmEsXV.JIcy.Ic5nmx/DbxDn0MIqtfLyqyYiEyfRnpa', NULL, '', NULL, NULL, NULL, NULL, 1475811147, 0, 1, '胡可怡', NULL, NULL, NULL),
(1155, '127.0.0.1', '胡筱甜', '$2y$08$KmJ/OGVNBD/E5BqVhA8n.uEjADjf5I3oflVlutmZPuu5f5tWY8sVG', NULL, '', NULL, NULL, NULL, NULL, 1475811147, 0, 1, '胡筱甜', NULL, NULL, NULL),
(1156, '127.0.0.1', '雷懿优', '$2y$08$qBlSUBWytKttyRaca5JllOwtQCcs00mXkqkM65PGbxGOTcPOQE8ZC', NULL, '', NULL, NULL, NULL, NULL, 1475811147, 0, 1, '雷懿优', NULL, NULL, NULL),
(1157, '127.0.0.1', '李嘉懿', '$2y$08$A1MLDQzuUa3WPTuNRkpSZukf6lzy9yd2nFf92by3tF3av2XNQBWIm', NULL, '', NULL, NULL, NULL, NULL, 1475811147, 0, 1, '李嘉懿', NULL, NULL, NULL),
(1158, '127.0.0.1', '李天瑞', '$2y$08$9rOSy.ESpg9xsgLfSvIfBOFVcQBbC03j0eq9tb6WbKA00R0OqjnDC', NULL, '', NULL, NULL, NULL, NULL, 1475811147, 0, 1, '李天瑞', NULL, NULL, NULL),
(1159, '127.0.0.1', '李玮依', '$2y$08$X.2ta5XpOetMVdOIKE.JyuwkkzOJCJOG96OFDRoo5gHpJQJ2VCjpO', NULL, '', NULL, NULL, NULL, NULL, 1475811147, 0, 1, '李玮依', NULL, NULL, NULL),
(1160, '127.0.0.1', '梁梓轩', '$2y$08$c8QH3yF6VPGC3nGxkCVshuz0PtJSbCr2xwg5lLvM.uny5ARmzDOxK', NULL, '', NULL, NULL, NULL, NULL, 1475811147, 0, 1, '梁梓轩', NULL, NULL, NULL),
(1161, '127.0.0.1', '刘浩辰', '$2y$08$.cpEu28Ftqi9b.jnaAscT.FSls83UxWeOPFm/YpP4Btp53rg0liSu', NULL, '', NULL, NULL, NULL, NULL, 1475811147, 0, 1, '刘浩辰', NULL, NULL, NULL),
(1162, '127.0.0.1', '刘瑞希', '$2y$08$xyzYd8.vblMBuIjemfj27.hxD9vCWR8pcAZZsMA0W3RPC6HISD.uK', NULL, '', NULL, NULL, NULL, NULL, 1475811147, 0, 1, '刘瑞希', NULL, NULL, NULL),
(1163, '127.0.0.1', '刘炀', '$2y$08$yTJvk0j9iPXUCAU3Tmdh3ejGYeAMiSqjCV0bVIBUSv6/fLWtwCPam', NULL, '', NULL, NULL, NULL, NULL, 1475811147, 0, 1, '刘炀', NULL, NULL, NULL),
(1164, '127.0.0.1', '刘拯瑜', '$2y$08$VVYnUijXXwKUrXg4noJpEe.t94OVsv/sZBj0ltwOMM5KGx7JIfbSK', NULL, '', NULL, NULL, NULL, NULL, 1475811148, 0, 1, '刘拯瑜', NULL, NULL, NULL),
(1165, '127.0.0.1', '龙柏翰', '$2y$08$BH8fFPvtJlvfZ.qtuELf8OIU0gT4Y2kcUKCLfiRw3fSWPd/156MXq', NULL, '', NULL, NULL, NULL, NULL, 1475811148, 0, 1, '龙柏翰', NULL, NULL, NULL),
(1166, '127.0.0.1', '莫子淇', '$2y$08$vkuNovc5kmpg7s813VSQseDTGl/535YMaQ7sGp4v5OYvU81DgxBji', NULL, '', NULL, NULL, NULL, NULL, 1475811148, 0, 1, '莫子淇', NULL, NULL, NULL),
(1167, '127.0.0.1', '庞依依', '$2y$08$WDW5F3DoY8pG6.7QAes5keP47JHAszGjhRpFEFPpUUO7sc9kMVF6O', NULL, '', NULL, NULL, NULL, NULL, 1475811148, 0, 1, '庞依依', NULL, NULL, NULL),
(1168, '127.0.0.1', '瞿子淇', '$2y$08$QHznGNByhVwoFoKIiDWfm..oYLeqPjTXnP54za4rlzpNmuuSizSNi', NULL, '', NULL, NULL, NULL, NULL, 1475811148, 0, 1, '瞿子淇', NULL, NULL, NULL),
(1169, '127.0.0.1', '唐心恬', '$2y$08$Z1Vr1o5PWKITdk.VQlt56eu94Io9rIpArqsk3VVu5Ec1L5sruDhEa', NULL, '', NULL, NULL, NULL, NULL, 1475811148, 0, 1, '唐心恬', NULL, NULL, NULL),
(1170, '127.0.0.1', '万麟', '$2y$08$pDQd4jtWQvSQM8RyPDH0NePFBjueQJ/QAYh8ebGcWWqk6zdXla4yW', NULL, '', NULL, NULL, NULL, NULL, 1475811148, 0, 1, '万麟', NULL, NULL, NULL),
(1171, '127.0.0.1', '王溢凡', '$2y$08$qAO.sZufjvFo07bJH5eQxuTw0lLaXa/pjRGhGroqM0IksEKn6a37O', NULL, '', NULL, NULL, NULL, NULL, 1475811148, 0, 1, '王溢凡', NULL, NULL, NULL),
(1172, '127.0.0.1', '王宇轩', '$2y$08$8lHDoGP2xY3G9v8S.lb2uunCDetR2GgxkGyW0bCoaJb86k8zZ/nZi', NULL, '', NULL, NULL, NULL, NULL, 1475811148, 0, 1, '王宇轩', NULL, NULL, NULL),
(1173, '127.0.0.1', '文楚逸', '$2y$08$TxSc1Br6j06kzZh7VwPmq.2Q886YG8Kzzp9OBKqWY.tfTH2N3zNGC', NULL, '', NULL, NULL, NULL, NULL, 1475811148, 0, 1, '文楚逸', NULL, NULL, NULL),
(1174, '127.0.0.1', '夏恩泽', '$2y$08$IIEKMZD4jIhm1SDEOkeTs.kuAEhwzqiLpL6HY/N1GMTorwAxUqVWC', NULL, '', NULL, NULL, NULL, NULL, 1475811148, 0, 1, '夏恩泽', NULL, NULL, NULL),
(1175, '127.0.0.1', '向悦豪', '$2y$08$SFuKuiwQk2yxtDDlehQGFOoEOON.6Z1Hbxeqf2okpBrIMbegkG0Pa', NULL, '', NULL, NULL, NULL, NULL, 1475811148, 0, 1, '向悦豪', NULL, NULL, NULL),
(1176, '127.0.0.1', '肖淇文', '$2y$08$Bu3WbmIKZU1s13dp1GIlKOGkuUfNt2zMijiLATHsMOGoLkEpGcA.u', NULL, '', NULL, NULL, NULL, NULL, 1475811148, 0, 1, '肖淇文', NULL, NULL, NULL),
(1177, '127.0.0.1', '肖雯雯', '$2y$08$mO9d4r8UG3ad8AqeH82yd.EsuI7/8LaVNzH3r7rsRvMF9qeqpfRrW', NULL, '', NULL, NULL, NULL, NULL, 1475811148, 0, 1, '肖雯雯', NULL, NULL, NULL),
(1178, '127.0.0.1', '谢涵月', '$2y$08$xB9GsBEr0WYRHVfPzd1cfOuHP2..95Hh50xXeHRrQupPzQQpd8GkS', NULL, '', NULL, NULL, NULL, NULL, 1475811148, 0, 1, '谢涵月', NULL, NULL, NULL),
(1179, '127.0.0.1', '谢俊杰', '$2y$08$KXGwPMciTsiNeVehzQRG4OlIEmI2CGN9nURzxa7MUL0d6Q32rwXNi', NULL, '', NULL, NULL, NULL, NULL, 1475811148, 0, 1, '谢俊杰', NULL, NULL, NULL),
(1180, '127.0.0.1', '杨民强', '$2y$08$nCfZEPFjJgKFNN7vcE2FRuEvFE/zMKJJeT8GGtFfDnrBdyVqJot3e', NULL, '', NULL, NULL, NULL, NULL, 1475811148, 0, 1, '杨民强', NULL, NULL, NULL),
(1181, '127.0.0.1', '杨子媗', '$2y$08$5tcJOX.6RDKCRpIRfc2qwOhd9i0XNo1XDVrwbCksoVpfnaHFo/E0W', NULL, '', NULL, NULL, NULL, NULL, 1475811148, 0, 1, '杨子媗', NULL, NULL, NULL),
(1182, '127.0.0.1', '易喜双', '$2y$08$m52PgGiz6SgNujsw4MmQfOrpAE10YnmFYqpKFI7blmeQvnaDTDQhS', NULL, '', NULL, NULL, NULL, NULL, 1475811148, 0, 1, '易喜双', NULL, NULL, NULL),
(1183, '127.0.0.1', '张峻熙', '$2y$08$7IpaJIiLYgS00kRhXwzgW.CwUVeMfbqX5MDPe1SIm.6.3sh64N8OG', NULL, '', NULL, NULL, NULL, NULL, 1475811148, 0, 1, '张峻熙', NULL, NULL, NULL),
(1184, '127.0.0.1', '张钦涵', '$2y$08$4VTcWCIKoIwgjr5YKM0XPehMu8J/GS8VriLsOWqgt2BTT5zKJoc0W', NULL, '', NULL, NULL, NULL, NULL, 1475811148, 0, 1, '张钦涵', NULL, NULL, NULL),
(1185, '127.0.0.1', '郑丹琦', '$2y$08$BK9bUheggRf1ri4bcLTYWe7aP8NklLTu5svtgcjT.txf4TAuKiRS6', NULL, '', NULL, NULL, NULL, NULL, 1475811148, 0, 1, '郑丹琦', NULL, NULL, NULL),
(1186, '127.0.0.1', '周彬琦', '$2y$08$aDZxeg/z5aIU5chPt7xbOeIFV/2tDU6kqacWC5B93pU.gi3s3OcyK', NULL, '', NULL, NULL, NULL, NULL, 1475811148, 0, 1, '周彬琦', NULL, NULL, NULL),
(1187, '127.0.0.1', '朱玉欣', '$2y$08$qWo7Naeq2nr8xJPyp6FsXuojMaaXjPsEo.WNJYh565Me16GgGbh3.', NULL, '', NULL, NULL, NULL, NULL, 1475811148, 0, 1, '朱玉欣', NULL, NULL, NULL),
(1188, '127.0.0.1', '陈玺文', '$2y$08$lLMfPK/ljInxle.zpC2zv.VJVrFiWwTSqDQtlx310YRZR7CoUL9UC', NULL, '', NULL, NULL, NULL, NULL, 1475811148, 0, 1, '陈玺文', NULL, NULL, NULL),
(1189, '127.0.0.1', '陈秭言', '$2y$08$e52p7PW6KChsNHkNf1E9ZO2LoAJuUy.tzfLOBaH8IQi1X6XhYV/8i', NULL, '', NULL, NULL, NULL, NULL, 1475811148, 0, 1, '陈秭言', NULL, NULL, NULL),
(1190, '127.0.0.1', '邓永鑫', '$2y$08$.YxAPDwducKkEvxEJd/e3e6kIFgtOuH.1j6qlDc6d31YGohnd9cp6', NULL, '', NULL, NULL, NULL, NULL, 1475811149, 0, 1, '邓永鑫', NULL, NULL, NULL),
(1191, '127.0.0.1', '邓泽洋', '$2y$08$H0syCwJquqJ4FUbUGxgOI.hCQPSqWc1.qUKj3u2/sgdwrv6W.5BNG', NULL, '', NULL, NULL, NULL, NULL, 1475811149, 0, 1, '邓泽洋', NULL, NULL, NULL),
(1192, '127.0.0.1', '杜俊萱', '$2y$08$u6kMOtdaMjM9fd9t0ZXssuJiLZqpkrSGAA3xZhY0iSx9qdencneWy', NULL, '', NULL, NULL, NULL, NULL, 1475811149, 0, 1, '杜俊萱', NULL, NULL, NULL),
(1193, '127.0.0.1', '付雅煊', '$2y$08$fGtPrhEXNkoX.IYcHvGeoODM9ZL6c40SXpo/lEM24MG0lxrOjXLze', NULL, '', NULL, NULL, NULL, NULL, 1475811149, 0, 1, '付雅煊', NULL, NULL, NULL),
(1194, '127.0.0.1', '何宇轩', '$2y$08$WCt4c7FQVD7YIecgnHNWEungi.ov0twbOnTUgRCxmnzrdWxww4gsi', NULL, '', NULL, NULL, NULL, NULL, 1475811149, 0, 1, '何宇轩', NULL, NULL, NULL),
(1195, '127.0.0.1', '贺星伟', '$2y$08$mrqYNqozBh/TDR8C2fuuueYIK1AL.EcYGs8G2JQ3CdrKoMxD9VGha', NULL, '', NULL, NULL, NULL, NULL, 1475811149, 0, 1, '贺星伟', NULL, NULL, NULL),
(1196, '127.0.0.1', '黄铮', '$2y$08$MddN0Un55bii4x.16DRf4OeUfSut/4KAedhNculC71MmIBpHUNGUa', NULL, '', NULL, NULL, NULL, NULL, 1475811149, 0, 1, '黄铮', NULL, NULL, NULL),
(1197, '127.0.0.1', '姜梓沐', '$2y$08$jfpYhGbZrkVSFRIcC5mhC..8H4CM.R3qHjFGCbXEgVLemC7dbcI26', NULL, '', NULL, NULL, NULL, NULL, 1475811149, 0, 1, '姜梓沐', NULL, NULL, NULL),
(1198, '127.0.0.1', '蒋子涵', '$2y$08$NmVONKt2Ud3qKMliDp/.aee79/YHLtF8f2XngYlrfMFmrmOl0tlpS', NULL, '', NULL, NULL, NULL, NULL, 1475811149, 0, 1, '蒋子涵', NULL, NULL, NULL),
(1199, '127.0.0.1', '康锶淼', '$2y$08$8kWPcSv5BC9BYPCf41Wpx.xuaBk0tlifXJfDyx6fjZiG8sBSSjINW', NULL, '', NULL, NULL, NULL, NULL, 1475811149, 0, 1, '康锶淼', NULL, NULL, NULL),
(1200, '127.0.0.1', '李杭璐', '$2y$08$ySGFpuJtgyqn0jklbzi73evm2NB9nou4JzU15wSKN6bwq23XHyv8G', NULL, '', NULL, NULL, NULL, NULL, 1475811149, 0, 1, '李杭璐', NULL, NULL, NULL),
(1201, '127.0.0.1', '李佳谕', '$2y$08$kRxQaaHiskdTauaysAqLzOll6dV5lifvOe86FS/pSa.p5.75Ms8v6', NULL, '', NULL, NULL, NULL, NULL, 1475811149, 0, 1, '李佳谕', NULL, NULL, NULL),
(1202, '127.0.0.1', '李永淞', '$2y$08$PUvXxpLlF.mBxs2a1rVlyeOp0hsmJKYFqNNjvw4nWnngFiHwB8KYK', NULL, '', NULL, NULL, NULL, NULL, 1475811149, 0, 1, '李永淞', NULL, NULL, NULL),
(1203, '127.0.0.1', '李贞禄', '$2y$08$7vI3JFoaD4Gr8PJY122Tk.Tj8aLT4uoUwuy6DGsV5fhG6YA461H1q', NULL, '', NULL, NULL, NULL, NULL, 1475811149, 0, 1, '李贞禄', NULL, NULL, NULL),
(1204, '127.0.0.1', '梁添宸', '$2y$08$8pammVflAQQvqrhG5JYh3eNKTh7.4SPmrRSO9EYSsDw6G4bouYOZa', NULL, '', NULL, NULL, NULL, NULL, 1475811149, 0, 1, '梁添宸', NULL, NULL, NULL),
(1205, '127.0.0.1', '梁晓楠', '$2y$08$5YYZUtY23DIj.6u4NYDn7OPY21UNLNIDcySbfObP0J3A6X9n64tue', NULL, '', NULL, NULL, NULL, NULL, 1475811149, 0, 1, '梁晓楠', NULL, NULL, NULL),
(1206, '127.0.0.1', '廖昕辰', '$2y$08$/q25s4crrH6qhxJM4BKlQ.aPLZ/.cUOc5klLJNk7UX6n7virEuxyG', NULL, '', NULL, NULL, NULL, NULL, 1475811149, 0, 1, '廖昕辰', NULL, NULL, NULL),
(1207, '127.0.0.1', '林剑宇', '$2y$08$yK6NCreKl8p./86XoW8ZZu1OgHNeiazpK.eQR8u2za0Kl4OptqRmi', NULL, '', NULL, NULL, NULL, NULL, 1475811149, 0, 1, '林剑宇', NULL, NULL, NULL),
(1208, '127.0.0.1', '刘王刚', '$2y$08$XKNk0Cmyt1DvmKkB3MAPfu8o991Z8GpX5.XcOzltr5nymJiw6EmcO', NULL, '', NULL, NULL, NULL, NULL, 1475811149, 0, 1, '刘王刚', NULL, NULL, NULL),
(1209, '127.0.0.1', '刘禹泽', '$2y$08$0YrLl2ontNeTlvF/k7oLou9uNZC2u.t3yaY7FATJMnyqlzffvre3C', NULL, '', NULL, NULL, NULL, NULL, 1475811149, 0, 1, '刘禹泽', NULL, NULL, NULL),
(1210, '127.0.0.1', '罗馨怡', '$2y$08$WNsxF92IJO6fm6/JP4tIheMBk34py4EXlN2DxZfMP54DWh6jE8ZEi', NULL, '', NULL, NULL, NULL, NULL, 1475811149, 0, 1, '罗馨怡', NULL, NULL, NULL),
(1211, '127.0.0.1', '欧儒毅', '$2y$08$rMxXkf.byTAUl2EGwfdJ.eXTcmax.PIX8Wc0rQyQQzQJnIGq9mJei', NULL, '', NULL, NULL, NULL, NULL, 1475811149, 0, 1, '欧儒毅', NULL, NULL, NULL),
(1212, '127.0.0.1', '欧阳皓', '$2y$08$f0M/efxHVylR65ufv9gWyeG4fBTDzP72NeDCGtI1.EJ/1jf45fdDO', NULL, '', NULL, NULL, NULL, NULL, 1475811149, 0, 1, '欧阳皓', NULL, NULL, NULL),
(1213, '127.0.0.1', '乔博然', '$2y$08$nuSWRUFaVuhGYxlu7EmWHeOm7BHoRGWqkRgBBZ.JS3v5WAjLZlKoG', NULL, '', NULL, NULL, NULL, NULL, 1475811149, 0, 1, '乔博然', NULL, NULL, NULL),
(1214, '127.0.0.1', '施子瑞', '$2y$08$IjnFADGqNRPMpLOO.hE0QeU7mBrDcbJx5ahip0UIIS3sTFDGjpAR2', NULL, '', NULL, NULL, NULL, NULL, 1475811149, 0, 1, '施子瑞', NULL, NULL, NULL),
(1215, '127.0.0.1', '谭若桐', '$2y$08$L.w98wkFnS7blvaKEbJQJ.VYLbe8s1gOU2LznHcR6nUE5MZdnjjGO', NULL, '', NULL, NULL, NULL, NULL, 1475811149, 0, 1, '谭若桐', NULL, NULL, NULL),
(1216, '127.0.0.1', '王俊祺', '$2y$08$WKneB/Yzo7ZWzVLmPcbKiuD5alZZoJJgcmrSu5zmq7uQQQYGcBmHO', NULL, '', NULL, NULL, NULL, NULL, 1475811149, 0, 1, '王俊祺', NULL, NULL, NULL),
(1217, '127.0.0.1', '王若菡', '$2y$08$aFy8duV5h72nhAoJbBIeX.NYmRxCWAlkmxrRISjR9CBDamAyzoZ06', NULL, '', NULL, NULL, NULL, NULL, 1475811150, 0, 1, '王若菡', NULL, NULL, NULL),
(1218, '127.0.0.1', '王奕程', '$2y$08$YS9mmCNedYIXbIui1JYS3OZkqSiPVn9hSNWIvdLZOUJFzeBVHF67y', NULL, '', NULL, NULL, NULL, NULL, 1475811150, 0, 1, '王奕程', NULL, NULL, NULL),
(1219, '127.0.0.1', '魏千翔', '$2y$08$kl9oeuAjpkNTDNclo/nl8udjgotVl5lPWcaI7XRQaV0tF1FBN8q4C', NULL, '', NULL, NULL, NULL, NULL, 1475811150, 0, 1, '魏千翔', NULL, NULL, NULL),
(1220, '127.0.0.1', '夏芯雨', '$2y$08$Y9yg7N65k4usEgt6.WzkGucITAXnWR7B5ZaMDh/6SUFK7YE9gpb3m', NULL, '', NULL, NULL, NULL, NULL, 1475811150, 0, 1, '夏芯雨', NULL, NULL, NULL),
(1221, '127.0.0.1', '肖清源', '$2y$08$gliiyTYxU5IPcozQ5hXPs.9s.eBwVgeCaHqxHXdJOc1TI3oFbYiUa', NULL, '', NULL, NULL, NULL, NULL, 1475811150, 0, 1, '肖清源', NULL, NULL, NULL),
(1222, '127.0.0.1', '肖梓轩', '$2y$08$TDwVn2XwyLAaaneufb3D0OJJrzi.32KDXfkAGss8fErXvVMzUOkUe', NULL, '', NULL, NULL, NULL, NULL, 1475811150, 0, 1, '肖梓轩', NULL, NULL, NULL),
(1223, '127.0.0.1', '杨淙皓', '$2y$08$Y/S3trfKfI6BaxsGzECRGuGTJDW7bQQfyj7xJtUHRLCConitQUZGS', NULL, '', NULL, NULL, NULL, NULL, 1475811150, 0, 1, '杨淙皓', NULL, NULL, NULL),
(1224, '127.0.0.1', '张峻瑜', '$2y$08$BxC0LXpsMxvkcTBNXbo7ZesdFAEvmCwRlVE/DCMJvJR5JKOeS2iG2', NULL, '', NULL, NULL, NULL, NULL, 1475811150, 0, 1, '张峻瑜', NULL, NULL, NULL),
(1225, '127.0.0.1', '张振瀚', '$2y$08$LK3ONwDbytBAZ8fg9RbHH.Bs/5prg7crgbYejxK.8kio4w8gmEgMm', NULL, '', NULL, NULL, NULL, NULL, 1475811150, 0, 1, '张振瀚', NULL, NULL, NULL),
(1226, '127.0.0.1', '赵奕涵', '$2y$08$P.nhzrnm2YhwShB7VRQkp.GxT4.3C/PdBfC2mCmdkGj2rAfooOCHa', NULL, '', NULL, NULL, NULL, NULL, 1475811150, 0, 1, '赵奕涵', NULL, NULL, NULL),
(1227, '127.0.0.1', '钟彬瑞', '$2y$08$kLpWOSX0PpoeK78z/GXjHOfuNRnoUOSemYcQ1QpKWcye9DD1HRbti', NULL, '', NULL, NULL, NULL, NULL, 1475811150, 0, 1, '钟彬瑞', NULL, NULL, NULL),
(1228, '127.0.0.1', '周骏涛', '$2y$08$BrlPEtiZGol5fz0w5rygZuNlKwJCXJVMyhGHssnmyQRxAuj2ous9a', NULL, '', NULL, NULL, NULL, NULL, 1475811150, 0, 1, '周骏涛', NULL, NULL, NULL),
(1229, '127.0.0.1', '朱峻熙', '$2y$08$uFIWXfrS9IqVcuSFVsN8c.o7yBWee9OD2Byi9rgA2qfYEv/LPgV6m', NULL, '', NULL, NULL, NULL, NULL, 1475811150, 0, 1, '朱峻熙', NULL, NULL, NULL),
(1230, '127.0.0.1', '包海容', '$2y$08$f9o9IaPGV8zfEf5TBRlnK.3Vs6HtF5pFFvIGsqhF4YrvVoFlzvgvK', NULL, '', NULL, NULL, NULL, NULL, 1475811150, 0, 1, '包海容', NULL, NULL, NULL),
(1231, '127.0.0.1', '卜崇彬', '$2y$08$0IsIaqr3jue/t/A.NLn0nO0ZEj1N4U.LIciqU/dLQ5Nqzc1s0ChMi', NULL, '', NULL, NULL, NULL, NULL, 1475811150, 0, 1, '卜崇彬', NULL, NULL, NULL),
(1232, '127.0.0.1', '陈诗睿', '$2y$08$7W8wXBjcFKcT47anDcOUXOIt8phMpmEQdtqgE3nnqWSf0OTCXPSci', NULL, '', NULL, NULL, NULL, NULL, 1475811150, 0, 1, '陈诗睿', NULL, NULL, NULL),
(1233, '127.0.0.1', '陈星羽', '$2y$08$nKNC8E5eOBwwpLMj8HBo7.rKhbl3QkwWL3shnBtwvxLTy8jZGK19W', NULL, '', NULL, NULL, NULL, NULL, 1475811150, 0, 1, '陈星羽', NULL, NULL, NULL),
(1234, '127.0.0.1', '陈奕', '$2y$08$HK2uYKsiTO9zXCCBVV8oYuQFGoRUaudsfNWPcyONMXvVAy0fwDPli', NULL, '', NULL, NULL, NULL, NULL, 1475811150, 0, 1, '陈奕', NULL, NULL, NULL),
(1235, '127.0.0.1', '丁奕丞', '$2y$08$cQXk/VxBoWAlzF/YYy7nl.EKHfZ2p7CMbVh.N.mzY0nBauxMKVCYe', NULL, '', NULL, NULL, NULL, NULL, 1475811150, 0, 1, '丁奕丞', NULL, NULL, NULL),
(1236, '127.0.0.1', '范立超', '$2y$08$58bA1vjBPjumFBpP.O7SButFkcuom1CjA631cT1VhKG.D3TI35lua', NULL, '', NULL, NULL, NULL, NULL, 1475811150, 0, 1, '范立超', NULL, NULL, NULL),
(1237, '127.0.0.1', '傅晨轩', '$2y$08$vF80bDpePhtfpBJ9J/J4kejzWNF1T6gdjubRZy3mWx9pqUA2Tq0JG', NULL, '', NULL, NULL, NULL, NULL, 1475811150, 0, 1, '傅晨轩', NULL, NULL, NULL),
(1238, '127.0.0.1', '傅思危', '$2y$08$NVYXTX8CQcdjklvy0zI9f.fvPagQijRMiagwqjoiq0fxUofZwizaC', NULL, '', NULL, NULL, NULL, NULL, 1475811150, 0, 1, '傅思危', NULL, NULL, NULL),
(1239, '127.0.0.1', '郭淑瑶', '$2y$08$POhjLFamPytAM/8/c1ZbzeYFlGjD7hvpl4xvEyzxenMo.k/eLYeJ2', NULL, '', NULL, NULL, NULL, NULL, 1475811150, 0, 1, '郭淑瑶', NULL, NULL, NULL),
(1240, '127.0.0.1', '贾子航', '$2y$08$zN21tFCPbEDe4eAnCTh1KOuo1FHHOceuPccmUCZ6uvGM.08OxJ.MC', NULL, '', NULL, NULL, NULL, NULL, 1475811150, 0, 1, '贾子航', NULL, NULL, NULL),
(1241, '127.0.0.1', '蒋思言', '$2y$08$UrpLrrOI.xNmVyUgizuz1.o3b9yGN8JKPwrzbud5Nu965vLT2VZUG', NULL, '', NULL, NULL, NULL, NULL, 1475811150, 0, 1, '蒋思言', NULL, NULL, NULL),
(1242, '127.0.0.1', '李铭轩', '$2y$08$ZIp6aRdroHxuhhorgUZ1au219D4qW.te.aQiEZc3Ls9mXX6SKjgCa', NULL, '', NULL, NULL, NULL, NULL, 1475811150, 0, 1, '李铭轩', NULL, NULL, NULL),
(1243, '127.0.0.1', '刘一伊', '$2y$08$uKsEOGCdmJ/AngP2QJbQve2xBsYsKjr9RNQo3n//2gGWPzIzn8cke', NULL, '', NULL, NULL, NULL, NULL, 1475811150, 0, 1, '刘一伊', NULL, NULL, NULL),
(1244, '127.0.0.1', '刘韵哲', '$2y$08$Hyo8krbWTr1sEOeBoP9m7ekZyVUTepw3vsb0Sf6x72QQTH3AOijwu', NULL, '', NULL, NULL, NULL, NULL, 1475811151, 0, 1, '刘韵哲', NULL, NULL, NULL),
(1245, '127.0.0.1', '罗浩轩', '$2y$08$JUcPLBM5VZOnjzczZYSsK.hzjYE/0DMb3X5itj1lJq1t0DDRSm4my', NULL, '', NULL, NULL, NULL, NULL, 1475811151, 0, 1, '罗浩轩', NULL, NULL, NULL),
(1246, '127.0.0.1', '罗逸轩', '$2y$08$MmB.lYNvqqxxZL0/tIpvveuPlh64tTyhw4vDNJ/F4BYDPF7mqF2vK', NULL, '', NULL, NULL, NULL, NULL, 1475811151, 0, 1, '罗逸轩', NULL, NULL, NULL),
(1247, '127.0.0.1', '马一萌', '$2y$08$rS7CjP5VOaPIpbHNbbog1en/LAT8SV6tcQWCrJL44yqfuIzFV.R7C', NULL, '', NULL, NULL, NULL, NULL, 1475811151, 0, 1, '马一萌', NULL, NULL, NULL),
(1248, '127.0.0.1', '孟祥瑞', '$2y$08$dafLXIwRiysSOnABd4ndhOsTG.Y5/3W58s4Z143uAlahfarxekvBC', NULL, '', NULL, NULL, NULL, NULL, 1475811151, 0, 1, '孟祥瑞', NULL, NULL, NULL),
(1249, '127.0.0.1', '欧紫钰', '$2y$08$nllOSYh6LIOlvwvhJcfeCOmvTN2K4802X2dLSZVc.Z/0hRYcaGis2', NULL, '', NULL, NULL, NULL, NULL, 1475811151, 0, 1, '欧紫钰', NULL, NULL, NULL),
(1250, '127.0.0.1', '潘俊杰', '$2y$08$QIh94a4ZUNSn6cgxbhCPHuDuFa/RhPnnAex9sTjDBz2wEJourIC1K', NULL, '', NULL, NULL, NULL, NULL, 1475811151, 0, 1, '潘俊杰', NULL, NULL, NULL),
(1251, '127.0.0.1', '秦国平', '$2y$08$0DiW3J5kv5ftUCIgxbo5GOVUcPGZzKYLjwPEctHpsNXONUgc6i1m2', NULL, '', NULL, NULL, NULL, NULL, 1475811151, 0, 1, '秦国平', NULL, NULL, NULL),
(1252, '127.0.0.1', '石梓希', '$2y$08$egKxu7MPhJH9Opfrqn.zXOXyXCtebGJpLB6wysZ55op7rolr./VBW', NULL, '', NULL, NULL, NULL, NULL, 1475811151, 0, 1, '石梓希', NULL, NULL, NULL),
(1253, '127.0.0.1', '宋怡臻', '$2y$08$AK8Qu1y7gHCU/RHATI8a9Oqqob3J69Ccl13Zpk6FHx8xVCdf3ktli', NULL, '', NULL, NULL, NULL, NULL, 1475811151, 0, 1, '宋怡臻', NULL, NULL, NULL),
(1254, '127.0.0.1', '田一涵', '$2y$08$OKBO9oMeNBTEA2cRT4vPE.KnTy7JoJyzuK7K0BwIGDBBbUh3qoxTO', NULL, '', NULL, NULL, NULL, NULL, 1475811151, 0, 1, '田一涵', NULL, NULL, NULL),
(1255, '127.0.0.1', '汪上为', '$2y$08$p2.PEdOmkAwWIMFnVV1mWOeARKgI1F.l96KYQ2WpBrZKbRCLlrcOO', NULL, '', NULL, NULL, NULL, NULL, 1475811151, 0, 1, '汪上为', NULL, NULL, NULL),
(1256, '127.0.0.1', '王帅澎', '$2y$08$Zu.702YsOdpuntcG9A1tdOoEOY6VM8eoL.UJgbI8kRf7fUHOEXWQG', NULL, '', NULL, NULL, NULL, NULL, 1475811151, 0, 1, '王帅澎', NULL, NULL, NULL),
(1257, '127.0.0.1', '王婉妮', '$2y$08$XHz5E66wWdUDBD93H2JQee.dDC.S8l6VVKOfSEoYg8MBlxTJKLVNW', NULL, '', NULL, NULL, NULL, NULL, 1475811151, 0, 1, '王婉妮', NULL, NULL, NULL),
(1258, '127.0.0.1', '王予湉', '$2y$08$QnmrWwC3Yz3QDShxRxfJaeQJxg1U7R8pQVwP0mdJ7bXDYi1JVXs8y', NULL, '', NULL, NULL, NULL, NULL, 1475811151, 0, 1, '王予湉', NULL, NULL, NULL),
(1259, '127.0.0.1', '王梓旭', '$2y$08$f94FDInWPEqseAF7zFLstuvLyHOVf90TOXMW//Auvr5UQ1ZGKg3JW', NULL, '', NULL, NULL, NULL, NULL, 1475811151, 0, 1, '王梓旭', NULL, NULL, NULL),
(1260, '127.0.0.1', '吴歆韵', '$2y$08$iHWPmuSb0Ax9ZLyUB2zgzunk0Qvv6Pmr9dQ/jBz0VsK3A4s4O32Li', NULL, '', NULL, NULL, NULL, NULL, 1475811151, 0, 1, '吴歆韵', NULL, NULL, NULL),
(1261, '127.0.0.1', '吴奕希', '$2y$08$qvLE5cl8bRrXkyucdteLgO3mYVP4Sjzp3GarVQ0IzuOr3P.4jUoj.', NULL, '', NULL, NULL, NULL, NULL, 1475811151, 0, 1, '吴奕希', NULL, NULL, NULL),
(1262, '127.0.0.1', '夏玮嵘', '$2y$08$sixk9I5CrX.VrMNcVk6vB.J41YAwaEAYCeme5JeNgHfMr4fXzo21K', NULL, '', NULL, NULL, NULL, NULL, 1475811151, 0, 1, '夏玮嵘', NULL, NULL, NULL),
(1263, '127.0.0.1', '邢妙昀', '$2y$08$vZvRBvxAOVOrDrzfEuDm3eIAIyN9yE8lRqrs5RRdzrBfLWUAI1C5O', NULL, '', NULL, NULL, NULL, NULL, 1475811151, 0, 1, '邢妙昀', NULL, NULL, NULL),
(1264, '127.0.0.1', '徐启为', '$2y$08$1mShzxtZ0pab0sEFIME.vus418Ep6foPNDH7XCnOOsTw5eeTj3Ufi', NULL, '', NULL, NULL, NULL, NULL, 1475811151, 0, 1, '徐启为', NULL, NULL, NULL),
(1265, '127.0.0.1', '徐文熙', '$2y$08$By31ltZ5v7.O340mnV2jVePwS6HJ0QvkqbenCpu68LHpjDgEhSDCy', NULL, '', NULL, NULL, NULL, NULL, 1475811151, 0, 1, '徐文熙', NULL, NULL, NULL),
(1266, '127.0.0.1', '杨朵儿', '$2y$08$wdTiI7/wONhu/LValYLQFOYqP14gd41txJV4x1ciAB0PEid3Al80W', NULL, '', NULL, NULL, NULL, NULL, 1475811151, 0, 1, '杨朵儿', NULL, NULL, NULL),
(1267, '127.0.0.1', '袁茉沁', '$2y$08$/mg2db.s3wdPJtI6DX9.auoV6XJbzINAox/e2nlk4wYOO.TpQaMeO', NULL, '', NULL, NULL, NULL, NULL, 1475811151, 0, 1, '袁茉沁', NULL, NULL, NULL),
(1268, '127.0.0.1', '张子轩', '$2y$08$xAljPKjr9cJGT9ys/RPCpO/EJHh6pF5orrOq9TC5yR4Wil4nGCLAm', NULL, '', NULL, NULL, NULL, NULL, 1475811151, 0, 1, '张子轩', NULL, NULL, NULL),
(1269, '127.0.0.1', '周牧瑶', '$2y$08$gTlR.q8Dbc8yi3pSVGWXoeXOqvhQ0rmiTFj4pEsV.1.8GkwRH5xiu', NULL, '', NULL, NULL, NULL, NULL, 1475811151, 0, 1, '周牧瑶', NULL, NULL, NULL),
(1270, '127.0.0.1', '周意豪', '$2y$08$Zx4DuL/eT8dJDGsWdpSVS.qFPPpoI23.dCp84qd2z4qptgN5CljiC', NULL, '', NULL, NULL, NULL, NULL, 1475811152, 0, 1, '周意豪', NULL, NULL, NULL),
(1271, '127.0.0.1', '周子茜', '$2y$08$7IiPTwZGCkqOqBfji6HzROeQAOtAjGDyHej3mKzmkdQBuspIC/GKq', NULL, '', NULL, NULL, NULL, NULL, 1475811152, 0, 1, '周子茜', NULL, NULL, NULL),
(1272, '127.0.0.1', '曹浩然', '$2y$08$Km3WjmxlMN33wUCAcu4s5.5dCV6ozPgKP6v6wBaw7SzhMjDHy7NJ2', NULL, '', NULL, NULL, NULL, NULL, 1475811152, 0, 1, '曹浩然', NULL, NULL, NULL),
(1273, '127.0.0.1', '贺薇蓉', '$2y$08$TIEl5J3/f4FM0hvAbd.tp.2bqElqUnfSrkKCx4IL98afB2z.fb4.2', NULL, '', NULL, NULL, NULL, NULL, 1475811152, 0, 1, '贺薇蓉', NULL, NULL, NULL),
(1274, '127.0.0.1', '胡文锦', '$2y$08$NVeZUHYhjW6U8tdNrpxiCufsA4qribJv5YZGHzYbloTi8FJzBNQs2', NULL, '', NULL, NULL, NULL, NULL, 1475811152, 0, 1, '胡文锦', NULL, NULL, NULL),
(1275, '127.0.0.1', '胡梓恩', '$2y$08$Fe559mh5.2IzNVp.FfGxzu8oeHt51mv9zS.9bE5Onq/KCL4RbHSFa', NULL, '', NULL, NULL, NULL, NULL, 1475811152, 0, 1, '胡梓恩', NULL, NULL, NULL),
(1276, '127.0.0.1', '黄俊翔', '$2y$08$Bro8KS9/QSBa1J8Ey0odquyseBTanvzuCDjL2w0Gm1tnCglFWaflO', NULL, '', NULL, NULL, NULL, NULL, 1475811152, 0, 1, '黄俊翔', NULL, NULL, NULL),
(1277, '127.0.0.1', '黎煌俊', '$2y$08$LvwWNvW6w43n/xP3uoNep.A/5vZTRFCNZIapDHlHIE12zV2H8Tu4C', NULL, '', NULL, NULL, NULL, NULL, 1475811152, 0, 1, '黎煌俊', NULL, NULL, NULL),
(1278, '127.0.0.1', '李皓文', '$2y$08$75mKkmYVd5SrE0YcbKG4I.9aimGMCanO4FsVknqFMjWxCpZDfbE8.', NULL, '', NULL, NULL, NULL, NULL, 1475811152, 0, 1, '李皓文', NULL, NULL, NULL),
(1279, '127.0.0.1', '李雨泽', '$2y$08$H5LCLRN9y.peEMCg4O1jDeLDSXFXUhWtZlqgSThE.ZvdFNqm434UW', NULL, '', NULL, NULL, NULL, NULL, 1475811152, 0, 1, '李雨泽', NULL, NULL, NULL),
(1280, '127.0.0.1', '李泽仪', '$2y$08$jgTEF5Ld8O9Rpm4THy5bJ.zTAASqLK3UJjHlRKIAfHHGemNSNe232', NULL, '', NULL, NULL, NULL, NULL, 1475811152, 0, 1, '李泽仪', NULL, NULL, NULL),
(1281, '127.0.0.1', '李泽宇', '$2y$08$V06HXMyzAoMUfY8ku8s3Keh4vBGcrfzHFOtvlR1XiRA8en2AhXi/y', NULL, '', NULL, NULL, NULL, NULL, 1475811152, 0, 1, '李泽宇', NULL, NULL, NULL),
(1282, '127.0.0.1', '刘谷兮', '$2y$08$gdOhmwHJF9/4YwEtQqspU.gJiX/iwt.wtN3bieNBiF2Rt55nZju8q', NULL, '', NULL, NULL, NULL, NULL, 1475811152, 0, 1, '刘谷兮', NULL, NULL, NULL),
(1283, '127.0.0.1', '刘杭锦', '$2y$08$Y6c/sNfpbCBGB/bPhos7JudUwgzTNkX3mN7BllR.SnbxDgQSLmxnO', NULL, '', NULL, NULL, NULL, NULL, 1475811152, 0, 1, '刘杭锦', NULL, NULL, NULL),
(1284, '127.0.0.1', '刘俊民', '$2y$08$Ak512QtHk0lGsYOpBTjFTufs8YHM.iUWw/fex8vBam0LFIfr04Kai', NULL, '', NULL, NULL, NULL, NULL, 1475811152, 0, 1, '刘俊民', NULL, NULL, NULL),
(1285, '127.0.0.1', '刘沛娴', '$2y$08$ahwdUnw2Cackbvm/OWKLZOoKNztcosZn5ef224A6ohmBWjYgni3Fy', NULL, '', NULL, NULL, NULL, NULL, 1475811152, 0, 1, '刘沛娴', NULL, NULL, NULL),
(1286, '127.0.0.1', '刘一凡', '$2y$08$mJnTCFHQJYqfdIq.pW5Z5.EJ5XRrMYdTSt30Z.gfSMA68yQpEzjQm', NULL, '', NULL, NULL, NULL, NULL, 1475811152, 0, 1, '刘一凡', NULL, NULL, NULL),
(1287, '127.0.0.1', '卢彦冰', '$2y$08$IKfCAeqDl2YER48PgXjg0eUlQrOFTtS18L3bfIo39BuHJBuEIg3MK', NULL, '', NULL, NULL, NULL, NULL, 1475811152, 0, 1, '卢彦冰', NULL, NULL, NULL),
(1288, '127.0.0.1', '吕垲鑫', '$2y$08$y8QFpFI2K3h1nD6qbUL15ODXw4aOcQWR2dJ456EQjcT9afc9r4YaS', NULL, '', NULL, NULL, NULL, NULL, 1475811152, 0, 1, '吕垲鑫', NULL, NULL, NULL),
(1289, '127.0.0.1', '聂弘义', '$2y$08$gpVzPbrx34lCplz3tGUpFuQmNPBUX8igUS9v0uqwdOWn/Ac3VA21q', NULL, '', NULL, NULL, NULL, NULL, 1475811152, 0, 1, '聂弘义', NULL, NULL, NULL),
(1290, '127.0.0.1', '欧阳辰果', '$2y$08$OafZHYxv8CtucRizmaqhsOLiZmyQkqUZN.9RrVRobzBSszKAng6zK', NULL, '', NULL, NULL, NULL, NULL, 1475811152, 0, 1, '欧阳辰果', NULL, NULL, NULL),
(1291, '127.0.0.1', '彭可非', '$2y$08$P83E8.XWxMQ.b9Wwo7PROuCPlUFspOr5Nxf4AggkcIC/TpKEd8o3q', NULL, '', NULL, NULL, NULL, NULL, 1475811152, 0, 1, '彭可非', NULL, NULL, NULL),
(1292, '127.0.0.1', '彭玉林', '$2y$08$suMWGq6noe1XyYTn/0OmGuaxUz2Lc9ktR6Yh4t4zlfrulQ8BdJBwO', NULL, '', NULL, NULL, NULL, NULL, 1475811152, 0, 1, '彭玉林', NULL, NULL, NULL),
(1293, '127.0.0.1', '瞿晟睿', '$2y$08$Efi4.hvRIpJui8nN/xaXQunCLkCFjHHnS0pmdMid..vAwPlfAjEY.', NULL, '', NULL, NULL, NULL, NULL, 1475811152, 0, 1, '瞿晟睿', NULL, NULL, NULL),
(1294, '127.0.0.1', '孙熙雯', '$2y$08$sqgJrTBj9MszlY/2lXtREul.XyrDTtFxTDl/EDTc6QJkTI.H0OtiS', NULL, '', NULL, NULL, NULL, NULL, 1475811152, 0, 1, '孙熙雯', NULL, NULL, NULL),
(1295, '127.0.0.1', '谭雯文', '$2y$08$odUYBs50JeuMCJrTLgDREOqY2eTpZ1Mzwf5t5jMWBsEvCmiaTwuYa', NULL, '', NULL, NULL, NULL, NULL, 1475811152, 0, 1, '谭雯文', NULL, NULL, NULL),
(1296, '127.0.0.1', '谭泽磊', '$2y$08$lAxEg6JllnXdPuV/ymIzR.AME53spOao7C6AxMyp2leaFdz7WUwW.', NULL, '', NULL, NULL, NULL, NULL, 1475811152, 0, 1, '谭泽磊', NULL, NULL, NULL),
(1297, '127.0.0.1', '唐思航', '$2y$08$Y9NrS4l1NLTmNeq1h2//xOOxvuyfAYgsivydiMdDC7AKKhOTLbXMe', NULL, '', NULL, NULL, NULL, NULL, 1475811152, 0, 1, '唐思航', NULL, NULL, NULL),
(1298, '127.0.0.1', '王柯文', '$2y$08$Q/VONxa0AQfdIDMxLSRm0.ep0Pdzi2KdVD04OW7XkMp3IXR2qEq0.', NULL, '', NULL, NULL, NULL, NULL, 1475811153, 0, 1, '王柯文', NULL, NULL, NULL),
(1299, '127.0.0.1', '王卓霖', '$2y$08$3pjhHkRak1R0tdV8GttRi.HKJqmvvg0pK0lrX3qzR4./yiox0FjE.', NULL, '', NULL, NULL, NULL, NULL, 1475811153, 0, 1, '王卓霖', NULL, NULL, NULL),
(1300, '127.0.0.1', '文廣鹏', '$2y$08$Ws4znAE6qurv9jRNafZpW.Cv4qrwOXOIAB1CiRCXvH2.oga025Xau', NULL, '', NULL, NULL, NULL, NULL, 1475811153, 0, 1, '文廣鹏', NULL, NULL, NULL),
(1301, '127.0.0.1', '吴玮泰', '$2y$08$6LxrFZI./739Ja2z3DloauSkhF9EzDxup4MixdmULqYaeeAxEA/Uu', NULL, '', NULL, NULL, NULL, NULL, 1475811153, 0, 1, '吴玮泰', NULL, NULL, NULL),
(1302, '127.0.0.1', '向悦萍', '$2y$08$isicvoyZfZjLrs./VK4tQuK6B3NAGnBZyeao17ANpiYPANDq4TC3G', NULL, '', NULL, NULL, NULL, NULL, 1475811153, 0, 1, '向悦萍', NULL, NULL, NULL),
(1303, '127.0.0.1', '徐沁怡', '$2y$08$PpiPqF5hg42zrFpoYfm66udf1TXmukUO9FF4hKeIl3wEtveaAtT2S', NULL, '', NULL, NULL, NULL, NULL, 1475811153, 0, 1, '徐沁怡', NULL, NULL, NULL),
(1304, '127.0.0.1', '徐弈', '$2y$08$3.cadoFXmuGFNI7PG5WvpOExO970q2A6km38gvLLIWp/5vfs63ElK', NULL, '', NULL, NULL, NULL, NULL, 1475811153, 0, 1, '徐弈', NULL, NULL, NULL),
(1305, '127.0.0.1', '易峻熙', '$2y$08$W2ftnWTK111w4EOroS4MSuf.N.r0.e76YvIW9EBloDoZ.XmpE7oxC', NULL, '', NULL, NULL, NULL, NULL, 1475811153, 0, 1, '易峻熙', NULL, NULL, NULL),
(1306, '127.0.0.1', '易卓凡', '$2y$08$2TEpFkTobpl6NjI.YN5c8.2HM3u7rha7konChDgNg28sGH6XLPlxy', NULL, '', NULL, NULL, NULL, NULL, 1475811153, 0, 1, '易卓凡', NULL, NULL, NULL),
(1307, '127.0.0.1', '尹馨薇', '$2y$08$6GdWi1CUPoQX1QWF7T.hy.sRSeOPH1ny//.kwPkncrpco4ylZYxoC', NULL, '', NULL, NULL, NULL, NULL, 1475811153, 0, 1, '尹馨薇', NULL, NULL, NULL),
(1308, '127.0.0.1', '张叶涛', '$2y$08$1b6EN6GkjFhnPuAQrt7MKeOYYVjT2dtAm7bJNs/JpGz1XcAmWApJm', NULL, '', NULL, NULL, NULL, NULL, 1475811153, 0, 1, '张叶涛', NULL, NULL, NULL),
(1309, '127.0.0.1', '张知秋', '$2y$08$Its.mmkHOKy21nJpRgv0t.hRBEI/XFngEi4d6/yiISm05DkKRiIZe', NULL, '', NULL, NULL, NULL, NULL, 1475811153, 0, 1, '张知秋', NULL, NULL, NULL),
(1310, '127.0.0.1', '赵梦瑶', '$2y$08$tOujWF2XuzAghZnlZUG0K.fPZ5xgBRo1IcRoYT/gafTpDBJ.oONsq', NULL, '', NULL, NULL, NULL, NULL, 1475811153, 0, 1, '赵梦瑶', NULL, NULL, NULL),
(1311, '127.0.0.1', '周娟澜', '$2y$08$rgzHg/mm.ZmjtrXUB6kYNeudu.cMjXUCn2/yuO8li4SWN0HOq1aey', NULL, '', NULL, NULL, NULL, NULL, 1475811153, 0, 1, '周娟澜', NULL, NULL, NULL),
(1312, '127.0.0.1', '诸雨佳', '$2y$08$TYvwDhPQy5ucZy7SUnTDXuIizIawvYqIG4nANjn9fQkmDdzEqJAEW', NULL, '', NULL, NULL, NULL, NULL, 1475811153, 0, 1, '诸雨佳', NULL, NULL, NULL),
(1313, '127.0.0.1', '左芳如', '$2y$08$mVR7rabnt9EmwUKw56Cu9uJ9x6NvUiy9hAF5FDU6kVMlHXdnf/AKu', NULL, '', NULL, NULL, NULL, NULL, 1475811153, 0, 1, '左芳如', NULL, NULL, NULL);

-- --------------------------------------------------------

--
-- 表的结构 `users_groups`
--

CREATE TABLE IF NOT EXISTS `users_groups` (
  `id` int(11) unsigned NOT NULL,
  `user_id` int(11) unsigned NOT NULL,
  `group_id` mediumint(8) unsigned NOT NULL
) ENGINE=InnoDB AUTO_INCREMENT=1313 DEFAULT CHARSET=utf8;

--
-- 转存表中的数据 `users_groups`
--

INSERT INTO `users_groups` (`id`, `user_id`, `group_id`) VALUES
(1, 1, 1),
(2, 2, 2),
(3, 3, 3),
(4, 4, 4),
(76, 76, 4),
(77, 77, 4),
(78, 78, 4),
(79, 79, 4),
(80, 80, 4),
(81, 81, 4),
(82, 82, 4),
(83, 83, 4),
(84, 84, 4),
(85, 85, 4),
(86, 86, 4),
(87, 87, 4),
(88, 88, 4),
(89, 89, 4),
(90, 90, 4),
(91, 91, 4),
(92, 92, 4),
(93, 93, 4),
(94, 94, 4),
(95, 95, 4),
(96, 96, 4),
(97, 97, 4),
(98, 98, 4),
(99, 99, 4),
(100, 100, 4),
(101, 101, 4),
(102, 102, 4),
(103, 103, 4),
(104, 104, 4),
(105, 105, 4),
(106, 106, 4),
(107, 107, 4),
(108, 108, 4),
(109, 109, 4),
(110, 110, 4),
(111, 111, 4),
(112, 112, 4),
(113, 113, 4),
(114, 114, 4),
(115, 115, 4),
(116, 116, 4),
(117, 117, 4),
(118, 118, 4),
(119, 119, 4),
(120, 120, 4),
(121, 121, 4),
(122, 122, 4),
(123, 123, 4),
(124, 124, 4),
(125, 125, 4),
(126, 126, 4),
(127, 127, 4),
(128, 128, 4),
(129, 129, 4),
(130, 130, 4),
(131, 131, 4),
(132, 132, 4),
(133, 133, 4),
(134, 134, 4),
(135, 135, 4),
(136, 136, 4),
(137, 137, 4),
(138, 138, 4),
(139, 139, 4),
(140, 140, 4),
(141, 141, 4),
(142, 142, 4),
(143, 143, 4),
(144, 144, 4),
(145, 145, 4),
(146, 146, 4),
(147, 147, 4),
(148, 148, 4),
(149, 149, 4),
(150, 150, 4),
(151, 151, 4),
(152, 152, 4),
(153, 153, 4),
(154, 154, 4),
(155, 155, 4),
(156, 156, 4),
(157, 157, 4),
(158, 158, 4),
(159, 159, 4),
(160, 160, 4),
(161, 161, 4),
(162, 162, 4),
(163, 163, 4),
(164, 164, 4),
(165, 165, 4),
(166, 166, 4),
(167, 167, 4),
(168, 168, 4),
(169, 169, 4),
(170, 170, 4),
(171, 171, 4),
(172, 172, 4),
(173, 173, 4),
(174, 174, 4),
(175, 175, 4),
(176, 176, 4),
(177, 177, 4),
(178, 178, 4),
(179, 179, 4),
(180, 180, 4),
(181, 181, 4),
(182, 182, 4),
(183, 183, 4),
(184, 184, 4),
(185, 185, 4),
(186, 186, 4),
(187, 187, 4),
(188, 188, 4),
(189, 189, 4),
(190, 190, 4),
(191, 191, 4),
(192, 192, 4),
(193, 193, 4),
(194, 194, 4),
(195, 195, 4),
(196, 196, 4),
(197, 197, 4),
(198, 198, 4),
(199, 199, 4),
(200, 200, 4),
(201, 201, 4),
(202, 202, 4),
(203, 203, 4),
(204, 204, 4),
(205, 205, 4),
(206, 206, 4),
(207, 207, 4),
(208, 208, 4),
(209, 209, 4),
(210, 210, 4),
(211, 211, 4),
(212, 212, 4),
(213, 213, 4),
(214, 214, 4),
(215, 215, 4),
(216, 216, 4),
(217, 217, 4),
(218, 218, 4),
(219, 219, 4),
(220, 220, 4),
(221, 221, 4),
(222, 222, 4),
(223, 223, 4),
(224, 224, 4),
(225, 225, 4),
(226, 226, 4),
(227, 227, 4),
(228, 228, 4),
(229, 229, 4),
(230, 230, 4),
(231, 231, 4),
(232, 232, 4),
(233, 233, 4),
(234, 234, 4),
(235, 235, 4),
(236, 236, 4),
(237, 237, 4),
(238, 238, 4),
(239, 239, 4),
(240, 240, 4),
(241, 241, 4),
(242, 242, 4),
(243, 243, 4),
(244, 244, 4),
(245, 245, 4),
(246, 246, 4),
(247, 247, 4),
(248, 248, 4),
(249, 249, 4),
(250, 250, 4),
(251, 251, 4),
(252, 252, 4),
(253, 253, 4),
(254, 254, 4),
(255, 255, 4),
(256, 256, 4),
(257, 257, 4),
(258, 258, 4),
(259, 259, 4),
(260, 260, 4),
(261, 261, 4),
(262, 262, 4),
(263, 263, 4),
(264, 264, 4),
(265, 265, 4),
(266, 266, 4),
(267, 267, 4),
(268, 268, 4),
(269, 269, 4),
(270, 270, 4),
(271, 271, 4),
(272, 272, 4),
(273, 273, 4),
(274, 274, 4),
(275, 275, 4),
(276, 276, 4),
(277, 277, 4),
(278, 278, 4),
(279, 279, 4),
(280, 280, 4),
(281, 281, 4),
(282, 282, 4),
(283, 283, 4),
(284, 284, 4),
(285, 285, 4),
(286, 286, 4),
(287, 287, 4),
(288, 288, 4),
(289, 289, 4),
(290, 290, 4),
(291, 291, 4),
(292, 292, 4),
(293, 293, 4),
(294, 294, 4),
(295, 295, 4),
(296, 296, 4),
(297, 297, 4),
(298, 298, 4),
(299, 299, 4),
(300, 300, 4),
(301, 301, 4),
(302, 302, 4),
(303, 303, 4),
(304, 304, 4),
(305, 305, 4),
(306, 306, 4),
(307, 307, 4),
(308, 308, 4),
(309, 309, 4),
(310, 310, 4),
(311, 311, 4),
(312, 312, 4),
(313, 313, 4),
(314, 314, 4),
(315, 315, 4),
(316, 316, 4),
(317, 317, 4),
(318, 318, 4),
(319, 319, 4),
(320, 320, 4),
(321, 321, 4),
(322, 322, 4),
(323, 323, 4),
(324, 324, 4),
(325, 325, 4),
(326, 326, 4),
(327, 327, 4),
(328, 328, 4),
(329, 329, 4),
(330, 330, 4),
(331, 331, 4),
(332, 332, 4),
(333, 333, 4),
(334, 334, 4),
(335, 335, 4),
(336, 336, 4),
(337, 337, 4),
(338, 338, 4),
(339, 339, 4),
(340, 340, 4),
(341, 341, 4),
(342, 342, 4),
(343, 343, 4),
(344, 344, 4),
(345, 345, 4),
(346, 346, 4),
(347, 347, 4),
(348, 348, 4),
(349, 349, 4),
(350, 350, 4),
(351, 351, 4),
(352, 352, 4),
(353, 353, 4),
(354, 354, 4),
(355, 355, 4),
(356, 356, 4),
(357, 357, 4),
(358, 358, 4),
(359, 359, 4),
(360, 360, 4),
(361, 361, 4),
(362, 362, 4),
(363, 363, 4),
(364, 364, 4),
(365, 365, 4),
(366, 366, 4),
(367, 367, 4),
(368, 368, 4),
(369, 369, 4),
(370, 370, 4),
(371, 371, 4),
(372, 372, 4),
(373, 373, 4),
(374, 374, 4),
(375, 375, 4),
(376, 376, 4),
(377, 377, 4),
(378, 378, 4),
(379, 379, 4),
(380, 380, 4),
(381, 381, 4),
(382, 382, 4),
(383, 383, 4),
(384, 384, 4),
(385, 385, 4),
(386, 386, 4),
(387, 387, 4),
(388, 388, 4),
(389, 389, 4),
(390, 390, 4),
(391, 391, 4),
(392, 392, 4),
(393, 393, 4),
(394, 394, 4),
(395, 395, 4),
(396, 396, 4),
(397, 397, 4),
(398, 398, 4),
(399, 399, 4),
(400, 400, 4),
(401, 401, 4),
(402, 402, 4),
(403, 403, 4),
(404, 404, 4),
(405, 405, 4),
(406, 406, 4),
(407, 407, 4),
(408, 408, 4),
(409, 409, 4),
(410, 410, 4),
(411, 411, 4),
(412, 412, 4),
(413, 413, 4),
(414, 414, 4),
(415, 415, 4),
(416, 416, 4),
(417, 417, 4),
(418, 418, 4),
(419, 419, 4),
(420, 420, 4),
(421, 421, 4),
(422, 422, 4),
(423, 423, 4),
(424, 424, 4),
(425, 425, 4),
(426, 426, 4),
(427, 427, 4),
(428, 428, 4),
(429, 429, 4),
(430, 430, 4),
(431, 431, 4),
(432, 432, 4),
(433, 433, 4),
(434, 434, 4),
(435, 435, 4),
(436, 436, 4),
(437, 437, 4),
(438, 438, 4),
(439, 439, 4),
(440, 440, 4),
(441, 441, 4),
(442, 442, 4),
(443, 443, 4),
(444, 444, 4),
(445, 445, 4),
(446, 446, 4),
(447, 447, 4),
(448, 448, 4),
(449, 449, 4),
(450, 450, 4),
(451, 451, 4),
(452, 452, 4),
(453, 453, 4),
(454, 454, 4),
(455, 455, 4),
(456, 456, 4),
(457, 457, 4),
(458, 458, 4),
(459, 459, 4),
(460, 460, 4),
(461, 461, 4),
(462, 462, 4),
(463, 463, 4),
(464, 464, 4),
(465, 465, 4),
(466, 466, 4),
(467, 467, 4),
(468, 468, 4),
(469, 469, 4),
(470, 470, 4),
(471, 471, 4),
(472, 472, 4),
(473, 473, 4),
(474, 474, 4),
(475, 475, 4),
(476, 476, 4),
(477, 477, 4),
(478, 478, 4),
(479, 479, 4),
(480, 480, 4),
(481, 481, 4),
(482, 482, 4),
(483, 483, 4),
(484, 484, 4),
(485, 485, 4),
(486, 486, 4),
(487, 487, 4),
(488, 488, 4),
(489, 489, 4),
(490, 490, 4),
(491, 491, 4),
(492, 492, 4),
(493, 493, 4),
(494, 494, 4),
(495, 495, 4),
(496, 496, 4),
(497, 497, 4),
(498, 498, 4),
(499, 499, 4),
(500, 500, 4),
(501, 501, 4),
(502, 502, 4),
(503, 503, 4),
(504, 504, 4),
(505, 505, 4),
(506, 506, 4),
(507, 507, 4),
(508, 508, 4),
(509, 509, 4),
(510, 510, 4),
(511, 511, 4),
(512, 512, 4),
(513, 513, 4),
(514, 514, 4),
(515, 515, 4),
(516, 516, 4),
(517, 517, 4),
(518, 518, 4),
(519, 519, 4),
(520, 520, 4),
(521, 521, 4),
(522, 522, 4),
(523, 523, 4),
(524, 524, 4),
(525, 525, 4),
(526, 526, 4),
(527, 527, 4),
(528, 528, 4),
(529, 529, 4),
(530, 530, 4),
(531, 531, 4),
(532, 532, 4),
(533, 533, 4),
(534, 534, 4),
(535, 535, 4),
(536, 536, 4),
(537, 537, 4),
(538, 538, 4),
(539, 539, 4),
(540, 540, 4),
(541, 541, 4),
(542, 542, 4),
(543, 543, 4),
(544, 544, 4),
(545, 545, 4),
(546, 546, 4),
(547, 547, 4),
(548, 548, 4),
(549, 549, 4),
(550, 550, 4),
(551, 551, 4),
(552, 552, 4),
(553, 553, 4),
(554, 554, 4),
(555, 555, 4),
(556, 556, 4),
(557, 557, 4),
(558, 558, 4),
(559, 559, 4),
(560, 560, 4),
(561, 561, 4),
(562, 562, 4),
(563, 563, 4),
(564, 564, 4),
(565, 565, 4),
(566, 566, 4),
(567, 567, 4),
(568, 568, 4),
(569, 569, 4),
(570, 570, 4),
(571, 571, 4),
(572, 572, 4),
(573, 573, 4),
(574, 574, 4),
(575, 575, 4),
(576, 576, 4),
(577, 577, 4),
(578, 578, 4),
(579, 579, 4),
(580, 580, 4),
(581, 581, 4),
(582, 582, 4),
(583, 583, 4),
(584, 584, 4),
(585, 585, 4),
(586, 586, 4),
(587, 587, 4),
(588, 588, 4),
(589, 589, 4),
(590, 590, 4),
(591, 591, 4),
(592, 592, 4),
(593, 593, 4),
(594, 594, 4),
(595, 595, 4),
(596, 596, 4),
(597, 597, 4),
(598, 598, 4),
(599, 599, 4),
(600, 600, 4),
(601, 601, 4),
(602, 602, 4),
(603, 603, 4),
(604, 604, 4),
(605, 605, 4),
(606, 606, 4),
(607, 607, 4),
(608, 608, 4),
(609, 609, 4),
(610, 610, 4),
(611, 611, 4),
(612, 612, 4),
(613, 613, 4),
(614, 614, 4),
(615, 615, 4),
(616, 616, 4),
(617, 617, 4),
(618, 618, 4),
(619, 619, 4),
(620, 620, 4),
(621, 621, 4),
(622, 622, 4),
(623, 623, 4),
(624, 624, 4),
(625, 625, 4),
(626, 626, 4),
(627, 627, 4),
(628, 628, 4),
(629, 629, 4),
(630, 630, 4),
(631, 631, 4),
(632, 632, 4),
(633, 633, 4),
(634, 634, 4),
(635, 635, 4),
(636, 636, 4),
(637, 637, 4),
(638, 638, 4),
(639, 639, 4),
(640, 640, 4),
(641, 641, 4),
(642, 642, 4),
(643, 643, 4),
(644, 644, 4),
(645, 645, 4),
(646, 646, 4),
(647, 647, 4),
(648, 648, 4),
(649, 649, 4),
(650, 650, 4),
(651, 651, 4),
(652, 652, 4),
(653, 653, 4),
(654, 654, 4),
(655, 655, 4),
(656, 656, 4),
(657, 657, 4),
(658, 658, 4),
(659, 659, 4),
(660, 660, 4),
(661, 661, 4),
(662, 662, 4),
(663, 663, 4),
(664, 664, 4),
(665, 665, 4),
(666, 666, 4),
(667, 667, 4),
(668, 668, 4),
(669, 669, 4),
(670, 670, 4),
(671, 671, 4),
(672, 672, 4),
(673, 673, 4),
(674, 674, 4),
(675, 675, 4),
(676, 676, 4),
(677, 677, 4),
(678, 678, 4),
(679, 679, 4),
(680, 680, 4),
(681, 681, 4),
(682, 682, 4),
(683, 683, 4),
(684, 684, 4),
(685, 685, 4),
(686, 686, 4),
(687, 687, 4),
(688, 688, 4),
(689, 689, 4),
(690, 690, 4),
(691, 691, 4),
(692, 692, 4),
(693, 693, 4),
(694, 694, 4),
(695, 695, 4),
(696, 696, 4),
(697, 697, 4),
(698, 698, 4),
(699, 699, 4),
(700, 700, 4),
(701, 701, 4),
(702, 702, 4),
(703, 703, 4),
(704, 704, 4),
(705, 705, 4),
(706, 706, 4),
(707, 707, 4),
(708, 708, 4),
(709, 709, 4),
(710, 710, 4),
(711, 711, 4),
(712, 712, 4),
(713, 713, 4),
(714, 714, 4),
(715, 715, 4),
(716, 716, 4),
(717, 717, 4),
(718, 718, 4),
(719, 719, 4),
(720, 720, 4),
(721, 721, 4),
(722, 722, 4),
(723, 723, 4),
(724, 724, 4),
(725, 725, 4),
(726, 726, 4),
(727, 727, 4),
(728, 728, 4),
(729, 729, 4),
(730, 730, 4),
(731, 731, 4),
(732, 732, 4),
(733, 733, 4),
(734, 734, 4),
(735, 735, 4),
(736, 736, 4),
(737, 737, 4),
(738, 738, 4),
(739, 739, 4),
(740, 740, 4),
(741, 741, 4),
(742, 742, 4),
(743, 743, 4),
(744, 744, 4),
(745, 745, 4),
(746, 746, 4),
(747, 747, 4),
(748, 748, 4),
(749, 749, 4),
(750, 750, 4),
(751, 751, 4),
(752, 752, 4),
(753, 753, 4),
(754, 754, 4),
(755, 755, 4),
(756, 756, 4),
(757, 757, 4),
(758, 758, 4),
(759, 759, 4),
(760, 760, 4),
(761, 761, 4),
(762, 762, 4),
(763, 763, 4),
(764, 764, 4),
(765, 765, 4),
(766, 766, 4),
(767, 767, 4),
(768, 768, 4),
(769, 769, 4),
(770, 770, 4),
(771, 771, 4),
(772, 772, 4),
(773, 773, 4),
(774, 774, 4),
(775, 775, 4),
(776, 776, 4),
(777, 777, 4),
(778, 778, 4),
(779, 779, 4),
(780, 780, 4),
(781, 781, 4),
(782, 782, 4),
(783, 783, 4),
(784, 784, 4),
(785, 785, 4),
(786, 786, 4),
(787, 787, 4),
(788, 788, 4),
(789, 789, 4),
(790, 790, 4),
(791, 791, 4),
(792, 792, 4),
(793, 793, 4),
(794, 794, 4),
(795, 795, 4),
(796, 796, 4),
(797, 797, 4),
(798, 798, 4),
(799, 799, 4),
(800, 800, 4),
(801, 801, 4),
(802, 802, 4),
(803, 803, 4),
(804, 804, 4),
(805, 805, 4),
(806, 806, 4),
(807, 807, 4),
(808, 808, 4),
(809, 809, 4),
(810, 810, 4),
(811, 811, 4),
(812, 812, 4),
(813, 813, 4),
(814, 814, 4),
(815, 815, 4),
(816, 816, 4),
(817, 817, 4),
(818, 818, 4),
(819, 819, 4),
(820, 820, 4),
(821, 821, 4),
(822, 822, 4),
(823, 823, 4),
(824, 824, 4),
(825, 825, 4),
(826, 826, 4),
(827, 827, 4),
(828, 828, 4),
(829, 829, 4),
(830, 830, 4),
(831, 831, 4),
(832, 832, 4),
(833, 833, 4),
(834, 834, 4),
(835, 835, 4),
(836, 836, 4),
(837, 837, 4),
(838, 838, 4),
(839, 839, 4),
(840, 840, 4),
(841, 841, 4),
(842, 842, 4),
(843, 843, 4),
(844, 844, 4),
(845, 845, 4),
(846, 846, 4),
(847, 847, 4),
(848, 848, 4),
(849, 849, 4),
(850, 850, 4),
(851, 851, 4),
(852, 852, 4),
(853, 853, 4),
(854, 854, 4),
(855, 855, 4),
(856, 856, 4),
(857, 857, 4),
(858, 858, 4),
(859, 859, 4),
(860, 860, 4),
(861, 861, 4),
(862, 862, 4),
(863, 863, 4),
(864, 864, 4),
(865, 865, 4),
(866, 866, 4),
(867, 867, 4),
(868, 868, 4),
(869, 869, 4),
(870, 870, 4),
(871, 871, 4),
(872, 872, 4),
(873, 873, 4),
(874, 874, 4),
(875, 875, 4),
(876, 876, 4),
(877, 877, 4),
(878, 878, 4),
(879, 879, 4),
(880, 880, 4),
(881, 881, 4),
(882, 882, 4),
(883, 883, 4),
(884, 884, 4),
(885, 885, 4),
(886, 886, 4),
(887, 887, 4),
(888, 888, 4),
(889, 889, 4),
(890, 890, 4),
(891, 891, 4),
(892, 892, 4),
(893, 893, 4),
(894, 894, 4),
(895, 895, 4),
(896, 896, 4),
(897, 897, 4),
(898, 898, 4),
(899, 899, 4),
(900, 900, 4),
(901, 901, 4),
(902, 902, 4),
(903, 903, 4),
(904, 904, 4),
(905, 905, 4),
(906, 906, 4),
(907, 907, 4),
(908, 908, 4),
(909, 909, 4),
(910, 910, 4),
(911, 911, 4),
(912, 912, 4),
(913, 913, 4),
(914, 914, 4),
(915, 915, 4),
(916, 916, 4),
(917, 917, 4),
(918, 918, 4),
(919, 919, 4),
(920, 920, 4),
(921, 921, 4),
(922, 922, 4),
(923, 923, 4),
(924, 924, 4),
(925, 925, 4),
(926, 926, 4),
(927, 927, 4),
(928, 928, 4),
(929, 929, 4),
(930, 930, 4),
(931, 931, 4),
(932, 932, 4),
(933, 933, 4),
(934, 934, 4),
(1076, 1077, 3),
(1077, 1078, 3),
(1078, 1079, 3),
(1079, 1080, 3),
(1080, 1081, 3),
(1081, 1082, 3),
(1082, 1083, 3),
(1083, 1084, 3),
(1084, 1085, 3),
(1085, 1086, 3),
(1086, 1087, 3),
(1087, 1088, 3),
(1088, 1089, 3),
(1089, 1090, 3),
(1090, 1091, 3),
(1091, 1092, 3),
(1092, 1093, 3),
(1093, 1094, 3),
(1094, 1095, 3),
(1095, 1096, 3),
(1096, 1097, 3),
(1097, 1098, 3),
(1098, 1099, 3),
(1099, 1100, 3),
(1100, 1101, 3),
(1101, 1102, 3),
(1102, 1103, 3),
(1103, 1104, 3),
(1104, 1105, 3),
(1105, 1106, 3),
(1106, 1107, 3),
(1107, 1108, 3),
(1108, 1109, 3),
(1109, 1110, 3),
(1110, 1111, 3),
(1111, 1112, 3),
(1112, 1113, 3),
(1113, 1114, 3),
(1114, 1115, 3),
(1115, 1116, 3),
(1116, 1117, 3),
(1117, 1118, 3),
(1118, 1119, 3),
(1119, 1120, 3),
(1120, 1121, 3),
(1121, 1122, 3),
(1122, 1123, 3),
(1123, 1124, 3),
(1124, 1125, 3),
(1125, 1126, 3),
(1126, 1127, 3),
(1127, 1128, 3),
(1128, 1129, 3),
(1129, 1130, 3),
(1130, 1131, 3),
(1131, 1132, 3),
(1132, 1133, 3),
(1133, 1134, 3),
(1134, 1135, 3),
(1135, 1136, 3),
(1136, 1137, 3),
(1137, 1138, 3),
(1138, 1139, 3),
(1139, 1140, 3),
(1140, 1141, 3),
(1141, 1142, 3),
(1142, 1143, 3),
(1143, 1144, 3),
(1144, 1145, 3),
(1145, 1146, 4),
(1146, 1147, 4),
(1147, 1148, 4),
(1148, 1149, 4),
(1149, 1150, 4),
(1150, 1151, 4),
(1151, 1152, 4),
(1152, 1153, 4),
(1153, 1154, 4),
(1154, 1155, 4),
(1155, 1156, 4),
(1156, 1157, 4),
(1157, 1158, 4),
(1158, 1159, 4),
(1159, 1160, 4),
(1160, 1161, 4),
(1161, 1162, 4),
(1162, 1163, 4),
(1163, 1164, 4),
(1164, 1165, 4),
(1165, 1166, 4),
(1166, 1167, 4),
(1167, 1168, 4),
(1168, 1169, 4),
(1169, 1170, 4),
(1170, 1171, 4),
(1171, 1172, 4),
(1172, 1173, 4),
(1173, 1174, 4),
(1174, 1175, 4),
(1175, 1176, 4),
(1176, 1177, 4),
(1177, 1178, 4),
(1178, 1179, 4),
(1179, 1180, 4),
(1180, 1181, 4),
(1181, 1182, 4),
(1182, 1183, 4),
(1183, 1184, 4),
(1184, 1185, 4),
(1185, 1186, 4),
(1186, 1187, 4),
(1187, 1188, 4),
(1188, 1189, 4),
(1189, 1190, 4),
(1190, 1191, 4),
(1191, 1192, 4),
(1192, 1193, 4),
(1193, 1194, 4),
(1194, 1195, 4),
(1195, 1196, 4),
(1196, 1197, 4),
(1197, 1198, 4),
(1198, 1199, 4),
(1199, 1200, 4),
(1200, 1201, 4),
(1201, 1202, 4),
(1202, 1203, 4),
(1203, 1204, 4),
(1204, 1205, 4),
(1205, 1206, 4),
(1206, 1207, 4),
(1207, 1208, 4),
(1208, 1209, 4),
(1209, 1210, 4),
(1210, 1211, 4),
(1211, 1212, 4),
(1212, 1213, 4),
(1213, 1214, 4),
(1214, 1215, 4),
(1215, 1216, 4),
(1216, 1217, 4),
(1217, 1218, 4),
(1218, 1219, 4),
(1219, 1220, 4),
(1220, 1221, 4),
(1221, 1222, 4),
(1222, 1223, 4),
(1223, 1224, 4),
(1224, 1225, 4),
(1225, 1226, 4),
(1226, 1227, 4),
(1227, 1228, 4),
(1228, 1229, 4),
(1229, 1230, 4),
(1230, 1231, 4),
(1231, 1232, 4),
(1232, 1233, 4),
(1233, 1234, 4),
(1234, 1235, 4),
(1235, 1236, 4),
(1236, 1237, 4),
(1237, 1238, 4),
(1238, 1239, 4),
(1239, 1240, 4),
(1240, 1241, 4),
(1241, 1242, 4),
(1242, 1243, 4),
(1243, 1244, 4),
(1244, 1245, 4),
(1245, 1246, 4),
(1246, 1247, 4),
(1247, 1248, 4),
(1248, 1249, 4),
(1249, 1250, 4),
(1250, 1251, 4),
(1251, 1252, 4),
(1252, 1253, 4),
(1253, 1254, 4),
(1254, 1255, 4),
(1255, 1256, 4),
(1256, 1257, 4),
(1257, 1258, 4),
(1258, 1259, 4),
(1259, 1260, 4),
(1260, 1261, 4),
(1261, 1262, 4),
(1262, 1263, 4),
(1263, 1264, 4),
(1264, 1265, 4),
(1265, 1266, 4),
(1266, 1267, 4),
(1267, 1268, 4),
(1268, 1269, 4),
(1269, 1270, 4),
(1270, 1271, 4),
(1271, 1272, 4),
(1272, 1273, 4),
(1273, 1274, 4),
(1274, 1275, 4),
(1275, 1276, 4),
(1276, 1277, 4),
(1277, 1278, 4),
(1278, 1279, 4),
(1279, 1280, 4),
(1280, 1281, 4),
(1281, 1282, 4),
(1282, 1283, 4),
(1283, 1284, 4),
(1284, 1285, 4),
(1285, 1286, 4),
(1286, 1287, 4),
(1287, 1288, 4),
(1288, 1289, 4),
(1289, 1290, 4),
(1290, 1291, 4),
(1291, 1292, 4),
(1292, 1293, 4),
(1293, 1294, 4),
(1294, 1295, 4),
(1295, 1296, 4),
(1296, 1297, 4),
(1297, 1298, 4),
(1298, 1299, 4),
(1299, 1300, 4),
(1300, 1301, 4),
(1301, 1302, 4),
(1302, 1303, 4),
(1303, 1304, 4),
(1304, 1305, 4),
(1305, 1306, 4),
(1306, 1307, 4),
(1307, 1308, 4),
(1308, 1309, 4),
(1309, 1310, 4),
(1310, 1311, 4),
(1311, 1312, 4),
(1312, 1313, 4);

--
-- Indexes for dumped tables
--

--
-- Indexes for table `classes`
--
ALTER TABLE `classes`
  ADD PRIMARY KEY (`id`);

--
-- Indexes for table `courses`
--
ALTER TABLE `courses`
  ADD PRIMARY KEY (`id`);

--
-- Indexes for table `courses_teachers`
--
ALTER TABLE `courses_teachers`
  ADD PRIMARY KEY (`id`),
  ADD KEY `fk_courses_teachers_courses1_idx` (`courses_id`),
  ADD KEY `fk_courses_teachers_teachers1_idx` (`teachers_users_id`);

--
-- Indexes for table `course_training_goal`
--
ALTER TABLE `course_training_goal`
  ADD PRIMARY KEY (`id`),
  ADD KEY `fk_course_training_goal_courses1_idx` (`courses_id`);

--
-- Indexes for table `evaluation`
--
ALTER TABLE `evaluation`
  ADD PRIMARY KEY (`id`),
  ADD KEY `fk_evaluation_courses1_idx` (`courses_id`),
  ADD KEY `fk_evaluation_evaluation_index1_idx` (`evaluation_indexs_id`),
  ADD KEY `fk_evaluation_evaluation_detail1_idx` (`evaluation_details_id`),
  ADD KEY `fk_evaluation_scores1_idx` (`scores_id`),
  ADD KEY `fk_evaluation_teachers1_idx` (`teachers_users_id`),
  ADD KEY `fk_evaluation_students1_idx` (`students_users_id`);

--
-- Indexes for table `evaluation_details`
--
ALTER TABLE `evaluation_details`
  ADD PRIMARY KEY (`id`),
  ADD KEY `fk_evaluation_detail_evaluation_index1_idx` (`evaluation_indexs_id`);

--
-- Indexes for table `evaluation_indexs`
--
ALTER TABLE `evaluation_indexs`
  ADD PRIMARY KEY (`id`),
  ADD KEY `fk_evaluation_index_courses1_idx` (`courses_id`);

--
-- Indexes for table `grades`
--
ALTER TABLE `grades`
  ADD PRIMARY KEY (`id`);

--
-- Indexes for table `groups`
--
ALTER TABLE `groups`
  ADD PRIMARY KEY (`id`);

--
-- Indexes for table `login_attempts`
--
ALTER TABLE `login_attempts`
  ADD PRIMARY KEY (`id`);

--
-- Indexes for table `parents`
--
ALTER TABLE `parents`
  ADD PRIMARY KEY (`users_id`),
  ADD KEY `fk_parents_ users1_idx` (`users_id`);

--
-- Indexes for table `scores`
--
ALTER TABLE `scores`
  ADD PRIMARY KEY (`id`);

--
-- Indexes for table `students`
--
ALTER TABLE `students`
  ADD PRIMARY KEY (`users_id`),
  ADD KEY `fk_students_ users1_idx` (`users_id`),
  ADD KEY `fk_students_classes1_idx` (`classes_id`),
  ADD KEY `fk_students_parents1_idx` (`parents_users_id`);

--
-- Indexes for table `teachers`
--
ALTER TABLE `teachers`
  ADD PRIMARY KEY (`users_id`),
  ADD KEY `fk_teachers_ users1_idx` (`users_id`);

--
-- Indexes for table `users`
--
ALTER TABLE `users`
  ADD PRIMARY KEY (`id`),
  ADD UNIQUE KEY `id_UNIQUE` (`id`);

--
-- Indexes for table `users_groups`
--
ALTER TABLE `users_groups`
  ADD PRIMARY KEY (`id`),
  ADD KEY `fk_users_groups_ users_idx` (`user_id`),
  ADD KEY `fk_users_groups_groups1_idx` (`group_id`);

--
-- AUTO_INCREMENT for dumped tables
--

--
-- AUTO_INCREMENT for table `classes`
--
ALTER TABLE `classes`
  MODIFY `id` int(11) NOT NULL AUTO_INCREMENT,AUTO_INCREMENT=25;
--
-- AUTO_INCREMENT for table `courses`
--
ALTER TABLE `courses`
  MODIFY `id` int(11) NOT NULL AUTO_INCREMENT,AUTO_INCREMENT=11;
--
-- AUTO_INCREMENT for table `courses_teachers`
--
ALTER TABLE `courses_teachers`
  MODIFY `id` int(11) NOT NULL AUTO_INCREMENT,AUTO_INCREMENT=3;
--
-- AUTO_INCREMENT for table `course_training_goal`
--
ALTER TABLE `course_training_goal`
  MODIFY `id` int(11) NOT NULL AUTO_INCREMENT;
--
-- AUTO_INCREMENT for table `evaluation`
--
ALTER TABLE `evaluation`
  MODIFY `id` int(11) NOT NULL AUTO_INCREMENT,AUTO_INCREMENT=39;
--
-- AUTO_INCREMENT for table `evaluation_details`
--
ALTER TABLE `evaluation_details`
  MODIFY `id` int(11) NOT NULL AUTO_INCREMENT,AUTO_INCREMENT=116;
--
-- AUTO_INCREMENT for table `evaluation_indexs`
--
ALTER TABLE `evaluation_indexs`
  MODIFY `id` int(11) NOT NULL AUTO_INCREMENT,AUTO_INCREMENT=36;
--
-- AUTO_INCREMENT for table `grades`
--
ALTER TABLE `grades`
  MODIFY `id` int(11) NOT NULL AUTO_INCREMENT,AUTO_INCREMENT=7;
--
-- AUTO_INCREMENT for table `groups`
--
ALTER TABLE `groups`
  MODIFY `id` mediumint(8) unsigned NOT NULL AUTO_INCREMENT,AUTO_INCREMENT=6;
--
-- AUTO_INCREMENT for table `login_attempts`
--
ALTER TABLE `login_attempts`
  MODIFY `id` int(11) NOT NULL AUTO_INCREMENT;
--
-- AUTO_INCREMENT for table `scores`
--
ALTER TABLE `scores`
  MODIFY `id` int(11) NOT NULL AUTO_INCREMENT,AUTO_INCREMENT=4;
--
-- AUTO_INCREMENT for table `users`
--
ALTER TABLE `users`
  MODIFY `id` int(10) unsigned NOT NULL AUTO_INCREMENT,AUTO_INCREMENT=1314;
--
-- AUTO_INCREMENT for table `users_groups`
--
ALTER TABLE `users_groups`
  MODIFY `id` int(11) unsigned NOT NULL AUTO_INCREMENT,AUTO_INCREMENT=1313;
--
-- 限制导出的表
--

--
-- 限制表 `courses_teachers`
--
ALTER TABLE `courses_teachers`
  ADD CONSTRAINT `fk_courses_teachers_courses1` FOREIGN KEY (`courses_id`) REFERENCES `courses` (`id`) ON DELETE NO ACTION ON UPDATE NO ACTION,
  ADD CONSTRAINT `fk_courses_teachers_teachers1` FOREIGN KEY (`teachers_users_id`) REFERENCES `teachers` (`users_id`) ON DELETE NO ACTION ON UPDATE NO ACTION;

--
-- 限制表 `course_training_goal`
--
ALTER TABLE `course_training_goal`
  ADD CONSTRAINT `fk_course_training_goal_courses1` FOREIGN KEY (`courses_id`) REFERENCES `courses` (`id`) ON DELETE NO ACTION ON UPDATE NO ACTION;

--
-- 限制表 `evaluation`
--
ALTER TABLE `evaluation`
  ADD CONSTRAINT `fk_evaluation_courses1` FOREIGN KEY (`courses_id`) REFERENCES `courses` (`id`) ON DELETE NO ACTION ON UPDATE NO ACTION,
  ADD CONSTRAINT `fk_evaluation_evaluation_detail1` FOREIGN KEY (`evaluation_details_id`) REFERENCES `evaluation_details` (`id`) ON DELETE NO ACTION ON UPDATE NO ACTION,
  ADD CONSTRAINT `fk_evaluation_evaluation_index1` FOREIGN KEY (`evaluation_indexs_id`) REFERENCES `evaluation_indexs` (`id`) ON DELETE NO ACTION ON UPDATE NO ACTION,
  ADD CONSTRAINT `fk_evaluation_scores1` FOREIGN KEY (`scores_id`) REFERENCES `scores` (`id`) ON DELETE NO ACTION ON UPDATE NO ACTION,
  ADD CONSTRAINT `fk_evaluation_students1` FOREIGN KEY (`students_users_id`) REFERENCES `students` (`users_id`) ON DELETE NO ACTION ON UPDATE NO ACTION,
  ADD CONSTRAINT `fk_evaluation_teachers1` FOREIGN KEY (`teachers_users_id`) REFERENCES `teachers` (`users_id`) ON DELETE NO ACTION ON UPDATE NO ACTION;

--
-- 限制表 `evaluation_details`
--
ALTER TABLE `evaluation_details`
  ADD CONSTRAINT `fk_evaluation_detail_evaluation_index1` FOREIGN KEY (`evaluation_indexs_id`) REFERENCES `evaluation_indexs` (`id`) ON DELETE NO ACTION ON UPDATE NO ACTION;

--
-- 限制表 `evaluation_indexs`
--
ALTER TABLE `evaluation_indexs`
  ADD CONSTRAINT `fk_evaluation_index_courses1` FOREIGN KEY (`courses_id`) REFERENCES `courses` (`id`) ON DELETE NO ACTION ON UPDATE NO ACTION;

--
-- 限制表 `parents`
--
ALTER TABLE `parents`
  ADD CONSTRAINT `fk_parents_users1` FOREIGN KEY (`users_id`) REFERENCES `users` (`id`) ON DELETE NO ACTION ON UPDATE NO ACTION;

--
-- 限制表 `students`
--
ALTER TABLE `students`
  ADD CONSTRAINT `fk_students_classes1` FOREIGN KEY (`classes_id`) REFERENCES `classes` (`id`) ON DELETE NO ACTION ON UPDATE NO ACTION,
  ADD CONSTRAINT `fk_students_parents1` FOREIGN KEY (`parents_users_id`) REFERENCES `parents` (`users_id`) ON DELETE NO ACTION ON UPDATE NO ACTION,
  ADD CONSTRAINT `fk_students_users1` FOREIGN KEY (`users_id`) REFERENCES `users` (`id`) ON DELETE NO ACTION ON UPDATE NO ACTION;

--
-- 限制表 `teachers`
--
ALTER TABLE `teachers`
  ADD CONSTRAINT `fk_teachers_users1` FOREIGN KEY (`users_id`) REFERENCES `users` (`id`) ON DELETE NO ACTION ON UPDATE NO ACTION;

--
-- 限制表 `users_groups`
--
ALTER TABLE `users_groups`
  ADD CONSTRAINT `fk_users_groups_groups1` FOREIGN KEY (`group_id`) REFERENCES `groups` (`id`) ON DELETE NO ACTION ON UPDATE NO ACTION,
  ADD CONSTRAINT `fk_users_groups_users` FOREIGN KEY (`user_id`) REFERENCES `users` (`id`) ON DELETE NO ACTION ON UPDATE NO ACTION;

/*!40101 SET CHARACTER_SET_CLIENT=@OLD_CHARACTER_SET_CLIENT */;
/*!40101 SET CHARACTER_SET_RESULTS=@OLD_CHARACTER_SET_RESULTS */;
/*!40101 SET COLLATION_CONNECTION=@OLD_COLLATION_CONNECTION */;
